shot_index,master_seed,d3_r12_bare_physical,d3_r12_repetition_code,d3_r12_surface_code,d5_r20_bare_physical,d5_r20_repetition_code,d5_r20_surface_code,d7_r28_bare_physical,d7_r28_repetition_code,d7_r28_surface_code
0,1823,0,0,0,0,0,0,0,0,0
1,1823,0,0,0,0,0,0,0,0,0
2,1823,0,0,0,0,0,0,0,0,0
3,1823,0,0,0,0,0,0,0,0,0
4,1823,0,0,0,0,0,0,0,0,0
5,1823,0,0,0,0,0,0,0,0,0
6,1823,0,0,0,0,0,0,0,0,0
7,1823,0,0,0,0,0,0,0,0,0
8,1823,0,0,0,0,0,0,0,0,0
9,1823,0,0,0,0,0,0,0,0,0
10,1823,0,0,0,0,0,0,0,0,0
11,1823,0,0,0,0,0,0,0,0,0
12,1823,0,0,0,0,0,0,0,0,0
13,1823,0,0,0,0,0,0,0,0,0
14,1823,0,0,0,0,0,0,0,0,0
15,1823,0,0,0,0,0,0,0,0,0
16,1823,0,0,0,0,0,0,0,0,0
17,1823,0,0,0,0,0,0,0,0,0
18,1823,0,0,0,0,0,0,0,0,0
19,1823,0,0,0,0,0,0,0,0,0
20,1823,0,0,0,0,0,0,0,0,0
21,1823,0,0,0,0,0,0,0,0,0
22,1823,0,0,0,0,0,0,0,0,0
23,1823,0,0,0,0,0,0,0,0,0
24,1823,0,0,0,0,0,0,0,0,0
25,1823,0,0,0,0,0,0,0,0,0
26,1823,0,0,0,0,0,0,0,0,0
27,1823,0,0,0,0,0,0,0,0,0
28,1823,0,0,0,0,0,0,1,0,0
29,1823,0,0,0,1,0,0,0,0,0
30,1823,0,0,0,0,0,0,0,0,0
31,1823,0,0,0,0,0,0,0,0,0
32,1823,0,0,0,0,0,0,0,0,0
33,1823,0,0,0,0,0,0,0,0,0
34,1823,0,0,0,0,0,0,0,0,0
35,1823,0,0,0,0,0,0,0,0,0
36,1823,0,0,1,0,0,0,0,0,0
37,1823,0,0,0,0,0,0,0,0,0
38,1823,0,0,0,0,0,0,0,0,0
39,1823,0,0,0,0,0,0,0,0,0
40,1823,0,0,0,0,0,0,0,0,0
41,1823,0,0,0,0,0,0,0,0,0
42,1823,0,0,0,0,0,0,0,0,0
43,1823,0,0,0,0,0,0,1,0,0
44,1823,0,0,0,0,0,0,0,0,0
45,1823,0,0,0,0,0,0,0,0,0
46,1823,0,0,0,0,0,0,0,0,0
47,1823,0,0,0,0,0,0,0,0,0
48,1823,1,0,0,0,0,0,0,0,0
49,1823,0,0,0,1,0,0,0,0,0
50,1823,0,0,0,0,0,0,0,0,0
51,1823,0,0,0,0,0,0,0,0,0
52,1823,0,0,0,0,0,0,0,0,0
53,1823,0,0,0,0,0,0,0,0,0
54,1823,0,0,0,0,0,0,0,0,0
55,1823,0,0,0,0,0,0,0,0,0
56,1823,0,0,0,0,0,0,0,0,0
57,1823,0,0,0,0,0,0,0,0,0
58,1823,0,0,0,0,0,0,0,0,0
59,1823,0,0,0,0,0,0,0,0,0
60,1823,0,0,0,0,0,0,0,0,0
61,1823,0,0,0,0,0,0,0,0,0
62,1823,0,0,0,0,0,0,0,0,0
63,1823,0,0,0,0,0,0,0,0,0
64,1823,0,0,0,0,0,0,0,0,0
65,1823,0,0,0,0,0,0,0,0,0
66,1823,0,0,0,0,0,0,0,0,0
67,1823,0,0,0,0,0,0,0,0,0
68,1823,0,0,0,0,0,0,0,0,0
69,1823,0,0,0,0,0,0,0,0,0
70,1823,0,0,0,0,0,0,0,0,0
71,1823,0,0,0,0,0,0,0,0,0
72,1823,0,0,0,0,0,0,0,0,0
73,1823,0,0,0,0,0,0,0,0,0
74,1823,0,0,0,0,0,0,0,0,0
75,1823,0,0,0,0,0,0,0,0,0
76,1823,0,0,0,0,0,0,0,0,0
77,1823,0,0,0,0,0,0,0,0,0
78,1823,0,0,0,0,0,0,0,0,0
79,1823,0,0,0,0,0,0,0,0,0
80,1823,0,0,0,0,0,0,0,0,0
81,1823,0,0,0,0,0,0,0,0,0
82,1823,0,0,0,0,0,0,0,0,0
83,1823,0,0,0,0,0,0,0,0,0
84,1823,0,0,0,0,0,0,0,0,0
85,1823,0,0,0,0,0,0,0,0,0
86,1823,0,0,0,0,0,0,0,0,0
87,1823,0,0,0,0,0,0,0,0,0
88,1823,0,0,0,0,0,0,0,0,0
89,1823,0,0,0,0,0,0,0,0,0
90,1823,0,0,0,0,0,0,0,0,0
91,1823,0,0,0,0,0,0,0,0,0
92,1823,0,0,0,0,0,0,0,0,0
93,1823,0,0,0,0,0,0,0,0,0
94,1823,0,0,0,0,0,0,0,0,0
95,1823,0,0,0,0,0,0,0,0,0
96,1823,0,0,0,0,0,0,0,0,0
97,1823,0,0,0,0,0,0,0,0,0
98,1823,0,0,0,0,0,0,0,0,0
99,1823,0,0,0,0,0,0,0,0,0
100,1823,0,0,0,1,0,0,0,0,0
101,1823,0,0,0,0,0,0,0,0,0
102,1823,0,0,0,0,0,1,0,0,0
103,1823,0,0,0,0,0,0,0,0,0
104,1823,0,0,0,0,0,0,0,0,0
105,1823,0,0,0,0,0,0,0,0,0
106,1823,0,0,0,0,0,0,0,0,0
107,1823,0,0,0,0,0,0,0,0,0
108,1823,0,0,0,0,0,0,0,0,0
109,1823,0,0,0,0,0,0,0,0,0
110,1823,0,0,0,0,0,0,0,0,0
111,1823,0,0,0,0,0,0,0,0,0
112,1823,0,0,0,0,0,0,1,0,0
113,1823,0,0,0,0,0,0,0,0,0
114,1823,0,0,0,0,0,0,0,0,0
115,1823,0,0,0,0,0,0,0,0,0
116,1823,0,0,0,0,0,0,0,0,0
117,1823,0,0,0,0,0,0,0,0,0
118,1823,0,0,1,0,0,0,0,0,0
119,1823,0,0,0,0,0,0,0,0,0
120,1823,0,0,0,0,0,0,0,0,0
121,1823,0,0,0,0,0,0,0,0,0
122,1823,0,0,0,0,0,0,0,0,0
123,1823,0,0,0,0,0,0,0,0,0
124,1823,0,0,0,0,0,0,0,0,0
125,1823,0,0,0,0,0,0,0,0,0
126,1823,0,0,0,0,0,0,0,0,0
127,1823,0,0,0,0,0,0,0,0,0
128,1823,0,0,0,0,0,0,0,0,0
129,1823,0,0,0,0,0,0,0,0,0
130,1823,0,0,0,0,0,0,0,0,0
131,1823,0,0,0,0,0,0,0,0,0
132,1823,0,0,0,0,0,0,0,0,0
133,1823,0,0,0,0,0,0,0,0,0
134,1823,0,0,0,0,0,0,0,0,0
135,1823,0,0,0,0,0,0,0,0,0
136,1823,0,0,0,0,0,0,0,0,0
137,1823,0,0,0,0,0,0,0,0,0
138,1823,0,0,0,0,0,0,0,0,0
139,1823,0,0,0,0,0,0,0,0,0
140,1823,0,0,0,0,0,0,0,0,0
141,1823,0,0,0,0,0,0,0,0,0
142,1823,0,0,0,0,0,0,0,0,0
143,1823,0,0,0,0,0,0,0,0,0
144,1823,0,0,0,0,0,0,0,0,0
145,1823,0,0,0,0,0,0,0,0,0
146,1823,0,0,0,0,0,0,0,0,0
147,1823,0,0,0,0,0,0,0,0,0
148,1823,0,0,0,0,0,0,0,0,0
149,1823,0,0,0,0,0,0,0,0,0
150,1823,0,0,0,0,0,0,0,0,0
151,1823,0,0,0,0,0,0,0,0,0
152,1823,0,0,0,0,0,0,0,0,0
153,1823,0,0,0,0,0,0,0,0,0
154,1823,0,0,0,0,0,0,0,0,0
155,1823,0,0,0,0,0,0,0,0,0
156,1823,0,0,0,0,0,0,0,0,0
157,1823,0,0,0,0,0,0,0,0,0
158,1823,0,0,0,0,0,0,0,0,0
159,1823,0,0,0,0,0,0,0,0,0
160,1823,0,0,0,0,0,0,0,0,0
161,1823,0,0,0,0,0,0,0,0,0
162,1823,0,0,0,0,0,0,0,0,0
163,1823,0,0,0,0,0,0,0,0,0
164,1823,0,0,0,0,0,0,0,0,0
165,1823,0,0,0,0,0,0,0,0,0
166,1823,0,0,0,0,0,0,0,0,0
167,1823,0,0,0,0,0,0,0,0,0
168,1823,0,0,0,0,0,0,0,0,0
169,1823,0,0,0,0,0,0,0,0,0
170,1823,0,0,0,0,0,0,0,0,0
171,1823,0,0,0,0,0,0,0,0,0
172,1823,0,0,0,0,0,0,0,0,0
173,1823,0,0,0,0,0,0,0,0,0
174,1823,0,0,1,0,0,0,0,0,0
175,1823,0,0,0,0,0,0,0,0,0
176,1823,0,0,0,0,0,0,0,0,0
177,1823,0,0,0,0,0,0,0,0,0
178,1823,0,0,0,0,0,0,0,0,0
179,1823,0,0,0,0,0,0,0,0,0
180,1823,0,0,0,0,0,0,0,0,0
181,1823,0,0,0,0,0,0,0,0,0
182,1823,0,0,0,0,0,0,0,0,0
183,1823,0,0,0,0,0,0,0,0,0
184,1823,0,0,0,0,0,0,0,0,0
185,1823,0,0,0,0,0,0,0,0,0
186,1823,0,0,0,0,0,0,0,0,0
187,1823,0,0,0,0,0,0,0,0,0
188,1823,0,0,0,0,0,0,1,0,0
189,1823,0,0,0,0,0,0,0,0,0
190,1823,0,0,0,0,0,0,0,0,0
191,1823,0,0,0,0,0,0,0,0,0
192,1823,0,0,0,0,0,0,0,0,0
193,1823,0,0,0,0,0,0,0,0,0
194,1823,0,0,0,0,0,0,0,0,0
195,1823,0,0,0,0,0,0,1,0,0
196,1823,0,0,0,0,0,0,0,0,0
197,1823,0,0,0,0,0,1,0,0,0
198,1823,0,0,0,0,0,0,0,0,0
199,1823,0,0,0,0,0,0,0,0,0
200,1823,0,0,0,0,0,0,0,0,0
201,1823,0,0,0,0,0,0,0,0,0
202,1823,0,0,0,0,0,0,0,0,0
203,1823,0,0,0,1,0,0,0,0,0
204,1823,0,0,0,0,0,0,0,0,0
205,1823,0,0,0,0,0,0,0,0,0
206,1823,0,0,0,0,0,0,0,0,0
207,1823,0,0,0,0,0,0,0,0,0
208,1823,0,0,0,0,0,0,0,0,0
209,1823,0,0,0,0,0,0,0,0,0
210,1823,0,0,0,0,0,0,0,0,0
211,1823,0,0,0,0,0,0,1,0,0
212,1823,0,0,0,0,0,0,1,0,0
213,1823,0,0,0,0,0,0,0,0,0
214,1823,0,0,0,0,0,0,0,0,0
215,1823,0,0,0,0,0,0,0,0,0
216,1823,0,0,0,1,0,0,0,0,0
217,1823,0,0,0,0,0,0,0,0,0
218,1823,0,0,0,0,0,0,0,0,0
219,1823,0,0,0,0,0,0,0,0,0
220,1823,0,0,0,0,0,0,0,0,0
221,1823,0,0,0,0,0,0,0,0,0
222,1823,0,0,0,0,0,0,0,0,0
223,1823,0,0,0,0,0,0,0,0,0
224,1823,0,0,0,0,0,0,0,0,0
225,1823,0,0,1,0,0,0,0,0,0
226,1823,0,0,0,0,0,0,0,0,0
227,1823,0,0,0,0,0,0,0,0,0
228,1823,0,0,0,0,0,0,0,0,0
229,1823,0,0,0,0,0,0,0,0,0
230,1823,0,0,0,0,0,0,0,0,0
231,1823,0,0,0,0,0,0,0,0,0
232,1823,0,0,0,0,0,0,1,0,0
233,1823,0,0,0,0,0,0,0,0,0
234,1823,0,0,0,0,0,0,0,0,0
235,1823,0,0,0,0,0,0,0,0,0
236,1823,0,0,0,0,0,0,0,0,0
237,1823,0,0,0,0,0,0,0,0,0
238,1823,0,0,0,0,0,0,0,0,0
239,1823,0,0,0,0,0,0,0,0,0
240,1823,0,0,0,0,0,0,0,0,0
241,1823,0,0,0,0,0,0,0,0,0
242,1823,0,0,0,0,0,0,1,0,0
243,1823,0,0,0,0,0,0,0,0,0
244,1823,0,0,0,0,0,0,0,0,0
245,1823,0,0,0,0,0,0,0,0,0
246,1823,0,0,0,0,0,0,0,0,0
247,1823,0,0,0,0,0,0,0,0,0
248,1823,0,0,0,0,0,0,0,0,0
249,1823,0,0,0,0,0,0,0,0,0
250,1823,0,0,0,0,0,0,0,0,0
251,1823,0,0,0,0,0,0,0,0,0
252,1823,0,0,0,0,0,0,0,0,0
253,1823,0,0,0,0,0,0,0,0,0
254,1823,0,0,0,0,0,0,0,0,0
255,1823,0,0,0,0,0,0,0,0,0
256,1823,0,0,0,0,0,0,0,0,0
257,1823,0,0,0,0,0,0,0,0,0
258,1823,0,0,0,0,0,0,0,0,0
259,1823,0,0,0,0,0,0,0,0,0
260,1823,0,0,0,0,0,0,0,0,0
261,1823,0,0,0,0,0,0,0,0,0
262,1823,0,0,0,0,0,0,0,0,0
263,1823,0,0,0,0,0,0,0,0,0
264,1823,0,0,0,0,0,0,0,0,0
265,1823,0,0,0,0,0,0,0,0,0
266,1823,0,0,0,0,0,0,0,0,0
267,1823,0,0,0,0,0,0,0,0,0
268,1823,0,0,0,0,0,0,0,0,0
269,1823,0,0,0,0,0,0,0,0,0
270,1823,0,0,0,0,0,0,0,0,0
271,1823,0,0,0,0,0,0,0,0,0
272,1823,0,0,0,0,0,0,0,0,0
273,1823,0,0,0,0,0,0,0,0,0
274,1823,0,0,0,0,0,0,0,0,0
275,1823,0,0,0,0,0,0,0,0,0
276,1823,0,0,0,0,0,0,0,0,0
277,1823,0,0,0,0,0,0,0,0,0
278,1823,0,0,0,0,0,0,0,0,0
279,1823,0,0,0,0,0,0,0,0,0
280,1823,0,0,0,0,0,0,0,0,0
281,1823,0,0,0,1,0,0,1,0,0
282,1823,0,0,0,0,0,0,0,0,0
283,1823,0,0,0,0,0,0,0,0,0
284,1823,0,0,0,0,0,0,0,0,0
285,1823,0,0,0,0,0,0,0,0,0
286,1823,0,0,0,0,0,0,0,0,0
287,1823,0,0,0,0,0,0,0,0,0
288,1823,0,0,0,0,0,0,0,0,0
289,1823,0,0,0,0,0,0,0,0,0
290,1823,0,0,0,0,0,0,0,0,0
291,1823,0,0,0,0,0,0,0,0,0
292,1823,0,0,0,0,0,0,0,0,0
293,1823,0,0,0,1,0,0,0,0,0
294,1823,0,0,0,0,0,0,0,0,0
295,1823,0,0,0,0,0,0,0,0,0
296,1823,0,0,0,0,0,0,0,0,0
297,1823,0,0,0,0,0,0,0,0,0
298,1823,0,0,0,0,0,0,0,0,0
299,1823,0,0,0,0,0,0,0,0,0
300,1823,0,0,0,0,0,0,0,0,0
301,1823,0,0,0,0,0,0,0,0,0
302,1823,0,0,0,0,0,0,0,0,0
303,1823,0,0,0,0,0,0,0,0,0
304,1823,0,0,0,0,0,0,1,0,0
305,1823,0,0,0,0,0,0,0,0,0
306,1823,0,0,0,0,0,0,0,0,0
307,1823,0,0,0,0,0,0,0,0,0
308,1823,0,0,1,0,0,0,0,0,0
309,1823,0,0,0,0,0,0,0,0,0
310,1823,0,0,0,0,0,0,0,0,0
311,1823,0,0,0,0,0,0,0,0,0
312,1823,0,0,0,0,0,0,0,0,0
313,1823,0,0,0,0,0,0,0,0,0
314,1823,0,0,0,0,0,0,0,0,0
315,1823,0,0,0,0,0,0,0,0,0
316,1823,0,0,0,0,0,0,0,0,0
317,1823,0,0,0,0,0,0,0,0,0
318,1823,0,0,0,0,0,0,0,0,0
319,1823,0,0,0,0,0,0,0,0,0
320,1823,0,0,0,0,0,0,1,0,0
321,1823,0,0,0,0,0,0,0,0,0
322,1823,0,0,0,0,0,0,0,0,0
323,1823,0,0,0,0,0,0,0,0,0
324,1823,0,0,0,0,0,0,0,0,0
325,1823,0,0,0,0,0,0,0,0,0
326,1823,0,0,0,0,0,0,0,0,0
327,1823,0,0,0,0,0,0,0,0,0
328,1823,0,0,0,0,0,0,0,0,0
329,1823,0,0,0,0,0,0,0,0,0
330,1823,0,0,0,0,0,0,0,0,0
331,1823,0,0,0,0,0,0,0,0,0
332,1823,0,0,0,0,0,0,0,0,0
333,1823,0,0,0,0,0,0,1,0,0
334,1823,0,0,0,0,0,0,0,0,0
335,1823,0,0,1,0,0,0,0,0,0
336,1823,0,0,0,0,0,0,0,0,0
337,1823,0,0,0,0,0,0,0,0,0
338,1823,0,0,0,0,0,0,0,0,0
339,1823,0,1,0,0,0,0,0,0,0
340,1823,0,0,0,0,0,0,0,0,0
341,1823,0,0,0,0,0,0,0,0,0
342,1823,0,0,0,0,0,0,0,0,0
343,1823,0,0,0,0,0,0,0,0,0
344,1823,0,0,0,0,0,0,0,0,0
345,1823,0,0,0,0,0,0,0,0,0
346,1823,0,0,0,0,0,0,0,0,0
347,1823,0,0,0,0,0,0,0,0,0
348,1823,0,0,0,0,0,0,0,0,0
349,1823,0,0,0,1,0,0,0,0,0
350,1823,0,0,0,0,0,0,0,0,0
351,1823,0,0,0,0,0,0,0,0,0
352,1823,0,0,0,0,0,0,0,0,0
353,1823,0,0,0,0,0,0,0,0,0
354,1823,0,0,0,0,0,0,0,0,0
355,1823,0,0,0,0,0,0,0,0,0
356,1823,0,0,0,0,0,0,0,0,0
357,1823,0,0,1,0,0,0,0,0,0
358,1823,0,0,0,0,0,0,0,0,0
359,1823,0,0,0,0,0,0,0,0,0
360,1823,0,0,0,0,0,0,0,0,0
361,1823,0,0,0,0,0,0,0,0,0
362,1823,0,0,0,0,0,0,0,0,0
363,1823,0,0,0,0,0,0,0,0,0
364,1823,0,0,0,0,0,0,0,0,0
365,1823,0,0,0,0,0,0,0,0,0
366,1823,0,0,0,0,0,0,0,0,0
367,1823,0,0,0,0,0,0,0,0,0
368,1823,0,0,0,0,0,0,0,0,0
369,1823,0,0,0,0,0,0,0,0,0
370,1823,0,0,0,0,0,0,0,0,0
371,1823,0,0,0,1,0,0,0,0,0
372,1823,0,0,0,0,0,0,0,0,0
373,1823,0,0,0,0,0,0,0,0,0
374,1823,0,0,0,0,0,0,0,0,0
375,1823,0,0,0,0,0,0,0,0,0
376,1823,0,0,0,0,0,0,0,0,0
377,1823,0,0,0,0,0,0,0,0,0
378,1823,0,0,0,0,0,0,0,0,0
379,1823,0,0,0,0,0,0,0,0,0
380,1823,0,0,0,0,0,0,0,0,0
381,1823,1,0,0,0,0,0,0,0,0
382,1823,0,0,0,0,0,0,0,0,0
383,1823,0,0,0,0,0,0,0,0,0
384,1823,0,0,0,0,0,0,0,0,0
385,1823,0,0,0,0,0,0,0,0,0
386,1823,0,0,0,0,0,0,0,0,0
387,1823,0,0,0,0,0,0,0,0,0
388,1823,0,0,0,0,0,0,0,0,0
389,1823,0,0,0,0,0,0,0,0,0
390,1823,0,0,0,0,0,0,0,0,0
391,1823,0,0,0,0,0,0,0,0,0
392,1823,0,0,0,0,0,0,0,0,0
393,1823,0,0,0,0,0,0,0,0,0
394,1823,0,0,0,0,0,0,0,0,0
395,1823,0,0,0,0,0,0,0,0,0
396,1823,0,0,0,0,0,0,0,0,0
397,1823,0,0,0,0,0,0,0,0,0
398,1823,0,0,0,0,0,0,0,0,0
399,1823,0,0,0,0,0,0,0,0,0
400,1823,0,0,0,0,0,0,0,0,0
401,1823,0,0,0,0,0,0,0,0,0
402,1823,0,0,0,0,0,0,0,0,0
403,1823,0,0,0,0,0,0,0,0,0
404,1823,0,0,0,0,0,0,0,0,0
405,1823,0,0,0,0,0,0,0,0,0
406,1823,0,0,0,0,0,0,0,0,0
407,1823,0,0,0,0,0,0,0,0,0
408,1823,0,0,0,0,0,0,0,0,0
409,1823,0,0,0,0,0,0,0,0,0
410,1823,0,0,0,0,0,0,0,0,0
411,1823,0,0,0,0,0,0,0,0,0
412,1823,0,0,0,0,0,0,0,0,0
413,1823,0,0,0,0,0,0,0,0,0
414,1823,0,0,0,0,0,0,0,0,0
415,1823,0,0,0,0,0,0,0,0,0
416,1823,0,0,0,0,0,0,0,0,0
417,1823,0,0,0,0,0,0,0,0,0
418,1823,0,0,0,0,0,0,0,0,0
419,1823,0,0,0,0,0,0,0,0,0
420,1823,0,0,0,0,0,0,0,0,0
421,1823,0,0,0,0,0,0,0,0,0
422,1823,0,0,0,0,0,0,0,0,0
423,1823,0,0,0,0,0,0,0,0,0
424,1823,0,0,0,0,0,0,0,0,0
425,1823,0,0,0,0,0,0,0,0,0
426,1823,0,0,0,0,0,0,0,0,0
427,1823,0,0,0,0,0,0,0,0,0
428,1823,0,0,0,0,0,0,0,0,0
429,1823,0,0,0,0,0,0,0,0,0
430,1823,0,0,0,0,0,0,0,0,0
431,1823,0,0,0,0,0,0,0,0,0
432,1823,0,0,0,0,0,0,0,0,0
433,1823,0,0,0,0,0,0,1,0,0
434,1823,0,0,0,0,0,0,0,0,0
435,1823,0,0,0,0,0,0,0,0,0
436,1823,0,0,0,0,0,0,0,0,0
437,1823,0,0,0,0,0,0,0,0,0
438,1823,0,0,0,0,0,0,0,0,0
439,1823,0,0,0,0,0,0,0,0,0
440,1823,0,0,1,0,0,0,0,0,0
441,1823,0,0,0,0,0,0,0,0,0
442,1823,0,0,0,0,0,0,0,0,0
443,1823,0,0,0,0,0,0,0,0,0
444,1823,0,0,0,0,0,0,0,0,0
445,1823,0,0,0,0,0,0,0,0,0
446,1823,0,0,0,0,0,0,0,0,0
447,1823,0,0,0,0,0,0,0,0,0
448,1823,0,0,0,0,0,0,0,0,0
449,1823,0,0,0,0,0,0,0,0,0
450,1823,0,0,0,0,0,0,0,0,0
451,1823,0,0,0,0,0,0,0,0,0
452,1823,0,0,0,0,0,0,0,0,0
453,1823,0,0,0,0,0,0,0,0,0
454,1823,0,0,0,0,0,0,0,0,0
455,1823,0,0,0,0,0,0,0,0,0
456,1823,0,0,0,0,0,0,0,0,0
457,1823,0,0,0,0,0,0,0,0,0
458,1823,0,0,0,0,0,0,0,0,0
459,1823,0,0,0,0,0,0,0,0,0
460,1823,0,0,0,0,0,0,0,0,0
461,1823,0,0,0,0,0,0,0,0,0
462,1823,0,0,0,0,0,0,0,0,0
463,1823,0,0,0,0,0,0,0,0,0
464,1823,0,0,0,0,0,0,0,0,0
465,1823,0,0,0,0,0,0,0,0,0
466,1823,0,0,0,0,0,0,0,0,0
467,1823,0,0,0,0,0,0,0,0,0
468,1823,0,0,0,0,0,0,0,0,0
469,1823,0,0,0,0,0,0,0,0,0
470,1823,0,0,0,0,0,0,0,0,0
471,1823,0,0,0,0,0,0,0,0,0
472,1823,0,0,0,0,0,0,0,0,0
473,1823,0,0,0,0,0,0,0,0,0
474,1823,0,0,0,0,0,0,0,0,0
475,1823,0,0,0,0,0,0,0,0,0
476,1823,0,0,0,0,0,0,0,0,0
477,1823,0,0,0,0,0,0,0,0,0
478,1823,0,0,0,0,0,0,0,0,0
479,1823,0,0,0,0,0,0,0,0,0
480,1823,0,0,0,0,0,0,1,0,0
481,1823,0,0,0,0,0,0,0,0,0
482,1823,0,0,0,0,0,0,0,0,0
483,1823,0,0,0,0,0,0,0,0,0
484,1823,0,0,0,0,0,0,0,0,0
485,1823,0,0,0,0,0,0,0,0,0
486,1823,0,0,0,0,0,0,0,0,0
487,1823,0,0,0,0,0,0,0,0,0
488,1823,0,0,0,0,0,0,0,0,0
489,1823,0,0,0,0,0,0,0,0,0
490,1823,0,0,0,0,0,0,0,0,0
491,1823,0,0,0,0,0,0,0,0,0
492,1823,0,0,0,0,0,0,0,0,0
493,1823,0,0,0,0,0,0,0,0,0
494,1823,0,0,0,0,0,0,0,0,0
495,1823,0,0,0,0,0,0,0,0,0
496,1823,0,0,0,0,0,0,0,0,0
497,1823,0,0,0,0,0,0,0,0,0
498,1823,0,0,0,0,0,0,0,0,0
499,1823,0,0,0,0,0,0,0,0,0
500,1823,0,0,0,0,0,0,0,0,0
501,1823,0,0,0,0,0,0,0,0,0
502,1823,0,0,0,0,0,0,0,0,0
503,1823,0,0,0,0,0,0,0,0,0
504,1823,0,0,0,0,0,0,0,0,0
505,1823,0,0,0,0,0,0,0,0,0
506,1823,0,0,0,0,0,0,0,0,0
507,1823,0,0,0,0,0,0,0,0,0
508,1823,0,0,0,0,0,0,0,0,0
509,1823,0,0,0,0,0,0,0,0,0
510,1823,0,0,0,0,0,0,0,0,0
511,1823,0,0,0,0,0,0,0,0,0
512,1823,0,0,0,0,0,0,0,0,0
513,1823,0,0,0,0,0,0,0,0,0
514,1823,0,0,0,0,0,0,0,0,0
515,1823,0,0,0,0,0,0,0,0,0
516,1823,0,0,0,0,0,0,0,0,0
517,1823,0,0,0,0,0,0,0,0,0
518,1823,0,0,0,0,0,0,0,0,0
519,1823,0,0,0,0,0,0,0,0,0
520,1823,0,0,0,0,0,0,0,0,0
521,1823,0,0,0,0,0,0,0,0,0
522,1823,0,0,0,0,0,0,0,0,0
523,1823,0,0,0,0,0,0,0,0,0
524,1823,0,0,0,0,0,0,1,0,0
525,1823,0,0,0,0,0,0,0,0,0
526,1823,0,0,0,0,0,0,0,0,0
527,1823,0,0,0,0,0,0,0,0,0
528,1823,0,0,0,0,0,0,0,0,0
529,1823,0,0,0,0,0,0,0,0,0
530,1823,0,0,0,0,0,0,0,0,0
531,1823,0,0,0,0,0,0,0,0,0
532,1823,0,0,1,0,0,0,0,0,0
533,1823,0,0,0,0,0,0,0,0,0
534,1823,0,0,0,0,0,0,0,0,0
535,1823,0,0,1,0,0,0,0,0,0
536,1823,0,0,0,0,0,0,0,0,0
537,1823,0,0,0,0,0,0,0,0,0
538,1823,0,0,0,0,0,0,0,0,0
539,1823,0,0,0,0,0,0,0,0,0
540,1823,0,0,0,0,0,0,0,0,0
541,1823,0,0,0,0,0,0,0,0,0
542,1823,0,0,0,0,0,0,0,0,0
543,1823,0,0,0,0,0,0,0,0,0
544,1823,0,0,0,0,0,0,0,0,0
545,1823,0,0,0,1,0,0,0,0,0
546,1823,0,0,0,0,0,0,0,0,0
547,1823,0,0,0,0,0,0,0,0,0
548,1823,0,0,0,0,0,0,0,0,0
549,1823,0,0,0,0,0,0,0,0,0
550,1823,0,0,0,0,0,0,0,0,0
551,1823,0,0,0,0,0,0,0,0,0
552,1823,0,0,0,0,0,0,0,0,0
553,1823,0,0,0,0,0,0,0,0,0
554,1823,0,0,0,0,0,0,0,0,0
555,1823,0,0,0,0,0,0,0,0,0
556,1823,0,0,0,0,0,0,0,0,0
557,1823,0,0,0,0,0,0,0,0,0
558,1823,0,0,0,0,0,0,0,0,0
559,1823,0,0,0,0,0,0,0,0,0
560,1823,0,0,0,0,0,0,0,0,0
561,1823,0,0,0,0,0,0,0,0,0
562,1823,0,0,0,0,0,0,0,0,0
563,1823,0,0,0,0,0,0,0,0,0
564,1823,0,0,0,0,0,0,0,0,0
565,1823,0,0,0,0,0,0,0,0,0
566,1823,0,0,0,0,0,0,0,0,0
567,1823,0,1,0,0,0,0,0,0,0
568,1823,0,0,0,0,0,0,0,0,0
569,1823,0,0,0,0,0,0,1,0,0
570,1823,0,0,0,0,0,0,0,0,0
571,1823,0,0,0,0,0,0,0,0,0
572,1823,0,0,0,0,0,0,0,0,0
573,1823,0,0,0,1,0,0,0,0,0
574,1823,0,0,0,0,0,0,0,0,0
575,1823,0,0,0,0,0,0,0,0,0
576,1823,0,0,0,0,0,0,0,0,0
577,1823,0,0,0,0,0,0,0,0,0
578,1823,0,0,0,0,0,0,0,0,0
579,1823,0,0,0,1,0,0,0,0,0
580,1823,0,0,0,0,0,0,0,0,0
581,1823,0,0,0,0,0,0,0,0,0
582,1823,0,0,0,0,0,0,0,0,0
583,1823,0,0,0,0,0,0,0,0,0
584,1823,0,0,0,0,0,0,0,0,0
585,1823,0,0,0,0,0,0,0,0,0
586,1823,0,0,0,0,0,0,0,0,0
587,1823,0,0,0,0,0,0,0,0,0
588,1823,0,0,0,0,0,0,0,0,0
589,1823,0,0,0,0,0,0,0,0,0
590,1823,0,0,0,0,0,0,0,0,0
591,1823,0,0,0,1,0,0,0,0,0
592,1823,0,0,0,0,0,0,0,0,0
593,1823,0,0,0,0,0,0,0,0,0
594,1823,0,0,0,0,0,0,0,0,0
595,1823,0,0,0,0,0,0,0,0,0
596,1823,0,0,0,0,0,0,0,0,0
597,1823,0,0,0,0,0,0,0,0,0
598,1823,0,0,0,0,0,0,0,0,0
599,1823,0,0,0,0,0,0,0,0,0
600,1823,0,0,0,0,0,0,0,0,0
601,1823,0,0,0,0,0,0,0,0,0
602,1823,0,0,0,0,0,1,0,0,0
603,1823,0,0,0,0,0,0,0,0,0
604,1823,0,0,0,0,0,0,0,0,0
605,1823,0,0,0,0,0,0,0,0,0
606,1823,0,0,0,0,0,0,0,0,0
607,1823,0,0,0,0,0,0,0,0,0
608,1823,0,0,0,0,0,0,0,0,0
609,1823,0,0,0,0,0,0,0,0,0
610,1823,0,0,0,0,0,0,0,0,0
611,1823,0,0,0,0,0,0,0,0,0
612,1823,0,0,0,0,0,0,0,0,0
613,1823,0,0,0,0,0,0,0,0,0
614,1823,0,0,0,0,0,0,0,0,0
615,1823,0,0,0,0,0,0,0,0,0
616,1823,0,0,0,0,0,0,0,0,0
617,1823,0,0,0,0,0,0,0,0,0
618,1823,0,0,0,0,0,0,0,0,0
619,1823,0,0,0,0,0,0,0,0,0
620,1823,0,0,0,0,0,0,0,0,0
621,1823,0,0,0,1,0,1,0,0,0
622,1823,0,0,0,0,0,0,0,0,0
623,1823,0,0,0,0,0,0,0,0,0
624,1823,0,0,0,0,0,0,0,0,0
625,1823,0,0,0,0,0,0,0,0,0
626,1823,0,0,0,0,0,0,0,0,0
627,1823,0,0,0,0,0,0,0,0,0
628,1823,0,0,0,0,0,0,0,0,1
629,1823,0,0,0,0,0,0,1,0,0
630,1823,0,0,0,0,0,0,0,0,0
631,1823,0,0,0,0,0,0,0,0,0
632,1823,0,0,0,0,0,0,0,0,0
633,1823,0,0,0,0,0,0,0,0,0
634,1823,0,0,0,0,0,0,0,0,0
635,1823,0,0,0,0,0,0,0,0,0
636,1823,0,0,0,0,0,0,0,0,0
637,1823,0,0,0,0,0,0,0,0,0
638,1823,0,0,0,0,0,0,0,0,0
639,1823,0,0,0,0,0,0,0,0,0
640,1823,0,0,0,0,0,0,0,0,0
641,1823,0,0,0,0,0,0,0,0,0
642,1823,0,0,0,0,0,0,0,0,0
643,1823,0,0,0,0,0,0,1,0,0
644,1823,0,0,0,0,0,0,0,0,0
645,1823,0,0,0,0,0,0,0,0,0
646,1823,0,0,0,0,0,0,0,0,0
647,1823,0,0,0,0,0,0,0,0,0
648,1823,0,0,0,0,0,0,0,0,0
649,1823,0,0,0,0,0,0,0,0,0
650,1823,0,0,0,0,0,0,0,0,0
651,1823,0,0,0,0,0,0,0,0,0
652,1823,0,0,0,0,0,0,0,0,0
653,1823,0,0,0,0,0,0,0,0,0
654,1823,0,0,0,0,0,0,0,0,0
655,1823,0,0,0,0,0,0,0,0,0
656,1823,0,0,0,0,0,0,1,0,0
657,1823,0,0,0,0,0,0,0,0,0
658,1823,0,0,0,0,0,0,0,0,0
659,1823,0,0,0,0,0,0,0,0,0
660,1823,0,0,0,0,0,0,0,0,0
661,1823,0,0,0,0,0,0,0,0,0
662,1823,0,0,0,0,0,0,0,0,0
663,1823,0,0,0,0,0,0,0,0,0
664,1823,0,0,0,0,0,0,1,0,0
665,1823,0,0,0,0,0,0,0,0,0
666,1823,0,0,0,0,0,0,0,0,0
667,1823,0,0,0,0,0,0,0,0,0
668,1823,0,0,0,0,0,0,0,0,0
669,1823,0,0,0,0,0,0,0,0,0
670,1823,0,0,0,0,0,0,0,0,0
671,1823,0,0,0,0,0,0,0,0,0
672,1823,0,0,0,0,0,0,0,0,0
673,1823,0,0,0,0,0,0,0,0,0
674,1823,0,0,0,0,0,0,0,0,0
675,1823,0,0,0,0,0,0,0,0,0
676,1823,0,0,0,0,0,0,0,0,0
677,1823,0,0,0,0,0,0,0,0,0
678,1823,0,0,0,0,0,0,0,0,0
679,1823,0,0,0,0,0,0,0,0,0
680,1823,0,0,0,0,0,0,0,0,0
681,1823,0,0,0,0,0,0,0,0,0
682,1823,0,0,0,0,0,0,0,0,0
683,1823,0,0,0,0,0,0,0,0,0
684,1823,0,0,0,0,0,0,0,0,0
685,1823,0,0,0,0,0,0,0,0,0
686,1823,0,0,0,0,0,0,0,0,0
687,1823,0,0,0,0,0,0,0,0,0
688,1823,0,0,1,0,0,0,0,0,0
689,1823,0,0,0,0,0,0,0,0,0
690,1823,0,0,0,0,0,0,0,0,0
691,1823,0,0,0,0,0,0,0,0,0
692,1823,0,0,0,0,0,0,0,0,0
693,1823,0,0,0,0,0,0,0,0,0
694,1823,0,0,0,0,0,0,0,0,0
695,1823,0,0,0,0,0,0,0,0,0
696,1823,0,0,0,0,0,0,1,0,0
697,1823,0,0,0,0,0,0,0,0,0
698,1823,0,0,0,0,0,0,0,0,0
699,1823,0,0,1,0,0,0,0,0,0
700,1823,0,0,0,0,0,0,0,0,0
701,1823,0,0,0,0,0,0,0,0,0
702,1823,0,0,0,0,0,0,0,0,0
703,1823,0,0,0,0,0,0,0,0,0
704,1823,0,0,0,0,0,0,0,0,0
705,1823,0,0,1,0,0,0,0,0,0
706,1823,0,0,0,0,0,0,0,0,0
707,1823,0,0,1,0,0,0,0,0,0
708,1823,0,0,1,0,0,0,0,0,0
709,1823,0,0,0,0,0,0,0,0,0
710,1823,0,0,0,0,0,0,0,0,0
711,1823,0,0,0,0,0,0,0,0,0
712,1823,0,0,0,0,0,0,0,0,0
713,1823,0,0,0,1,0,0,0,0,0
714,1823,0,0,0,0,0,0,0,0,0
715,1823,0,0,0,0,0,0,0,0,0
716,1823,0,0,0,0,0,0,0,0,0
717,1823,0,0,0,1,0,0,0,0,0
718,1823,0,0,0,0,0,0,0,0,0
719,1823,0,0,0,0,0,0,0,0,0
720,1823,0,0,0,0,0,0,0,0,0
721,1823,0,0,0,0,0,0,0,0,0
722,1823,0,0,0,0,0,0,0,0,0
723,1823,0,0,0,0,0,0,0,0,0
724,1823,0,0,0,0,0,0,0,0,0
725,1823,0,0,1,0,0,0,0,0,0
726,1823,0,0,0,0,0,0,0,0,0
727,1823,0,0,0,0,0,0,0,0,0
728,1823,0,0,0,0,0,0,0,0,0
729,1823,0,0,0,0,0,0,0,0,0
730,1823,0,0,0,0,0,0,0,0,0
731,1823,0,0,0,0,0,0,0,0,0
732,1823,0,0,0,0,0,0,0,0,0
733,1823,0,0,0,0,0,0,0,0,0
734,1823,0,0,0,0,0,0,0,0,0
735,1823,0,0,0,0,0,0,0,0,0
736,1823,0,0,0,0,0,0,0,0,0
737,1823,0,0,0,0,0,0,0,0,0
738,1823,0,0,0,0,0,0,0,0,0
739,1823,0,0,0,0,0,0,0,0,0
740,1823,0,0,0,0,0,0,0,0,0
741,1823,0,0,0,0,0,0,0,0,0
742,1823,0,0,0,0,0,0,0,0,0
743,1823,0,0,0,0,0,0,0,0,0
744,1823,0,0,0,0,0,1,0,0,0
745,1823,0,0,0,0,0,0,0,0,0
746,1823,0,0,0,0,0,0,0,0,0
747,1823,0,0,0,0,0,0,0,0,0
748,1823,0,0,0,0,0,0,0,0,0
749,1823,0,0,0,1,0,0,0,0,0
750,1823,0,0,0,0,0,0,0,0,0
751,1823,0,0,0,0,0,0,0,0,0
752,1823,0,0,0,0,0,0,0,0,0
753,1823,0,0,0,0,0,0,0,0,0
754,1823,0,0,0,0,0,0,0,0,0
755,1823,0,0,0,0,0,0,0,0,0
756,1823,0,0,0,0,0,0,0,0,0
757,1823,0,0,0,0,0,0,0,0,0
758,1823,0,0,0,0,0,0,0,0,0
759,1823,0,0,0,0,0,0,0,0,0
760,1823,0,0,0,0,0,0,0,0,0
761,1823,0,0,0,0,0,0,0,0,0
762,1823,0,0,0,0,0,0,0,0,0
763,1823,0,0,0,0,0,0,0,0,0
764,1823,0,0,0,0,0,0,1,0,0
765,1823,0,0,0,0,0,0,0,0,0
766,1823,0,0,0,0,0,0,0,0,0
767,1823,0,0,0,0,0,0,0,0,0
768,1823,0,0,0,0,0,0,0,0,0
769,1823,0,0,0,0,0,0,0,0,0
770,1823,0,0,0,0,0,0,0,0,0
771,1823,0,0,0,1,0,0,0,0,0
772,1823,0,0,0,0,0,0,0,0,0
773,1823,0,0,0,0,0,0,0,0,0
774,1823,0,0,0,0,0,0,0,0,0
775,1823,0,0,0,0,0,0,0,0,0
776,1823,0,0,0,0,0,0,0,0,0
777,1823,0,0,0,0,0,0,0,0,0
778,1823,0,0,0,0,0,0,0,0,0
779,1823,0,0,0,0,0,0,0,0,0
780,1823,0,0,0,0,0,0,0,0,0
781,1823,0,0,0,0,0,0,0,0,0
782,1823,0,0,0,0,0,0,0,0,0
783,1823,0,0,0,0,0,0,0,0,0
784,1823,0,0,0,0,0,0,0,0,0
785,1823,0,0,0,0,0,0,0,0,0
786,1823,0,0,0,0,0,0,0,0,0
787,1823,0,0,0,0,0,0,0,0,0
788,1823,0,0,0,0,0,0,0,0,0
789,1823,0,0,0,0,0,0,0,0,0
790,1823,0,0,0,0,0,0,0,0,0
791,1823,0,0,0,0,0,0,0,0,0
792,1823,0,0,0,0,0,0,0,0,0
793,1823,0,0,0,0,0,0,0,0,0
794,1823,0,0,0,0,0,0,1,0,0
795,1823,0,0,0,1,0,0,0,0,0
796,1823,0,0,0,0,0,0,1,0,0
797,1823,0,0,0,0,0,0,0,0,0
798,1823,0,0,0,0,0,0,0,0,0
799,1823,0,0,0,0,0,0,0,0,0
800,1823,0,0,0,0,0,0,0,0,0
801,1823,0,0,0,0,0,0,0,0,0
802,1823,0,0,0,0,0,0,0,0,0
803,1823,0,0,0,1,0,0,0,0,0
804,1823,0,0,0,0,0,0,0,0,0
805,1823,0,0,0,0,0,0,0,0,0
806,1823,0,0,0,0,0,0,0,0,0
807,1823,0,0,0,0,0,0,0,0,0
808,1823,0,0,0,1,0,0,0,0,0
809,1823,0,0,0,0,0,0,0,0,0
810,1823,0,0,0,0,0,0,0,0,0
811,1823,0,0,0,0,0,0,0,0,0
812,1823,0,0,0,0,0,0,0,0,0
813,1823,0,0,0,0,0,0,0,0,0
814,1823,0,0,0,0,0,0,0,0,0
815,1823,0,0,0,0,0,0,0,0,0
816,1823,0,0,0,0,0,0,0,0,0
817,1823,0,0,0,0,0,0,0,0,0
818,1823,0,0,0,0,0,1,0,0,0
819,1823,0,0,0,0,0,0,0,0,0
820,1823,0,0,0,0,0,0,1,0,0
821,1823,0,0,0,0,0,0,0,0,0
822,1823,0,0,0,0,0,1,0,0,0
823,1823,0,0,0,0,0,0,0,0,0
824,1823,0,0,0,0,0,0,0,0,0
825,1823,0,0,0,0,0,0,0,0,0
826,1823,0,0,0,0,0,0,0,0,0
827,1823,0,0,0,0,0,0,0,0,0
828,1823,0,0,0,0,0,0,0,0,0
829,1823,0,0,0,0,0,0,0,0,0
830,1823,0,0,0,0,0,0,0,0,0
831,1823,0,0,0,0,0,0,0,0,0
832,1823,0,0,0,0,0,0,0,0,0
833,1823,0,0,0,0,0,0,0,0,0
834,1823,0,0,0,0,0,0,0,0,0
835,1823,0,0,0,0,0,0,0,0,0
836,1823,0,0,0,0,0,0,0,0,0
837,1823,0,0,0,0,0,0,0,0,0
838,1823,0,0,0,0,0,0,0,0,0
839,1823,0,0,0,0,0,0,0,0,0
840,1823,0,0,0,0,0,0,0,0,0
841,1823,0,0,0,0,0,0,0,0,0
842,1823,0,0,0,0,0,0,0,0,0
843,1823,0,0,0,0,0,0,0,0,0
844,1823,0,0,0,0,0,0,0,0,0
845,1823,0,0,0,0,0,0,0,0,0
846,1823,0,0,0,0,0,0,0,0,0
847,1823,0,0,0,0,0,0,0,0,0
848,1823,0,0,0,0,0,0,0,0,0
849,1823,0,0,0,0,0,0,0,0,0
850,1823,0,0,0,0,0,0,0,0,0
851,1823,0,0,0,0,0,0,0,0,0
852,1823,0,0,0,0,0,0,0,0,0
853,1823,0,0,0,0,0,0,0,0,0
854,1823,0,0,0,0,0,0,0,0,0
855,1823,0,0,0,1,0,0,0,0,0
856,1823,0,0,0,0,0,0,0,0,0
857,1823,0,0,0,0,0,0,0,0,0
858,1823,0,0,0,0,0,0,0,0,0
859,1823,0,0,0,0,0,0,0,0,0
860,1823,0,0,0,0,0,0,0,0,0
861,1823,0,0,0,0,0,0,0,0,0
862,1823,0,0,0,0,0,0,0,0,0
863,1823,0,0,0,0,0,0,0,0,0
864,1823,0,0,0,0,0,0,0,0,0
865,1823,0,0,0,0,0,0,0,0,0
866,1823,0,0,0,0,0,1,0,0,0
867,1823,0,0,0,0,0,0,0,0,0
868,1823,0,0,0,0,0,0,0,0,0
869,1823,0,0,0,0,0,0,0,0,0
870,1823,0,0,0,0,0,0,0,0,0
871,1823,0,0,0,0,0,0,0,0,0
872,1823,0,0,0,0,0,0,0,0,0
873,1823,0,0,0,0,0,0,0,0,0
874,1823,0,0,0,0,0,0,0,0,0
875,1823,0,0,0,0,0,0,0,0,0
876,1823,0,0,0,0,0,0,0,0,0
877,1823,0,0,0,0,0,0,0,0,0
878,1823,0,0,0,0,0,0,0,0,0
879,1823,0,0,0,0,0,0,0,0,0
880,1823,0,0,0,0,0,0,0,0,0
881,1823,0,0,0,0,0,0,0,0,0
882,1823,0,0,0,0,0,0,0,0,0
883,1823,0,0,0,0,0,0,0,0,0
884,1823,0,0,0,0,0,0,0,0,0
885,1823,0,0,0,0,0,0,0,0,0
886,1823,0,0,0,0,0,0,0,0,0
887,1823,0,0,0,0,0,0,0,0,0
888,1823,0,0,0,0,0,0,0,0,0
889,1823,0,0,0,0,0,0,0,0,0
890,1823,0,0,0,0,0,0,0,0,0
891,1823,0,0,0,0,0,0,0,0,0
892,1823,0,0,0,0,0,0,0,0,0
893,1823,0,0,0,0,0,0,0,0,0
894,1823,0,0,1,0,0,0,0,0,0
895,1823,0,0,0,0,0,0,0,0,0
896,1823,0,0,0,0,0,0,0,0,0
897,1823,0,0,0,0,0,0,0,0,0
898,1823,0,0,0,0,0,0,0,0,0
899,1823,0,0,0,0,0,0,0,0,0
900,1823,0,0,0,0,0,0,0,0,0
901,1823,0,0,0,0,0,0,0,0,0
902,1823,0,0,0,0,0,0,0,0,0
903,1823,0,0,0,0,0,0,0,0,0
904,1823,0,0,0,0,0,0,0,0,0
905,1823,0,0,0,0,0,0,0,0,0
906,1823,0,0,0,0,0,0,0,0,0
907,1823,0,0,0,0,0,0,0,0,0
908,1823,0,0,0,0,0,0,0,0,0
909,1823,0,0,0,1,0,0,0,0,0
910,1823,0,0,0,0,0,0,1,0,0
911,1823,0,0,0,0,0,0,0,0,0
912,1823,0,0,0,0,0,0,0,0,0
913,1823,0,0,0,0,0,0,0,0,0
914,1823,0,0,0,0,0,0,0,0,0
915,1823,0,0,0,0,0,0,0,0,0
916,1823,0,0,0,0,0,0,0,0,0
917,1823,0,0,0,0,0,0,0,0,0
918,1823,0,0,0,0,0,0,0,0,0
919,1823,0,0,0,0,0,0,0,0,0
920,1823,0,0,0,0,0,0,0,0,0
921,1823,0,0,0,0,0,0,0,0,0
922,1823,0,0,0,0,0,0,0,0,0
923,1823,0,0,0,0,0,0,0,0,0
924,1823,0,0,0,0,0,0,0,0,0
925,1823,0,0,0,0,0,0,0,0,0
926,1823,0,0,1,0,0,0,0,0,0
927,1823,0,0,0,0,0,0,0,0,0
928,1823,0,0,0,0,0,0,1,0,0
929,1823,0,0,0,0,0,0,0,0,0
930,1823,0,0,0,0,0,0,0,0,0
931,1823,0,0,0,0,0,0,0,0,0
932,1823,0,0,0,0,0,0,0,0,0
933,1823,0,0,0,0,0,0,0,0,0
934,1823,0,0,0,0,0,0,0,0,0
935,1823,0,0,0,0,0,0,0,0,0
936,1823,0,0,0,0,0,0,0,0,0
937,1823,0,0,0,0,0,0,0,0,0
938,1823,0,0,0,0,0,0,0,0,0
939,1823,0,0,0,0,0,0,0,0,0
940,1823,0,0,0,0,0,0,0,0,0
941,1823,0,0,0,0,0,0,0,0,0
942,1823,0,0,0,0,0,0,0,0,0
943,1823,0,0,1,0,0,0,0,0,0
944,1823,0,0,0,0,0,0,0,0,0
945,1823,0,0,0,0,0,0,0,0,0
946,1823,0,0,0,0,0,0,0,0,0
947,1823,0,0,0,0,0,0,0,0,0
948,1823,0,0,0,0,0,0,0,0,0
949,1823,0,0,0,0,0,0,0,0,0
950,1823,0,0,0,0,0,0,0,0,0
951,1823,0,0,0,0,0,0,0,0,0
952,1823,0,0,0,0,0,0,0,0,0
953,1823,0,0,0,0,0,0,0,0,0
954,1823,0,0,0,0,0,0,0,0,0
955,1823,0,0,0,0,0,0,0,0,0
956,1823,0,0,0,0,0,0,0,0,0
957,1823,0,0,0,0,0,0,0,0,0
958,1823,0,0,0,0,0,0,0,0,0
959,1823,0,0,0,0,0,0,0,0,0
960,1823,0,0,0,0,0,0,0,0,0
961,1823,0,0,0,0,0,0,0,0,0
962,1823,0,0,0,0,0,0,0,0,0
963,1823,0,0,0,0,0,0,0,0,0
964,1823,0,0,0,0,0,0,0,0,0
965,1823,0,0,0,0,0,0,0,0,0
966,1823,0,0,0,0,0,0,0,0,0
967,1823,0,0,0,0,0,0,0,0,0
968,1823,0,0,0,0,0,0,0,0,0
969,1823,0,0,0,0,0,0,1,0,0
970,1823,0,0,0,0,0,0,0,0,0
971,1823,0,0,0,0,0,0,0,0,1
972,1823,0,0,0,0,0,0,0,0,0
973,1823,0,0,0,0,0,0,0,0,0
974,1823,0,0,0,0,0,0,0,0,0
975,1823,0,0,0,0,0,0,0,0,0
976,1823,0,0,0,0,0,0,0,0,0
977,1823,0,0,0,0,0,0,0,0,0
978,1823,0,0,0,0,0,0,0,0,0
979,1823,0,0,0,0,0,0,0,0,0
980,1823,0,0,0,0,0,0,0,0,0
981,1823,0,0,0,0,0,0,0,0,0
982,1823,0,0,0,0,0,0,0,0,0
983,1823,0,0,0,0,0,0,0,0,0
984,1823,0,0,0,0,0,0,0,0,0
985,1823,0,0,0,0,0,0,0,0,0
986,1823,0,0,0,0,0,0,0,0,0
987,1823,0,0,0,0,0,0,0,0,0
988,1823,0,0,0,0,0,0,0,0,0
989,1823,0,0,0,0,0,0,0,0,0
990,1823,0,0,0,0,0,0,0,0,0
991,1823,0,0,0,0,0,0,0,0,0
992,1823,1,0,0,0,0,0,0,0,0
993,1823,0,0,0,0,0,0,0,0,0
994,1823,0,0,0,0,0,0,0,0,0
995,1823,0,0,0,0,0,0,0,0,0
996,1823,0,0,0,0,0,0,0,0,0
997,1823,0,0,0,0,0,0,0,0,0
998,1823,0,0,0,0,0,0,0,0,0
999,1823,0,0,0,0,0,0,0,0,0
1000,1823,0,0,0,0,0,0,0,0,0
1001,1823,0,0,0,1,0,0,0,0,0
1002,1823,0,0,0,0,0,0,0,0,0
1003,1823,0,0,0,0,0,0,0,0,0
1004,1823,0,0,0,0,0,0,0,0,0
1005,1823,0,0,0,0,0,0,0,0,0
1006,1823,0,0,0,0,0,0,1,0,0
1007,1823,0,0,0,0,0,0,0,0,0
1008,1823,0,0,0,0,0,0,0,0,0
1009,1823,1,0,0,0,0,0,0,0,0
1010,1823,0,0,0,0,0,0,0,0,0
1011,1823,0,0,0,0,0,0,0,0,0
1012,1823,0,0,0,0,0,0,0,0,0
1013,1823,0,0,0,0,0,0,0,0,0
1014,1823,0,0,0,0,0,0,0,0,0
1015,1823,0,0,0,0,0,0,0,0,0
1016,1823,0,0,0,0,0,0,0,0,0
1017,1823,0,0,0,0,0,0,0,0,0
1018,1823,0,0,0,0,0,0,0,0,0
1019,1823,0,0,0,0,0,0,0,0,0
1020,1823,0,0,0,0,0,0,0,0,0
1021,1823,0,0,0,0,0,0,0,0,0
1022,1823,0,0,0,0,0,0,0,0,0
1023,1823,0,0,0,1,0,0,0,0,0
1024,1823,0,0,0,0,0,0,0,0,0
1025,1823,0,0,0,0,0,0,0,0,0
1026,1823,0,0,0,0,0,0,0,0,0
1027,1823,0,0,0,0,0,0,0,0,0
1028,1823,0,0,0,0,0,0,0,0,0
1029,1823,0,0,0,0,0,0,0,0,0
1030,1823,0,0,0,0,0,0,0,0,0
1031,1823,0,0,0,0,0,0,0,0,0
1032,1823,0,0,0,0,0,0,0,0,0
1033,1823,0,0,0,0,0,0,0,0,0
1034,1823,0,0,0,0,0,0,0,0,0
1035,1823,0,0,0,0,0,0,0,0,0
1036,1823,0,0,0,0,0,0,0,0,0
1037,1823,0,0,0,0,0,0,0,0,0
1038,1823,0,0,0,0,0,0,0,0,0
1039,1823,0,0,0,0,0,0,0,0,0
1040,1823,0,0,0,0,0,0,0,0,0
1041,1823,0,0,0,0,0,0,0,0,0
1042,1823,0,0,0,0,0,0,0,0,0
1043,1823,0,0,0,0,0,0,0,0,0
1044,1823,0,0,0,0,0,0,0,0,0
1045,1823,0,0,0,0,0,0,0,0,0
1046,1823,0,0,0,0,0,0,0,0,0
1047,1823,0,0,0,0,0,0,0,0,0
1048,1823,0,0,0,0,0,0,0,0,0
1049,1823,0,0,0,0,0,0,0,0,0
1050,1823,0,0,0,0,0,0,0,0,0
1051,1823,0,0,0,0,0,0,0,0,0
1052,1823,0,0,0,0,0,0,0,0,0
1053,1823,0,0,0,0,0,0,0,0,0
1054,1823,0,0,1,0,0,0,0,0,0
1055,1823,0,0,0,0,0,0,0,0,0
1056,1823,0,0,0,0,0,0,0,0,0
1057,1823,0,0,0,0,0,0,0,0,0
1058,1823,1,0,0,0,0,0,0,0,0
1059,1823,0,0,0,0,0,0,0,0,0
1060,1823,0,0,0,0,0,0,0,0,0
1061,1823,0,0,0,0,0,0,0,0,0
1062,1823,0,0,0,0,0,0,0,0,0
1063,1823,0,0,0,0,0,0,0,0,0
1064,1823,0,0,0,0,0,0,0,0,0
1065,1823,0,0,0,0,0,0,0,0,0
1066,1823,0,0,0,0,0,0,0,0,0
1067,1823,0,0,0,0,0,0,0,0,0
1068,1823,0,0,0,0,0,0,0,0,0
1069,1823,0,0,0,0,0,0,0,0,0
1070,1823,0,0,0,0,0,0,0,0,0
1071,1823,0,0,0,0,0,0,0,0,0
1072,1823,0,0,0,0,0,0,0,0,0
1073,1823,0,0,0,0,0,0,1,0,0
1074,1823,0,0,0,0,0,0,0,0,0
1075,1823,0,0,0,0,0,0,0,0,0
1076,1823,0,0,0,0,0,0,0,0,0
1077,1823,0,0,0,0,0,0,0,0,0
1078,1823,0,0,0,0,0,0,0,0,0
1079,1823,0,0,0,0,0,0,0,0,0
1080,1823,0,0,0,0,0,0,0,0,0
1081,1823,0,0,0,0,0,0,0,0,0
1082,1823,0,0,0,0,0,0,0,0,0
1083,1823,0,0,0,0,0,0,0,0,0
1084,1823,0,0,0,0,0,0,0,0,0
1085,1823,0,0,0,0,0,0,0,0,0
1086,1823,0,0,0,0,0,0,0,0,0
1087,1823,0,0,0,0,0,0,0,0,0
1088,1823,0,0,0,0,0,0,0,0,0
1089,1823,0,0,0,0,0,0,0,0,0
1090,1823,0,0,0,0,0,0,0,0,0
1091,1823,0,0,0,0,0,0,0,0,0
1092,1823,0,0,0,0,0,0,0,0,0
1093,1823,0,0,0,0,0,0,0,0,0
1094,1823,0,0,0,0,0,0,0,0,0
1095,1823,0,0,0,0,0,0,0,0,0
1096,1823,0,0,0,0,0,0,0,0,0
1097,1823,0,0,0,0,0,0,0,0,0
1098,1823,0,0,0,0,0,0,0,0,0
1099,1823,0,0,0,0,0,0,1,0,0
1100,1823,0,0,0,0,0,0,0,0,0
1101,1823,0,0,0,0,0,0,0,0,0
1102,1823,0,0,0,0,0,0,0,0,0
1103,1823,0,0,0,0,0,0,0,0,0
1104,1823,0,0,0,0,0,0,0,0,0
1105,1823,0,0,0,0,0,0,0,0,0
1106,1823,0,0,0,0,0,0,0,0,0
1107,1823,0,0,0,0,0,0,0,0,0
1108,1823,0,0,0,0,0,0,0,0,0
1109,1823,0,0,0,0,0,0,0,0,0
1110,1823,0,0,0,0,0,0,0,0,0
1111,1823,0,0,0,0,0,0,0,0,0
1112,1823,0,0,0,0,0,0,0,0,0
1113,1823,0,0,0,0,0,0,0,0,0
1114,1823,0,0,0,0,0,0,0,0,0
1115,1823,1,0,0,0,0,0,0,0,0
1116,1823,0,0,0,0,0,0,0,0,0
1117,1823,0,0,0,0,0,0,0,0,0
1118,1823,0,0,0,0,0,0,0,0,0
1119,1823,0,0,0,0,0,0,0,0,0
1120,1823,0,0,0,0,0,0,0,0,0
1121,1823,0,0,0,0,0,0,0,0,0
1122,1823,0,0,0,0,0,0,0,0,0
1123,1823,0,0,0,0,0,0,0,0,0
1124,1823,0,0,0,0,0,0,0,0,0
1125,1823,0,0,0,0,0,0,0,0,0
1126,1823,0,0,0,0,0,0,0,0,0
1127,1823,0,0,0,0,0,0,0,0,0
1128,1823,0,0,0,0,0,0,0,0,0
1129,1823,0,0,0,0,0,0,0,0,0
1130,1823,0,0,0,0,0,0,0,0,0
1131,1823,0,0,0,0,0,0,0,0,0
1132,1823,0,0,0,0,0,0,0,0,0
1133,1823,0,0,0,0,0,0,0,0,0
1134,1823,0,0,0,0,0,0,0,0,0
1135,1823,0,0,0,0,0,0,0,0,0
1136,1823,0,0,0,0,0,0,0,0,0
1137,1823,0,0,0,0,0,0,0,0,0
1138,1823,0,0,0,0,0,0,0,0,0
1139,1823,0,0,0,0,0,0,0,0,0
1140,1823,0,0,0,0,0,0,0,0,0
1141,1823,0,0,0,0,0,0,0,0,0
1142,1823,0,0,0,0,0,0,0,0,0
1143,1823,0,0,0,0,0,0,0,0,0
1144,1823,0,0,0,0,0,0,0,0,0
1145,1823,0,0,0,0,0,0,0,0,0
1146,1823,0,0,0,0,0,0,0,0,0
1147,1823,0,0,0,0,0,0,0,0,0
1148,1823,0,0,0,0,0,0,0,0,0
1149,1823,0,0,0,0,0,0,0,0,0
1150,1823,0,0,0,0,0,0,0,0,0
1151,1823,0,0,0,0,0,0,0,0,0
1152,1823,0,0,0,0,0,0,0,0,0
1153,1823,0,0,0,0,0,0,0,0,0
1154,1823,0,0,0,0,0,0,0,0,0
1155,1823,0,0,0,0,0,0,0,0,0
1156,1823,0,0,0,0,0,0,0,0,0
1157,1823,0,0,0,0,0,0,0,0,0
1158,1823,0,0,0,0,0,0,0,0,0
1159,1823,0,0,0,0,0,0,0,0,0
1160,1823,0,0,0,0,0,0,0,0,0
1161,1823,0,0,0,0,0,0,0,0,0
1162,1823,0,0,0,0,0,1,0,0,0
1163,1823,0,0,0,0,0,0,0,0,0
1164,1823,0,0,1,0,0,0,0,0,0
1165,1823,0,0,0,0,0,0,0,0,0
1166,1823,0,0,0,0,0,0,0,0,0
1167,1823,0,0,0,0,0,0,0,0,0
1168,1823,0,0,0,0,0,0,0,0,0
1169,1823,0,0,0,0,0,0,0,0,0
1170,1823,0,0,0,0,0,0,0,0,0
1171,1823,0,0,0,0,0,0,0,0,0
1172,1823,0,0,0,0,0,0,0,0,0
1173,1823,0,0,0,0,0,0,0,0,0
1174,1823,0,0,0,0,0,0,1,0,0
1175,1823,0,0,0,0,0,0,0,0,0
1176,1823,0,0,0,0,0,0,0,0,0
1177,1823,0,0,0,0,0,0,0,0,0
1178,1823,0,0,0,0,0,0,0,0,0
1179,1823,0,0,0,0,0,0,0,0,0
1180,1823,0,0,0,0,0,0,0,0,0
1181,1823,0,0,0,0,0,0,0,0,0
1182,1823,0,0,0,0,0,0,0,0,0
1183,1823,0,0,0,0,0,0,0,0,0
1184,1823,0,0,0,0,0,0,0,0,0
1185,1823,0,0,0,0,0,0,0,0,0
1186,1823,0,0,0,0,0,0,0,0,0
1187,1823,0,0,0,0,0,0,0,0,0
1188,1823,0,0,0,0,0,0,0,0,0
1189,1823,0,0,0,0,0,0,0,0,0
1190,1823,0,0,0,0,0,0,0,0,0
1191,1823,0,0,0,0,0,0,1,0,0
1192,1823,0,0,0,0,0,0,1,0,0
1193,1823,0,0,0,0,0,0,0,0,0
1194,1823,0,0,0,0,0,0,0,0,0
1195,1823,0,0,0,0,0,0,0,0,0
1196,1823,0,0,0,0,0,0,0,0,0
1197,1823,0,0,0,0,0,0,0,0,0
1198,1823,0,0,0,0,0,0,1,0,0
1199,1823,0,0,0,0,0,0,0,0,0
1200,1823,0,0,0,0,0,0,0,0,0
1201,1823,0,0,0,0,0,0,0,0,0
1202,1823,0,0,1,0,0,0,0,0,0
1203,1823,0,0,1,0,0,0,0,0,0
1204,1823,0,0,0,0,0,0,0,0,0
1205,1823,0,0,0,0,0,0,0,0,0
1206,1823,0,0,0,0,0,0,0,0,0
1207,1823,0,0,0,0,0,0,0,0,0
1208,1823,0,0,0,0,0,0,0,0,0
1209,1823,0,0,0,0,0,0,0,0,0
1210,1823,0,0,0,0,0,0,0,0,0
1211,1823,0,0,0,0,0,0,0,0,0
1212,1823,0,0,0,0,0,0,0,0,0
1213,1823,0,0,0,0,0,0,0,0,0
1214,1823,0,0,0,0,0,0,0,0,0
1215,1823,0,0,0,0,0,0,0,0,0
1216,1823,0,0,0,0,0,0,0,0,0
1217,1823,0,0,0,0,0,0,0,0,0
1218,1823,1,0,0,0,0,0,0,0,0
1219,1823,0,0,0,0,0,0,0,0,0
1220,1823,0,0,1,0,0,0,0,0,0
1221,1823,0,0,0,0,0,0,0,0,0
1222,1823,0,0,0,0,0,0,0,0,0
1223,1823,0,0,0,0,0,0,0,0,0
1224,1823,0,0,0,0,0,0,0,0,0
1225,1823,0,0,0,0,0,0,0,0,0
1226,1823,0,0,0,0,0,0,0,0,0
1227,1823,0,0,0,0,0,0,0,0,0
1228,1823,0,0,0,0,0,0,0,0,0
1229,1823,0,0,0,0,0,0,0,0,0
1230,1823,0,0,0,0,0,0,0,0,0
1231,1823,0,0,0,0,0,0,0,0,0
1232,1823,0,0,0,0,0,0,0,0,0
1233,1823,0,0,0,0,0,0,0,0,0
1234,1823,1,0,0,0,0,0,0,0,0
1235,1823,0,0,0,1,0,0,0,0,0
1236,1823,0,0,0,0,0,0,0,0,0
1237,1823,0,0,0,0,0,0,0,0,0
1238,1823,0,0,0,0,0,0,0,0,0
1239,1823,0,0,0,0,0,0,0,0,0
1240,1823,0,0,0,0,0,0,0,0,0
1241,1823,0,0,0,0,0,0,0,0,0
1242,1823,0,0,0,0,0,0,0,0,0
1243,1823,0,0,0,0,0,0,0,0,0
1244,1823,0,0,0,0,0,0,0,0,0
1245,1823,0,0,0,0,0,0,0,0,0
1246,1823,0,0,0,0,0,0,0,0,0
1247,1823,0,0,0,0,0,0,0,0,0
1248,1823,0,0,0,0,0,0,0,0,0
1249,1823,0,0,0,0,0,0,0,0,0
1250,1823,0,0,0,0,0,0,0,0,0
1251,1823,0,0,0,0,0,0,0,0,0
1252,1823,0,0,0,0,0,0,0,0,0
1253,1823,0,0,0,0,0,0,0,0,0
1254,1823,0,0,0,0,0,0,0,0,0
1255,1823,0,0,0,0,0,0,0,0,0
1256,1823,0,0,0,0,0,0,0,0,0
1257,1823,0,0,0,0,0,0,0,0,0
1258,1823,0,0,0,0,0,0,0,0,0
1259,1823,0,0,0,0,0,0,0,0,0
1260,1823,0,0,0,0,0,0,0,0,0
1261,1823,0,0,0,0,0,0,0,0,0
1262,1823,0,0,0,0,0,0,0,0,0
1263,1823,0,0,0,0,0,0,0,0,0
1264,1823,0,0,0,0,0,0,0,0,0
1265,1823,0,0,0,0,0,0,0,0,0
1266,1823,0,0,0,0,0,0,0,0,0
1267,1823,0,0,0,0,0,0,0,0,0
1268,1823,0,0,0,0,0,0,0,0,0
1269,1823,0,0,0,0,0,0,0,0,0
1270,1823,0,0,0,0,0,0,0,0,0
1271,1823,0,0,0,0,0,0,0,0,0
1272,1823,0,0,0,0,0,0,0,0,0
1273,1823,0,0,0,0,0,0,0,0,0
1274,1823,0,0,0,0,0,0,0,0,0
1275,1823,0,0,0,0,0,0,0,0,0
1276,1823,0,0,0,0,0,0,0,0,0
1277,1823,0,0,1,0,0,0,0,0,0
1278,1823,0,0,0,0,0,0,0,0,0
1279,1823,0,0,0,0,0,0,0,0,0
1280,1823,0,0,0,0,0,0,0,0,0
1281,1823,0,0,0,0,0,1,0,0,0
1282,1823,0,0,0,0,0,0,0,0,0
1283,1823,0,0,0,0,0,0,0,0,0
1284,1823,0,0,0,0,0,0,0,0,0
1285,1823,0,0,0,0,0,0,0,0,0
1286,1823,0,0,0,0,0,0,0,0,0
1287,1823,0,0,0,0,0,0,0,0,0
1288,1823,0,0,0,0,0,0,0,0,0
1289,1823,0,0,0,0,0,0,0,0,0
1290,1823,0,0,0,0,0,0,0,0,0
1291,1823,0,0,0,0,0,0,0,0,0
1292,1823,0,0,0,0,0,0,0,0,0
1293,1823,0,0,0,0,0,0,0,0,0
1294,1823,0,0,0,0,0,0,0,0,0
1295,1823,0,0,0,0,0,0,1,0,0
1296,1823,0,0,0,0,0,0,0,0,0
1297,1823,0,0,0,0,0,0,0,0,0
1298,1823,0,0,1,0,0,0,0,0,0
1299,1823,0,0,0,0,0,0,0,0,0
1300,1823,0,0,0,0,0,0,0,0,0
1301,1823,0,0,0,0,0,0,0,0,0
1302,1823,0,0,1,0,0,0,1,0,0
1303,1823,0,0,0,0,0,0,0,0,0
1304,1823,0,0,0,0,0,0,0,0,0
1305,1823,0,0,0,0,0,0,0,0,0
1306,1823,0,0,0,0,0,0,0,0,0
1307,1823,0,0,0,0,0,0,0,0,0
1308,1823,0,0,0,0,0,0,0,0,0
1309,1823,0,0,0,0,0,0,0,0,0
1310,1823,0,0,0,0,0,0,0,0,0
1311,1823,0,0,0,0,0,0,0,0,0
1312,1823,0,0,0,0,0,0,0,0,0
1313,1823,0,0,0,0,0,0,0,0,0
1314,1823,0,0,0,0,0,0,0,0,0
1315,1823,0,0,0,0,0,0,0,0,0
1316,1823,0,0,0,0,0,0,0,0,0
1317,1823,0,0,0,0,0,0,0,0,0
1318,1823,0,0,0,0,0,0,0,0,0
1319,1823,0,0,0,0,0,0,0,0,0
1320,1823,0,0,0,0,0,0,0,0,0
1321,1823,0,0,0,0,0,0,0,0,0
1322,1823,0,0,0,0,0,1,0,0,0
1323,1823,0,0,0,0,0,0,0,0,0
1324,1823,0,0,0,0,0,0,0,0,0
1325,1823,0,0,0,0,0,0,0,0,0
1326,1823,0,0,0,0,0,0,0,0,0
1327,1823,0,0,0,0,0,0,0,0,0
1328,1823,0,0,0,0,0,0,0,0,0
1329,1823,0,0,0,0,0,0,0,0,0
1330,1823,0,0,0,0,0,0,0,0,0
1331,1823,0,0,0,0,0,0,0,0,0
1332,1823,0,0,0,0,0,0,0,0,0
1333,1823,0,0,0,0,0,0,0,0,0
1334,1823,0,0,0,0,0,0,0,0,0
1335,1823,0,0,0,0,0,0,0,0,0
1336,1823,0,0,0,0,0,0,0,0,0
1337,1823,0,0,0,0,0,0,0,0,0
1338,1823,0,0,0,0,0,0,0,0,0
1339,1823,0,0,0,0,0,0,0,0,0
1340,1823,0,0,0,0,0,0,0,0,0
1341,1823,0,0,0,0,0,0,0,0,0
1342,1823,0,0,0,0,0,0,0,0,0
1343,1823,0,0,0,0,0,0,0,0,0
1344,1823,0,0,0,0,0,0,0,0,0
1345,1823,0,0,0,0,0,0,0,0,0
1346,1823,0,0,0,0,0,0,0,0,0
1347,1823,0,0,0,0,0,0,0,0,0
1348,1823,0,0,0,0,0,0,1,0,0
1349,1823,0,0,0,0,0,0,1,0,0
1350,1823,0,0,0,0,0,0,0,0,0
1351,1823,0,0,0,0,0,0,0,0,0
1352,1823,0,0,0,0,0,0,0,0,0
1353,1823,0,0,0,0,0,0,0,0,0
1354,1823,0,0,0,0,0,0,0,0,0
1355,1823,0,0,0,0,0,0,0,0,0
1356,1823,0,0,0,0,0,0,0,0,0
1357,1823,0,0,0,0,0,0,0,0,0
1358,1823,1,0,0,0,0,0,0,0,0
1359,1823,0,0,0,0,0,0,0,0,0
1360,1823,0,0,0,0,0,0,0,0,0
1361,1823,0,0,0,0,0,0,0,0,0
1362,1823,0,0,0,0,0,0,0,0,0
1363,1823,0,0,0,0,0,0,0,0,0
1364,1823,0,0,0,0,0,0,0,0,0
1365,1823,0,0,0,0,0,0,0,0,0
1366,1823,0,0,0,1,0,0,0,0,0
1367,1823,0,0,0,0,0,0,0,0,0
1368,1823,0,0,0,0,0,0,0,0,0
1369,1823,0,0,0,0,0,0,0,0,0
1370,1823,0,0,0,0,0,0,0,0,0
1371,1823,0,0,0,0,0,0,0,0,0
1372,1823,0,0,0,0,0,0,0,0,0
1373,1823,0,0,0,0,0,0,0,0,0
1374,1823,0,0,0,0,0,0,0,0,0
1375,1823,0,0,0,0,0,0,0,0,0
1376,1823,0,0,0,0,0,0,0,0,0
1377,1823,0,0,0,0,0,0,0,0,0
1378,1823,0,0,0,0,0,0,0,0,0
1379,1823,0,0,0,0,0,0,0,0,0
1380,1823,0,0,0,0,0,0,0,0,0
1381,1823,0,0,0,0,0,0,0,0,0
1382,1823,0,0,0,0,0,0,0,0,0
1383,1823,0,0,0,0,0,0,0,0,0
1384,1823,0,0,0,0,0,0,0,0,0
1385,1823,0,0,0,0,0,0,0,0,0
1386,1823,0,0,0,0,0,0,0,0,0
1387,1823,0,0,0,0,0,0,0,0,1
1388,1823,0,0,0,0,0,0,0,0,0
1389,1823,0,0,0,0,0,0,0,0,0
1390,1823,0,0,0,0,0,0,0,0,0
1391,1823,0,0,0,0,0,0,0,0,0
1392,1823,0,0,0,0,0,0,0,0,0
1393,1823,0,0,0,0,0,0,0,0,0
1394,1823,0,0,0,0,0,0,0,0,0
1395,1823,0,0,0,0,0,0,0,0,0
1396,1823,0,0,0,0,0,0,0,0,0
1397,1823,0,0,0,0,0,0,0,0,0
1398,1823,0,0,0,0,0,0,0,0,0
1399,1823,0,0,0,0,0,0,0,0,0
1400,1823,0,0,0,0,0,0,0,0,0
1401,1823,0,0,0,0,0,0,0,0,0
1402,1823,0,0,0,0,0,0,0,0,0
1403,1823,0,0,0,0,0,0,0,0,0
1404,1823,0,0,0,0,0,0,0,0,0
1405,1823,0,0,0,1,0,0,0,0,0
1406,1823,0,0,0,0,0,0,0,0,0
1407,1823,0,0,0,0,0,0,0,0,0
1408,1823,0,0,0,0,0,0,0,0,0
1409,1823,0,0,0,0,0,0,0,0,0
1410,1823,0,0,1,0,0,0,0,0,0
1411,1823,0,0,0,0,0,0,0,0,0
1412,1823,0,0,0,0,0,0,0,0,0
1413,1823,0,0,0,0,0,0,0,0,0
1414,1823,0,0,0,0,0,0,0,0,0
1415,1823,0,0,0,0,0,0,0,0,0
1416,1823,0,0,0,0,0,0,0,0,0
1417,1823,0,0,0,0,0,0,0,0,0
1418,1823,0,0,0,0,0,0,0,0,0
1419,1823,0,0,0,0,0,0,0,0,0
1420,1823,0,0,0,0,0,0,0,0,0
1421,1823,0,0,0,0,0,0,0,0,0
1422,1823,0,0,0,0,0,0,0,0,0
1423,1823,0,0,0,0,0,0,0,0,0
1424,1823,0,0,0,0,0,0,0,0,0
1425,1823,0,0,0,0,0,0,0,0,0
1426,1823,0,0,0,0,0,0,0,0,0
1427,1823,0,0,0,0,0,0,0,0,0
1428,1823,0,0,0,0,0,0,0,0,0
1429,1823,0,0,0,0,0,0,0,0,0
1430,1823,0,0,0,0,0,0,0,0,0
1431,1823,0,0,0,0,0,0,0,0,0
1432,1823,0,0,0,0,0,0,0,0,0
1433,1823,0,0,0,0,0,0,0,0,0
1434,1823,0,0,1,0,0,0,0,0,0
1435,1823,0,1,0,0,0,0,0,0,0
1436,1823,0,0,0,0,0,0,0,0,0
1437,1823,0,0,0,0,0,0,0,0,0
1438,1823,0,0,0,0,0,0,0,0,0
1439,1823,0,0,0,0,0,0,0,0,0
1440,1823,0,0,0,0,0,0,0,0,0
1441,1823,0,0,0,0,0,0,0,0,0
1442,1823,0,0,0,0,0,0,0,0,0
1443,1823,0,0,0,0,0,0,0,0,0
1444,1823,0,0,1,0,0,0,0,0,0
1445,1823,0,0,0,0,0,0,0,0,0
1446,1823,0,0,0,0,0,0,0,0,0
1447,1823,0,0,0,0,0,0,1,0,0
1448,1823,0,0,0,0,0,0,0,0,0
1449,1823,0,0,0,0,0,0,0,0,0
1450,1823,0,0,0,0,0,0,0,0,0
1451,1823,0,0,0,0,0,0,0,0,0
1452,1823,0,0,0,0,0,0,0,0,0
1453,1823,0,0,0,0,0,0,0,0,0
1454,1823,0,0,0,0,0,0,0,0,0
1455,1823,0,0,0,0,0,0,0,0,0
1456,1823,0,0,0,0,0,0,0,0,0
1457,1823,0,0,0,0,0,0,0,0,0
1458,1823,0,0,0,0,0,0,1,0,0
1459,1823,0,0,0,0,0,0,0,0,0
1460,1823,0,0,0,0,0,0,0,0,0
1461,1823,0,0,0,0,0,0,0,0,0
1462,1823,0,0,0,0,0,0,0,0,0
1463,1823,0,0,0,0,0,0,0,0,0
1464,1823,0,0,0,0,0,0,0,0,0
1465,1823,0,0,0,0,0,0,0,0,0
1466,1823,0,0,0,0,0,0,0,0,0
1467,1823,0,0,0,0,0,0,0,0,0
1468,1823,0,0,0,0,0,0,0,0,0
1469,1823,0,0,0,0,0,0,0,0,0
1470,1823,0,0,0,0,0,0,0,0,0
1471,1823,0,0,0,0,0,0,0,0,0
1472,1823,0,0,0,0,0,0,0,0,0
1473,1823,0,0,0,0,0,0,0,0,0
1474,1823,0,0,0,0,0,0,0,0,0
1475,1823,0,0,0,0,0,0,0,0,0
1476,1823,0,0,0,0,0,0,0,0,0
1477,1823,0,0,0,0,0,0,0,0,0
1478,1823,0,0,0,0,0,0,0,0,0
1479,1823,0,0,0,0,0,0,0,0,0
1480,1823,0,0,0,0,0,0,0,0,0
1481,1823,0,0,0,0,0,0,0,0,0
1482,1823,0,0,0,0,0,0,0,0,0
1483,1823,0,0,0,0,0,0,0,0,0
1484,1823,0,0,0,0,0,0,0,0,0
1485,1823,0,0,0,0,0,0,0,0,0
1486,1823,0,0,0,0,0,0,0,0,0
1487,1823,0,0,0,0,0,0,0,0,0
1488,1823,0,0,0,0,0,0,0,0,0
1489,1823,0,0,0,0,0,0,0,0,0
1490,1823,0,0,0,0,0,0,0,0,0
1491,1823,0,0,0,0,0,0,0,0,0
1492,1823,0,0,0,0,0,0,0,0,0
1493,1823,0,0,0,0,0,0,0,0,0
1494,1823,1,0,0,0,0,0,0,0,0
1495,1823,0,0,0,0,0,0,0,0,0
1496,1823,0,0,0,0,0,0,0,0,0
1497,1823,0,0,0,0,0,0,0,0,0
1498,1823,0,0,0,0,0,0,0,0,0
1499,1823,0,0,0,0,0,0,0,0,0
1500,1823,0,0,0,0,0,0,0,0,0
1501,1823,0,0,0,0,0,0,0,0,0
1502,1823,0,0,0,0,0,0,0,0,0
1503,1823,0,0,0,0,0,0,0,0,0
1504,1823,0,0,0,0,0,0,0,0,0
1505,1823,0,0,0,0,0,0,0,0,0
1506,1823,0,0,0,0,0,0,0,0,0
1507,1823,0,0,0,0,0,0,0,0,0
1508,1823,0,0,0,0,0,0,0,0,0
1509,1823,0,0,0,0,0,0,0,0,0
1510,1823,0,0,0,0,0,0,0,0,0
1511,1823,0,0,0,0,0,0,0,0,0
1512,1823,0,0,0,0,0,0,0,0,0
1513,1823,0,0,0,0,0,0,0,0,0
1514,1823,0,0,0,0,0,0,0,0,0
1515,1823,0,0,0,0,0,0,0,0,0
1516,1823,0,0,0,0,0,0,0,0,0
1517,1823,0,0,0,0,0,0,0,0,0
1518,1823,0,0,0,0,0,0,0,0,0
1519,1823,0,0,0,0,0,0,0,0,0
1520,1823,0,0,0,0,0,0,0,0,0
1521,1823,0,0,0,0,0,0,0,0,0
1522,1823,0,0,0,0,0,0,1,0,0
1523,1823,0,0,0,0,0,0,0,0,0
1524,1823,0,0,0,0,0,0,0,0,0
1525,1823,0,0,0,0,0,0,0,0,0
1526,1823,0,0,0,0,0,0,0,0,0
1527,1823,0,0,0,0,0,0,0,0,0
1528,1823,0,0,0,0,0,0,0,0,0
1529,1823,0,0,0,0,0,0,0,0,0
1530,1823,0,0,0,0,0,0,0,0,0
1531,1823,0,0,0,0,0,0,0,0,0
1532,1823,0,0,0,0,0,0,0,0,0
1533,1823,0,0,0,1,0,0,0,0,0
1534,1823,0,0,0,0,0,0,0,0,0
1535,1823,0,0,0,0,0,0,0,0,0
1536,1823,0,0,0,1,0,0,0,0,0
1537,1823,0,0,0,0,0,0,0,0,0
1538,1823,0,0,0,0,0,0,0,0,0
1539,1823,0,0,0,0,0,0,0,0,0
1540,1823,0,0,0,0,0,0,1,0,0
1541,1823,0,0,0,0,0,0,0,0,0
1542,1823,0,0,0,0,0,0,0,0,0
1543,1823,0,0,0,0,0,0,0,0,0
1544,1823,0,0,0,0,0,0,0,0,0
1545,1823,0,0,0,0,0,0,0,0,0
1546,1823,0,0,0,0,0,0,0,0,0
1547,1823,0,0,0,0,0,0,0,0,0
1548,1823,0,0,0,0,0,0,0,0,0
1549,1823,0,0,0,0,0,0,0,0,0
1550,1823,0,0,0,0,0,0,0,0,0
1551,1823,0,0,0,0,0,0,0,0,0
1552,1823,0,0,0,0,0,0,0,0,0
1553,1823,0,0,0,0,0,0,0,0,0
1554,1823,0,0,0,0,0,0,0,0,0
1555,1823,1,0,0,0,0,0,0,0,0
1556,1823,0,0,0,0,0,0,0,0,0
1557,1823,0,0,0,0,0,0,0,0,0
1558,1823,0,0,0,0,0,0,0,0,0
1559,1823,0,0,0,0,0,0,0,0,0
1560,1823,0,0,0,0,0,0,0,0,0
1561,1823,0,0,0,0,0,0,0,0,0
1562,1823,0,0,0,0,0,0,0,0,0
1563,1823,0,0,0,0,0,0,0,0,0
1564,1823,0,0,0,0,0,0,0,0,0
1565,1823,0,0,0,0,0,0,0,0,0
1566,1823,0,0,0,0,0,0,0,0,0
1567,1823,0,0,0,0,0,0,0,0,0
1568,1823,0,0,0,0,0,0,0,0,0
1569,1823,0,0,0,0,0,0,0,0,0
1570,1823,0,0,0,0,0,0,0,0,0
1571,1823,0,0,0,0,0,0,0,0,0
1572,1823,0,0,0,0,0,0,0,0,0
1573,1823,0,0,0,0,0,0,0,0,0
1574,1823,0,0,0,0,0,0,0,0,0
1575,1823,0,0,0,0,0,0,0,0,0
1576,1823,0,0,0,0,0,0,0,0,0
1577,1823,0,0,0,0,0,0,0,0,0
1578,1823,0,0,0,0,0,0,0,0,0
1579,1823,0,0,0,0,0,0,0,0,0
1580,1823,0,0,0,0,0,0,0,0,0
1581,1823,0,0,0,0,0,0,0,0,0
1582,1823,0,0,1,0,0,0,0,0,0
1583,1823,0,0,0,0,0,0,0,0,0
1584,1823,0,0,0,0,0,0,0,0,0
1585,1823,0,0,0,0,0,0,0,0,0
1586,1823,0,0,1,0,0,0,0,0,0
1587,1823,0,0,0,0,0,0,0,0,0
1588,1823,0,0,0,0,0,0,0,0,0
1589,1823,0,0,0,0,0,0,0,0,0
1590,1823,0,0,0,0,0,0,0,0,0
1591,1823,0,0,0,0,0,0,0,0,0
1592,1823,0,0,0,0,0,0,0,0,0
1593,1823,0,0,0,0,0,0,0,0,0
1594,1823,0,0,0,0,0,0,0,0,0
1595,1823,0,0,0,0,0,0,0,0,0
1596,1823,0,0,0,0,0,0,0,0,0
1597,1823,0,0,0,0,0,0,0,0,0
1598,1823,0,0,0,0,0,0,0,0,0
1599,1823,0,0,0,0,0,0,0,0,0
1600,1823,0,0,0,1,0,0,0,0,0
1601,1823,0,0,0,0,0,0,0,0,0
1602,1823,0,0,0,0,0,0,0,0,0
1603,1823,0,0,0,0,0,0,1,0,0
1604,1823,0,0,0,0,0,0,0,0,0
1605,1823,0,0,0,0,0,0,0,0,0
1606,1823,0,0,0,0,0,0,1,0,0
1607,1823,0,0,1,0,0,0,0,0,0
1608,1823,0,0,0,0,0,0,0,0,0
1609,1823,0,0,0,0,0,0,0,0,0
1610,1823,0,0,0,0,0,0,0,0,0
1611,1823,0,0,0,0,0,0,0,0,0
1612,1823,0,0,0,0,0,0,0,0,0
1613,1823,0,0,0,0,0,0,0,0,0
1614,1823,0,0,1,0,0,0,0,0,0
1615,1823,0,0,0,0,0,0,0,0,0
1616,1823,0,0,0,0,0,0,0,0,0
1617,1823,0,0,0,0,0,0,0,0,0
1618,1823,0,0,0,0,0,0,0,0,0
1619,1823,1,0,0,0,0,0,0,0,0
1620,1823,0,0,0,0,0,0,0,0,0
1621,1823,0,0,0,0,0,0,0,0,0
1622,1823,0,0,0,0,0,0,0,0,0
1623,1823,0,0,0,0,0,0,0,0,0
1624,1823,0,0,0,0,0,0,0,0,0
1625,1823,0,0,0,0,0,0,0,0,0
1626,1823,0,0,0,0,0,0,0,0,0
1627,1823,0,0,0,0,0,0,0,0,0
1628,1823,0,0,0,0,0,0,0,0,0
1629,1823,0,0,0,0,0,1,0,0,0
1630,1823,0,0,0,0,0,0,0,0,0
1631,1823,0,0,0,0,0,0,0,0,0
1632,1823,0,0,0,0,0,0,0,0,0
1633,1823,0,0,0,0,0,0,0,0,0
1634,1823,0,0,0,0,0,0,0,0,0
1635,1823,0,0,0,0,0,0,0,0,0
1636,1823,0,0,0,0,0,0,0,0,0
1637,1823,0,0,0,0,0,0,0,0,0
1638,1823,0,0,0,0,0,0,0,0,0
1639,1823,0,0,1,0,0,0,0,0,0
1640,1823,0,0,0,0,0,0,0,0,0
1641,1823,0,0,0,0,0,0,0,0,0
1642,1823,0,0,0,0,0,0,0,0,0
1643,1823,0,0,0,0,0,0,0,0,0
1644,1823,0,0,0,0,0,0,0,0,0
1645,1823,0,0,0,0,0,0,0,0,0
1646,1823,0,0,0,0,0,0,0,0,0
1647,1823,0,0,0,0,0,0,0,0,0
1648,1823,0,0,0,0,0,0,0,0,0
1649,1823,0,0,0,0,0,0,0,0,0
1650,1823,0,0,0,0,0,0,0,0,0
1651,1823,0,0,0,0,0,0,0,0,0
1652,1823,0,0,0,0,0,0,0,0,0
1653,1823,0,0,0,0,0,0,0,0,0
1654,1823,0,0,0,0,0,0,0,0,0
1655,1823,0,0,0,0,0,0,0,0,0
1656,1823,0,0,0,0,0,0,0,0,0
1657,1823,0,0,0,0,0,1,0,0,0
1658,1823,0,0,0,0,0,0,0,0,0
1659,1823,0,0,0,0,0,0,0,0,0
1660,1823,0,0,0,0,0,0,0,0,0
1661,1823,0,0,0,0,0,0,0,0,0
1662,1823,0,0,0,0,0,0,0,0,0
1663,1823,0,0,0,1,0,0,0,0,0
1664,1823,0,0,0,0,0,0,0,0,0
1665,1823,0,0,0,0,0,0,0,0,0
1666,1823,0,0,0,0,0,0,0,0,0
1667,1823,0,0,0,0,0,0,0,0,0
1668,1823,0,0,0,0,0,0,0,0,0
1669,1823,0,0,0,0,0,0,0,0,0
1670,1823,0,1,0,0,0,0,0,0,0
1671,1823,0,0,0,0,0,0,0,0,0
1672,1823,0,0,0,0,0,0,0,0,0
1673,1823,0,0,0,0,0,0,0,0,0
1674,1823,0,0,0,0,0,0,0,0,0
1675,1823,0,0,0,0,0,0,0,0,0
1676,1823,0,0,0,0,0,0,0,0,0
1677,1823,0,0,0,0,0,0,0,0,0
1678,1823,0,0,0,0,0,0,0,0,0
1679,1823,0,0,0,0,0,0,0,0,0
1680,1823,0,0,0,0,0,0,0,0,0
1681,1823,0,0,0,0,0,0,0,0,0
1682,1823,0,0,0,0,0,0,0,0,0
1683,1823,0,0,0,0,0,0,0,0,0
1684,1823,0,0,0,0,0,0,0,0,0
1685,1823,0,0,0,0,0,0,0,0,0
1686,1823,0,0,0,0,0,0,0,0,0
1687,1823,0,0,0,0,0,0,0,0,0
1688,1823,0,0,0,0,0,0,0,0,0
1689,1823,0,0,0,0,0,0,0,0,0
1690,1823,0,0,0,0,0,0,0,0,0
1691,1823,0,0,0,0,0,0,0,0,0
1692,1823,0,0,0,0,0,0,0,0,0
1693,1823,0,0,0,0,0,0,0,0,0
1694,1823,0,0,0,0,0,0,0,0,0
1695,1823,0,0,0,0,0,0,0,0,0
1696,1823,0,0,0,0,0,0,0,0,0
1697,1823,0,0,0,0,0,0,0,0,0
1698,1823,0,0,1,0,0,0,0,0,0
1699,1823,0,0,0,0,0,0,0,0,0
1700,1823,0,0,0,0,0,0,0,0,0
1701,1823,0,0,0,0,0,0,0,0,0
1702,1823,0,0,0,1,0,0,0,0,0
1703,1823,0,0,0,0,0,0,0,0,0
1704,1823,0,0,0,0,0,0,0,0,0
1705,1823,0,0,0,0,0,0,0,0,0
1706,1823,0,0,0,0,0,0,0,0,0
1707,1823,0,0,0,0,0,0,0,0,0
1708,1823,0,0,0,0,0,0,0,0,0
1709,1823,0,0,0,0,0,0,0,0,0
1710,1823,0,0,0,0,0,0,0,0,0
1711,1823,0,0,0,0,0,0,0,0,0
1712,1823,0,0,0,0,0,0,0,0,0
1713,1823,0,0,0,0,0,0,0,0,0
1714,1823,0,0,0,0,0,0,0,0,0
1715,1823,0,0,0,0,0,0,0,0,0
1716,1823,0,0,0,0,0,0,0,0,0
1717,1823,0,0,0,0,0,0,0,0,0
1718,1823,0,0,0,0,0,0,0,0,0
1719,1823,0,0,0,0,0,0,0,0,0
1720,1823,1,0,0,0,0,0,0,0,0
1721,1823,0,0,0,0,0,0,0,0,0
1722,1823,0,0,0,0,0,0,0,0,0
1723,1823,0,0,0,0,0,0,0,0,0
1724,1823,0,0,0,0,0,0,0,0,0
1725,1823,0,0,0,0,0,0,1,0,0
1726,1823,0,0,0,0,0,0,0,0,0
1727,1823,0,0,0,0,0,0,0,0,0
1728,1823,0,0,0,0,0,0,0,0,0
1729,1823,0,0,0,0,0,0,0,0,0
1730,1823,0,0,0,0,0,0,0,0,0
1731,1823,0,0,0,0,0,0,0,0,0
1732,1823,0,0,0,0,0,0,0,0,0
1733,1823,0,0,0,0,0,0,0,0,0
1734,1823,0,0,0,0,0,0,0,0,0
1735,1823,0,0,0,0,0,0,0,0,0
1736,1823,0,0,0,0,0,0,0,0,0
1737,1823,0,0,0,0,0,1,0,0,0
1738,1823,0,0,0,0,0,0,0,0,0
1739,1823,0,0,0,0,0,0,0,0,0
1740,1823,0,0,0,0,0,0,0,0,0
1741,1823,1,0,0,0,0,0,0,0,0
1742,1823,0,0,0,0,0,0,0,0,0
1743,1823,0,0,0,0,0,0,0,0,0
1744,1823,0,0,0,0,0,0,0,0,0
1745,1823,0,0,0,0,0,0,0,0,0
1746,1823,0,0,0,0,0,0,0,0,0
1747,1823,0,0,0,0,0,0,0,0,0
1748,1823,0,0,0,0,0,0,0,0,0
1749,1823,0,0,0,0,0,0,0,0,0
1750,1823,0,0,0,0,0,0,0,0,0
1751,1823,0,0,0,0,0,0,0,0,0
1752,1823,0,0,0,0,0,0,0,0,0
1753,1823,0,0,0,0,0,0,0,0,0
1754,1823,0,0,0,0,0,0,0,0,0
1755,1823,0,0,0,0,0,0,0,0,0
1756,1823,0,0,0,0,0,0,0,0,0
1757,1823,0,0,0,0,0,0,0,0,0
1758,1823,0,0,0,0,0,0,0,0,0
1759,1823,0,0,0,0,0,0,0,0,0
1760,1823,0,0,0,0,0,0,0,0,0
1761,1823,0,0,0,0,0,0,0,0,0
1762,1823,0,0,0,0,0,0,0,0,0
1763,1823,0,0,0,0,0,0,1,0,0
1764,1823,0,0,0,0,0,0,0,0,0
1765,1823,0,0,0,0,0,0,0,0,0
1766,1823,0,0,0,0,0,0,0,0,0
1767,1823,0,0,1,0,0,0,0,0,0
1768,1823,0,0,0,0,0,0,0,0,0
1769,1823,0,0,0,0,0,0,0,0,0
1770,1823,0,0,0,0,0,0,0,0,0
1771,1823,0,0,0,1,0,0,0,0,0
1772,1823,0,0,0,0,0,0,0,0,0
1773,1823,0,0,0,0,0,0,0,0,0
1774,1823,0,0,0,0,0,1,0,0,0
1775,1823,0,0,0,1,0,0,0,0,0
1776,1823,0,0,0,0,0,0,0,0,0
1777,1823,0,0,0,0,0,0,0,0,0
1778,1823,0,0,0,0,0,0,0,0,0
1779,1823,0,0,0,0,0,0,0,0,0
1780,1823,0,0,0,0,0,0,0,0,0
1781,1823,0,0,0,0,0,0,0,0,0
1782,1823,0,0,0,0,0,0,0,0,0
1783,1823,0,0,0,0,0,0,0,0,0
1784,1823,0,0,0,0,0,0,0,0,0
1785,1823,0,0,0,0,0,0,0,0,0
1786,1823,0,0,0,0,0,0,0,0,0
1787,1823,0,0,0,1,0,0,0,0,0
1788,1823,0,0,0,0,0,0,0,0,0
1789,1823,0,0,0,0,0,0,0,0,0
1790,1823,0,0,0,0,0,0,0,0,0
1791,1823,0,0,0,0,0,0,0,0,0
1792,1823,0,0,0,0,0,0,0,0,0
1793,1823,0,0,0,0,0,0,0,0,0
1794,1823,0,0,0,0,0,0,0,0,0
1795,1823,0,0,0,0,0,0,0,0,0
1796,1823,0,0,0,0,0,0,0,0,0
1797,1823,0,0,0,0,0,0,0,0,0
1798,1823,0,0,0,0,0,0,0,0,0
1799,1823,0,0,0,0,0,0,0,0,0
1800,1823,0,0,0,0,0,0,0,0,0
1801,1823,0,0,0,0,0,0,0,0,0
1802,1823,0,0,0,1,0,0,0,0,0
1803,1823,0,0,0,0,0,0,0,0,0
1804,1823,0,0,0,0,0,0,0,0,0
1805,1823,0,0,0,0,0,0,0,0,0
1806,1823,0,0,0,0,0,0,0,0,0
1807,1823,0,0,0,0,0,0,0,0,0
1808,1823,0,0,0,0,0,0,0,0,0
1809,1823,0,0,0,0,0,0,0,0,0
1810,1823,0,0,0,0,0,0,0,0,0
1811,1823,0,0,0,0,0,0,0,0,0
1812,1823,0,0,0,0,0,0,0,0,0
1813,1823,0,0,0,0,0,0,0,0,0
1814,1823,0,0,0,0,0,0,0,0,0
1815,1823,0,0,0,0,0,0,0,0,0
1816,1823,0,0,0,0,0,0,0,0,0
1817,1823,0,0,0,0,0,0,1,0,0
1818,1823,0,0,0,1,0,0,0,0,0
1819,1823,0,0,0,0,0,0,0,0,0
1820,1823,0,0,0,0,0,1,0,0,0
1821,1823,0,0,0,0,0,0,0,0,0
1822,1823,0,0,0,0,0,0,0,0,0
1823,1823,0,0,0,0,0,0,0,0,0
1824,1823,0,0,0,0,0,0,0,0,0
1825,1823,0,0,0,0,0,0,0,0,0
1826,1823,0,0,0,0,0,0,0,0,0
1827,1823,0,0,0,0,0,0,0,0,0
1828,1823,0,0,0,0,0,0,0,0,0
1829,1823,0,0,0,0,0,0,0,0,0
1830,1823,0,0,0,0,0,0,0,0,0
1831,1823,0,0,0,0,0,0,0,0,0
1832,1823,0,0,0,0,0,0,0,0,0
1833,1823,0,0,0,0,0,0,0,0,0
1834,1823,1,0,1,0,0,0,0,0,0
1835,1823,0,0,0,0,0,0,0,0,0
1836,1823,0,0,0,0,0,0,0,0,0
1837,1823,0,0,0,0,0,0,0,0,0
1838,1823,0,0,0,0,0,0,0,0,1
1839,1823,0,0,0,0,0,0,0,0,0
1840,1823,0,0,0,0,0,0,0,0,0
1841,1823,0,0,0,0,0,0,0,0,0
1842,1823,0,0,0,0,0,0,0,0,0
1843,1823,0,0,0,1,0,0,0,0,0
1844,1823,0,0,0,0,0,0,0,0,0
1845,1823,0,0,0,0,0,0,0,0,0
1846,1823,0,0,0,0,0,0,0,0,0
1847,1823,0,0,0,0,0,0,0,0,0
1848,1823,0,0,0,0,0,0,0,0,0
1849,1823,0,0,0,0,0,0,0,0,0
1850,1823,0,0,0,0,0,0,0,0,0
1851,1823,0,0,0,0,0,0,0,0,0
1852,1823,0,0,0,0,0,0,0,0,0
1853,1823,0,0,0,0,0,0,0,0,0
1854,1823,1,0,0,1,0,0,0,0,0
1855,1823,0,0,0,0,0,0,0,0,0
1856,1823,0,0,0,0,0,0,0,0,0
1857,1823,0,0,0,0,0,0,0,0,0
1858,1823,0,0,0,0,0,0,0,0,0
1859,1823,0,0,0,0,0,0,0,0,0
1860,1823,0,0,0,0,0,0,0,0,0
1861,1823,0,0,0,0,0,0,0,0,0
1862,1823,1,0,0,0,0,0,0,0,0
1863,1823,0,0,0,0,0,0,0,0,0
1864,1823,0,0,0,0,0,0,0,0,0
1865,1823,0,0,0,0,0,0,0,0,0
1866,1823,0,0,0,0,0,0,0,0,0
1867,1823,0,0,0,0,0,0,0,0,0
1868,1823,0,0,0,0,0,0,0,0,0
1869,1823,0,0,0,0,0,0,0,0,0
1870,1823,0,0,0,0,0,0,0,0,0
1871,1823,0,0,0,0,0,0,0,0,0
1872,1823,0,0,0,0,0,0,0,0,0
1873,1823,0,0,0,0,0,0,0,0,0
1874,1823,0,0,0,0,0,0,0,0,0
1875,1823,0,0,0,0,0,0,0,0,0
1876,1823,0,0,0,0,0,0,0,0,0
1877,1823,0,0,0,0,0,0,0,0,0
1878,1823,0,0,0,0,0,0,0,0,0
1879,1823,0,0,0,0,0,1,0,0,0
1880,1823,0,0,0,0,0,0,0,0,0
1881,1823,0,0,0,0,0,0,0,0,0
1882,1823,0,0,0,0,0,0,0,0,0
1883,1823,0,0,0,0,0,0,0,0,0
1884,1823,0,0,0,0,0,0,0,0,0
1885,1823,0,0,0,0,0,0,0,0,0
1886,1823,0,0,0,0,0,0,0,0,0
1887,1823,0,0,0,0,0,0,0,0,0
1888,1823,0,0,0,0,0,0,0,0,0
1889,1823,0,0,0,0,0,0,0,0,0
1890,1823,0,0,0,0,0,0,0,0,0
1891,1823,0,0,0,0,0,0,0,0,0
1892,1823,0,0,0,0,0,0,0,0,0
1893,1823,0,0,0,0,0,0,0,0,0
1894,1823,0,0,0,0,0,0,0,0,0
1895,1823,0,0,0,0,0,0,0,0,0
1896,1823,0,0,0,0,0,0,0,0,0
1897,1823,0,0,0,0,0,0,0,0,0
1898,1823,0,0,0,0,0,0,0,0,0
1899,1823,0,0,0,0,0,0,0,0,0
1900,1823,0,0,0,0,0,0,0,0,0
1901,1823,0,0,0,0,0,0,0,0,0
1902,1823,0,0,0,0,0,0,0,0,0
1903,1823,0,0,0,0,0,0,0,0,0
1904,1823,0,0,0,0,0,0,0,0,0
1905,1823,0,0,0,0,0,0,0,0,0
1906,1823,0,0,0,0,0,0,0,0,0
1907,1823,0,0,0,0,0,0,0,0,0
1908,1823,0,0,0,0,0,0,1,0,0
1909,1823,0,0,0,0,0,0,0,0,0
1910,1823,0,0,0,0,0,0,0,0,0
1911,1823,0,0,0,0,0,0,0,0,0
1912,1823,0,0,0,0,0,0,0,0,0
1913,1823,0,0,0,0,0,0,0,0,0
1914,1823,0,0,0,0,0,0,0,0,0
1915,1823,0,0,0,0,0,0,0,0,0
1916,1823,0,0,0,1,0,0,0,0,0
1917,1823,0,0,0,0,0,0,0,0,0
1918,1823,0,0,0,0,0,0,0,0,0
1919,1823,0,0,0,0,0,0,0,0,0
1920,1823,0,0,0,0,0,0,0,0,0
1921,1823,0,0,0,0,0,0,0,0,0
1922,1823,0,0,0,0,0,0,0,0,0
1923,1823,0,0,0,0,0,0,0,0,0
1924,1823,0,0,0,0,0,1,0,0,0
1925,1823,0,0,0,0,0,0,0,0,0
1926,1823,0,0,0,0,0,0,0,0,0
1927,1823,0,0,0,0,0,0,0,0,0
1928,1823,0,0,1,0,0,0,0,0,0
1929,1823,0,0,0,0,0,0,0,0,0
1930,1823,0,0,0,0,0,0,0,0,0
1931,1823,0,0,0,0,0,0,0,0,0
1932,1823,0,0,0,0,0,0,0,0,0
1933,1823,0,0,0,0,0,0,0,0,0
1934,1823,0,0,0,0,0,0,0,0,0
1935,1823,0,0,0,0,0,0,0,0,0
1936,1823,0,0,0,0,0,0,0,0,0
1937,1823,0,0,0,0,0,0,0,0,0
1938,1823,0,0,0,0,0,0,0,0,0
1939,1823,0,0,0,1,0,0,0,0,0
1940,1823,0,0,1,0,0,0,0,0,0
1941,1823,0,0,0,0,0,0,0,0,0
1942,1823,0,0,0,0,0,0,0,0,0
1943,1823,0,0,0,0,0,0,0,0,0
1944,1823,0,0,0,0,0,0,0,0,0
1945,1823,0,0,0,0,0,0,0,0,0
1946,1823,0,0,0,0,0,0,0,0,0
1947,1823,0,0,0,0,0,0,0,0,0
1948,1823,0,0,0,0,0,0,0,0,0
1949,1823,0,0,0,0,0,0,1,0,0
1950,1823,0,0,0,0,0,0,0,0,0
1951,1823,0,0,0,0,0,0,0,0,0
1952,1823,0,0,0,0,0,0,0,0,0
1953,1823,0,0,0,0,0,0,0,0,0
1954,1823,0,0,0,0,0,0,0,0,0
1955,1823,0,0,0,0,0,0,0,0,0
1956,1823,0,0,0,0,0,0,0,0,0
1957,1823,0,0,0,0,0,0,0,0,0
1958,1823,0,0,0,0,0,0,0,0,0
1959,1823,0,0,0,0,0,0,0,0,0
1960,1823,0,0,0,0,0,0,0,0,0
1961,1823,0,0,0,0,0,0,0,0,0
1962,1823,0,0,0,0,0,0,0,0,0
1963,1823,0,0,0,0,0,0,0,0,0
1964,1823,0,0,0,0,0,0,0,0,0
1965,1823,0,0,0,0,0,0,0,0,0
1966,1823,0,0,0,0,0,0,0,0,0
1967,1823,0,0,0,0,0,0,0,0,0
1968,1823,0,0,0,0,0,0,0,0,0
1969,1823,0,0,0,0,0,0,0,0,0
1970,1823,0,0,0,0,0,0,0,0,0
1971,1823,0,0,0,0,0,0,0,0,0
1972,1823,0,0,0,0,0,0,0,0,0
1973,1823,0,0,0,0,0,0,0,0,0
1974,1823,0,0,0,0,0,0,0,0,0
1975,1823,0,0,0,0,0,0,0,0,0
1976,1823,0,0,0,0,0,0,0,0,0
1977,1823,0,0,0,0,0,0,0,0,0
1978,1823,0,0,0,0,0,0,0,0,0
1979,1823,0,0,0,0,0,0,0,0,0
1980,1823,0,0,0,0,0,0,0,0,0
1981,1823,0,0,0,0,0,0,0,0,0
1982,1823,0,0,0,0,0,0,0,0,0
1983,1823,0,0,0,0,0,0,0,0,0
1984,1823,0,0,0,0,0,0,0,0,0
1985,1823,0,0,0,0,0,0,0,0,0
1986,1823,0,0,0,0,0,0,0,0,0
1987,1823,0,0,0,0,0,0,0,0,0
1988,1823,0,0,0,0,0,0,0,0,0
1989,1823,0,0,0,0,0,0,0,0,0
1990,1823,0,0,0,0,0,0,0,0,0
1991,1823,0,0,0,0,0,0,0,0,0
1992,1823,0,0,0,0,0,0,0,0,0
1993,1823,0,0,0,0,0,0,0,0,0
1994,1823,0,0,0,0,0,0,0,0,0
1995,1823,0,0,0,0,0,0,0,0,0
1996,1823,0,0,0,0,0,0,0,0,0
1997,1823,0,0,0,0,0,0,0,0,0
1998,1823,0,0,0,0,0,0,0,0,0
1999,1823,0,0,0,0,0,0,0,0,0
2000,1823,0,0,0,0,0,0,0,0,0
2001,1823,0,0,0,0,0,0,0,0,0
2002,1823,0,0,0,0,0,0,0,0,0
2003,1823,0,0,0,0,0,0,0,0,0
2004,1823,0,0,0,0,0,0,0,0,0
2005,1823,0,0,0,0,0,0,0,0,0
2006,1823,0,0,0,0,0,0,0,0,0
2007,1823,0,0,0,0,0,0,0,0,0
2008,1823,0,0,0,0,0,0,0,0,0
2009,1823,0,0,0,0,0,0,0,0,0
2010,1823,0,0,0,0,0,0,0,0,0
2011,1823,0,0,0,0,0,0,0,0,0
2012,1823,0,0,0,0,0,0,0,0,0
2013,1823,0,0,0,0,0,0,0,0,0
2014,1823,0,0,0,0,0,0,0,0,0
2015,1823,0,0,0,0,0,0,0,0,0
2016,1823,0,0,0,0,0,0,0,0,0
2017,1823,0,0,0,0,0,0,0,0,0
2018,1823,0,0,0,0,0,0,0,0,0
2019,1823,0,0,0,0,0,0,0,0,0
2020,1823,0,0,0,0,0,0,0,0,0
2021,1823,0,0,0,0,0,0,0,0,0
2022,1823,0,0,0,0,0,0,0,0,0
2023,1823,0,0,0,0,0,0,0,0,0
2024,1823,0,0,0,0,0,0,0,0,0
2025,1823,0,0,0,0,0,0,0,0,0
2026,1823,0,0,0,0,0,0,0,0,0
2027,1823,0,0,0,0,0,0,0,0,0
2028,1823,0,0,0,0,0,0,0,0,0
2029,1823,0,0,0,0,0,0,0,0,0
2030,1823,0,0,0,0,0,0,0,0,0
2031,1823,0,0,0,0,0,1,0,0,0
2032,1823,0,0,0,0,0,0,0,0,0
2033,1823,0,0,0,0,0,0,0,0,0
2034,1823,0,0,0,0,0,0,0,0,0
2035,1823,0,0,0,0,0,0,0,0,0
2036,1823,0,0,0,0,0,0,0,0,0
2037,1823,0,0,0,0,0,0,0,0,0
2038,1823,0,0,0,0,0,0,0,0,0
2039,1823,0,0,0,0,0,0,0,0,0
2040,1823,0,0,0,0,0,0,0,0,0
2041,1823,0,0,0,0,0,0,0,0,0
2042,1823,0,0,0,0,0,0,0,0,0
2043,1823,0,0,0,0,0,0,0,0,0
2044,1823,0,0,0,0,0,0,0,0,0
2045,1823,0,0,0,0,0,0,0,0,0
2046,1823,0,0,0,0,0,0,0,0,0
2047,1823,0,0,0,0,0,0,0,0,0
2048,1823,0,0,0,0,0,0,0,0,0
2049,1823,0,0,0,0,0,0,0,0,0
2050,1823,0,0,0,0,0,0,0,0,0
2051,1823,0,0,0,0,0,0,0,0,0
2052,1823,0,0,0,0,0,0,0,0,0
2053,1823,0,0,0,0,0,0,0,0,0
2054,1823,0,0,0,0,0,0,0,0,0
2055,1823,0,0,0,0,0,0,0,0,0
2056,1823,0,0,0,0,0,0,0,0,0
2057,1823,0,0,0,0,0,0,0,0,0
2058,1823,0,0,0,0,0,0,0,0,0
2059,1823,0,0,0,0,0,0,0,0,0
2060,1823,0,0,0,0,0,0,0,0,0
2061,1823,0,0,0,0,0,0,0,0,0
2062,1823,0,0,0,0,0,0,0,0,0
2063,1823,0,0,0,0,0,0,0,0,0
2064,1823,0,0,0,0,0,0,0,0,0
2065,1823,0,0,0,0,0,0,0,0,0
2066,1823,0,0,0,0,0,0,0,0,0
2067,1823,0,0,0,0,0,0,0,0,0
2068,1823,0,0,0,0,0,0,0,0,0
2069,1823,0,0,0,0,0,0,0,0,0
2070,1823,0,0,0,0,0,0,0,0,0
2071,1823,0,0,0,0,0,0,0,0,0
2072,1823,0,0,0,0,0,0,0,0,0
2073,1823,0,0,0,0,0,0,0,0,0
2074,1823,0,0,0,0,0,0,0,0,0
2075,1823,0,0,0,0,0,0,0,0,0
2076,1823,0,0,0,0,0,0,0,0,0
2077,1823,0,0,0,0,0,0,0,0,0
2078,1823,0,0,0,0,0,0,0,0,0
2079,1823,0,0,0,0,0,0,0,0,0
2080,1823,0,0,0,0,0,0,0,0,0
2081,1823,0,0,0,0,0,0,0,0,0
2082,1823,0,0,0,0,0,0,0,0,0
2083,1823,0,0,0,0,0,0,0,0,0
2084,1823,0,0,0,0,0,0,0,0,0
2085,1823,0,0,0,0,0,0,0,0,0
2086,1823,0,0,0,0,0,0,0,0,0
2087,1823,0,0,0,0,0,0,0,0,0
2088,1823,0,0,0,0,0,0,0,0,0
2089,1823,0,0,0,0,0,0,0,0,0
2090,1823,0,0,0,0,0,0,0,0,0
2091,1823,0,0,0,0,0,0,0,0,0
2092,1823,0,0,0,0,0,0,0,0,0
2093,1823,0,0,0,0,0,0,0,0,0
2094,1823,0,0,0,0,0,0,0,0,0
2095,1823,0,0,0,0,0,0,1,0,0
2096,1823,0,0,0,0,0,0,0,0,0
2097,1823,0,0,0,0,0,0,0,0,0
2098,1823,0,0,0,0,0,0,0,0,0
2099,1823,0,0,0,0,0,0,0,0,0
2100,1823,0,0,0,0,0,0,0,0,0
2101,1823,0,0,1,0,0,0,0,0,0
2102,1823,0,0,0,0,0,0,0,0,0
2103,1823,0,0,0,0,0,0,0,0,0
2104,1823,0,0,0,0,0,0,0,0,0
2105,1823,0,0,0,0,0,0,0,0,0
2106,1823,0,0,0,0,0,0,0,0,0
2107,1823,0,0,0,0,0,0,0,0,0
2108,1823,0,0,0,0,0,0,0,0,0
2109,1823,0,0,0,0,0,0,0,0,0
2110,1823,0,0,0,0,0,0,0,0,0
2111,1823,0,0,0,0,0,0,0,0,0
2112,1823,0,0,0,0,0,0,0,0,0
2113,1823,0,0,0,0,0,0,0,0,0
2114,1823,0,0,0,0,0,0,0,0,0
2115,1823,0,0,0,0,0,0,0,0,0
2116,1823,0,0,0,0,0,0,0,0,0
2117,1823,0,0,0,0,0,0,0,0,0
2118,1823,0,0,0,0,0,0,0,0,0
2119,1823,0,0,0,0,0,0,0,0,0
2120,1823,0,0,0,0,0,0,0,0,0
2121,1823,0,0,0,0,0,0,0,0,0
2122,1823,0,0,0,0,0,0,0,0,0
2123,1823,0,0,0,0,0,0,0,0,0
2124,1823,0,0,0,0,0,0,0,0,0
2125,1823,0,0,0,0,0,0,0,0,0
2126,1823,0,0,0,0,0,0,0,0,0
2127,1823,0,0,0,0,0,0,0,0,0
2128,1823,0,0,0,0,0,0,0,0,0
2129,1823,0,0,0,0,0,0,0,0,0
2130,1823,0,0,0,0,0,0,0,0,0
2131,1823,0,0,0,0,0,0,0,0,0
2132,1823,0,0,0,0,0,0,0,0,0
2133,1823,0,0,0,0,0,0,0,0,0
2134,1823,0,0,0,0,0,0,0,0,0
2135,1823,0,0,0,0,0,0,0,0,0
2136,1823,0,0,0,0,0,0,0,0,0
2137,1823,0,0,0,0,0,0,0,0,0
2138,1823,0,0,0,0,0,0,0,0,0
2139,1823,0,0,0,0,0,0,0,0,0
2140,1823,0,0,0,0,0,0,0,0,0
2141,1823,0,0,0,0,0,0,0,0,0
2142,1823,0,0,0,0,0,0,0,0,1
2143,1823,0,0,0,0,0,0,0,0,0
2144,1823,0,0,0,0,0,0,0,0,0
2145,1823,0,0,0,0,0,0,0,0,0
2146,1823,0,0,0,0,0,0,0,0,0
2147,1823,0,0,0,0,0,0,0,0,0
2148,1823,0,0,0,0,0,0,0,0,0
2149,1823,0,0,0,0,0,0,0,0,0
2150,1823,0,0,0,0,0,0,0,0,0
2151,1823,1,0,0,0,0,0,0,0,0
2152,1823,0,0,0,0,0,0,0,0,0
2153,1823,0,0,0,0,0,0,0,0,0
2154,1823,0,0,0,0,0,0,0,0,0
2155,1823,0,0,0,0,0,0,0,0,0
2156,1823,0,0,0,0,0,0,0,0,0
2157,1823,0,0,0,0,0,0,0,0,0
2158,1823,0,0,0,0,0,0,0,0,0
2159,1823,1,0,0,0,0,0,0,0,0
2160,1823,0,0,0,0,0,0,0,0,0
2161,1823,0,0,0,0,0,0,0,0,0
2162,1823,0,0,0,0,0,0,0,0,0
2163,1823,0,0,1,0,0,0,0,0,0
2164,1823,0,0,0,0,0,0,0,0,0
2165,1823,0,0,0,0,0,0,0,0,0
2166,1823,0,0,0,0,0,0,0,0,0
2167,1823,0,0,0,0,0,0,0,0,0
2168,1823,0,0,0,0,0,0,1,0,0
2169,1823,0,0,0,0,0,0,0,0,0
2170,1823,0,0,0,0,0,0,0,0,0
2171,1823,0,0,0,0,0,0,0,0,0
2172,1823,0,0,0,0,0,0,0,0,0
2173,1823,0,0,0,0,0,0,0,0,0
2174,1823,0,0,0,0,0,0,0,0,0
2175,1823,0,0,0,0,0,1,0,0,0
2176,1823,0,0,0,0,0,0,0,0,0
2177,1823,0,0,0,0,0,0,0,0,0
2178,1823,0,0,0,0,0,0,0,0,0
2179,1823,0,0,0,0,0,0,0,0,0
2180,1823,0,0,0,0,0,0,0,0,0
2181,1823,0,0,0,0,0,0,0,0,0
2182,1823,0,0,0,0,0,0,0,0,0
2183,1823,0,0,0,0,0,0,0,0,0
2184,1823,0,0,0,0,0,0,0,0,0
2185,1823,0,0,0,0,0,0,0,0,0
2186,1823,0,0,0,0,0,0,0,0,0
2187,1823,0,0,0,0,0,0,0,0,0
2188,1823,0,0,0,0,0,0,0,0,0
2189,1823,0,0,0,0,0,0,0,0,0
2190,1823,0,0,0,0,0,0,0,0,0
2191,1823,0,0,0,0,0,0,0,0,0
2192,1823,0,0,0,0,0,0,0,0,0
2193,1823,0,0,0,0,0,0,0,0,0
2194,1823,0,0,0,1,0,0,0,0,0
2195,1823,0,0,0,0,0,0,0,0,0
2196,1823,0,0,0,0,0,0,0,0,0
2197,1823,0,0,0,0,0,0,0,0,0
2198,1823,0,0,0,0,0,0,0,0,0
2199,1823,0,0,0,0,0,0,0,0,0
2200,1823,0,0,0,0,0,0,0,0,0
2201,1823,0,0,0,0,0,0,0,0,0
2202,1823,0,0,0,0,0,0,0,0,0
2203,1823,0,0,0,0,0,0,0,0,0
2204,1823,0,0,0,0,0,0,0,0,0
2205,1823,1,0,0,0,0,0,0,0,0
2206,1823,0,0,0,0,0,0,0,0,0
2207,1823,0,0,0,0,0,0,0,0,0
2208,1823,0,0,0,0,0,0,0,0,0
2209,1823,0,0,0,0,0,0,0,0,0
2210,1823,0,0,0,0,0,0,0,0,0
2211,1823,0,0,0,0,0,0,0,0,0
2212,1823,0,0,0,0,0,0,0,0,0
2213,1823,0,0,1,0,0,0,0,0,0
2214,1823,0,0,0,0,0,0,0,0,0
2215,1823,0,0,0,0,0,0,0,0,0
2216,1823,0,0,0,0,0,0,0,0,0
2217,1823,0,0,0,0,0,0,0,0,0
2218,1823,0,0,0,0,0,0,0,0,0
2219,1823,0,0,0,0,0,0,0,0,0
2220,1823,0,0,0,0,0,0,0,0,0
2221,1823,0,0,0,0,0,0,0,0,0
2222,1823,0,0,0,0,0,0,0,0,0
2223,1823,0,0,0,0,0,0,0,0,0
2224,1823,0,0,0,0,0,0,0,0,0
2225,1823,0,0,0,0,0,0,0,0,0
2226,1823,0,0,0,0,0,0,0,0,0
2227,1823,0,0,0,1,0,0,0,0,0
2228,1823,0,0,0,0,0,0,0,0,0
2229,1823,0,0,0,0,0,0,0,0,0
2230,1823,0,0,0,0,0,0,0,0,0
2231,1823,0,0,0,0,0,0,0,0,0
2232,1823,0,0,0,0,0,0,0,0,0
2233,1823,0,0,0,0,0,0,0,0,0
2234,1823,0,0,0,0,0,0,0,0,0
2235,1823,0,0,0,0,0,0,0,0,0
2236,1823,0,0,0,0,0,0,0,0,0
2237,1823,0,0,0,0,0,0,0,0,0
2238,1823,0,0,0,0,0,0,0,0,0
2239,1823,0,0,0,0,0,0,0,0,0
2240,1823,0,0,0,0,0,0,0,0,0
2241,1823,0,0,0,0,0,0,0,0,0
2242,1823,0,0,0,0,0,0,0,0,0
2243,1823,0,0,0,0,0,0,0,0,0
2244,1823,0,0,0,0,0,0,0,0,0
2245,1823,0,0,0,0,0,0,0,0,0
2246,1823,0,0,0,0,0,0,0,0,0
2247,1823,0,0,0,0,0,0,0,0,0
2248,1823,0,0,0,0,0,0,0,0,0
2249,1823,0,0,0,0,0,0,0,0,0
2250,1823,0,0,0,0,0,0,0,0,0
2251,1823,0,0,0,0,0,0,1,0,0
2252,1823,0,0,0,0,0,0,0,0,0
2253,1823,0,0,0,0,0,0,0,0,0
2254,1823,0,0,0,0,0,0,0,0,0
2255,1823,0,0,0,0,0,0,1,0,0
2256,1823,0,0,0,0,0,0,0,0,0
2257,1823,0,0,0,0,0,0,0,0,0
2258,1823,0,0,0,0,0,0,0,0,0
2259,1823,0,0,0,0,0,0,0,0,0
2260,1823,0,0,0,0,0,0,0,0,0
2261,1823,0,0,0,0,0,0,0,0,0
2262,1823,0,0,0,1,0,0,0,0,0
2263,1823,0,0,0,0,0,0,0,0,0
2264,1823,0,0,0,0,0,0,0,0,0
2265,1823,0,0,0,0,0,0,0,0,0
2266,1823,0,0,0,0,0,0,0,0,0
2267,1823,0,0,0,0,0,0,0,0,0
2268,1823,0,0,0,0,0,0,1,0,0
2269,1823,0,0,0,0,0,0,0,0,0
2270,1823,0,0,0,0,0,0,0,0,0
2271,1823,0,0,0,0,0,0,0,0,0
2272,1823,0,0,0,0,0,0,0,0,0
2273,1823,0,0,0,0,0,0,0,0,0
2274,1823,0,0,0,0,0,0,0,0,0
2275,1823,0,0,0,0,0,0,0,0,0
2276,1823,0,0,0,0,0,0,0,0,0
2277,1823,0,0,0,0,0,0,0,0,0
2278,1823,0,0,0,0,0,0,0,0,0
2279,1823,0,0,0,0,0,0,1,0,0
2280,1823,0,0,0,0,0,0,0,0,1
2281,1823,0,0,0,0,0,0,0,0,0
2282,1823,0,0,0,0,0,0,0,0,0
2283,1823,0,0,0,0,0,0,0,0,0
2284,1823,0,0,0,0,0,0,0,0,0
2285,1823,0,0,0,0,0,0,0,0,0
2286,1823,0,0,0,0,0,0,0,0,0
2287,1823,0,0,0,0,0,0,0,0,0
2288,1823,0,0,0,0,0,0,0,0,0
2289,1823,0,0,0,0,0,0,0,0,0
2290,1823,0,0,0,0,0,0,0,0,0
2291,1823,0,0,0,0,0,0,0,0,0
2292,1823,0,0,0,0,0,0,0,0,0
2293,1823,0,0,0,0,0,0,0,0,0
2294,1823,0,0,0,0,0,0,0,0,0
2295,1823,0,0,0,0,0,0,0,0,0
2296,1823,0,0,0,0,0,0,0,0,0
2297,1823,0,0,0,0,0,0,0,0,0
2298,1823,0,0,0,0,0,0,0,0,0
2299,1823,0,0,0,0,0,0,0,0,0
2300,1823,0,0,0,0,0,0,0,0,0
2301,1823,0,0,0,0,0,0,0,0,0
2302,1823,0,0,0,0,0,0,0,0,0
2303,1823,0,0,0,0,0,0,0,0,0
2304,1823,0,0,0,0,0,0,0,0,0
2305,1823,0,0,0,0,0,0,0,0,0
2306,1823,0,0,0,0,0,0,0,0,0
2307,1823,0,0,0,0,0,0,0,0,0
2308,1823,0,0,0,0,0,0,0,0,0
2309,1823,0,0,0,0,0,0,0,0,0
2310,1823,0,0,0,0,0,0,0,0,0
2311,1823,0,0,0,0,0,0,0,0,0
2312,1823,0,0,0,0,0,0,0,0,0
2313,1823,0,0,0,0,0,0,0,0,0
2314,1823,0,0,1,0,0,0,0,0,0
2315,1823,0,0,0,0,0,0,0,0,0
2316,1823,0,0,0,0,0,0,0,0,0
2317,1823,0,0,0,0,0,0,0,0,0
2318,1823,0,0,0,1,0,0,0,0,0
2319,1823,0,0,0,0,0,0,0,0,0
2320,1823,0,0,0,0,0,0,0,0,0
2321,1823,0,0,0,0,0,0,0,0,0
2322,1823,0,0,0,0,0,0,0,0,0
2323,1823,0,0,0,0,0,0,0,0,0
2324,1823,0,0,0,0,0,0,0,0,0
2325,1823,0,0,0,0,0,0,0,0,0
2326,1823,0,0,0,0,0,0,0,0,0
2327,1823,0,0,0,0,0,0,0,0,0
2328,1823,0,0,0,0,0,0,0,0,0
2329,1823,0,0,0,0,0,0,0,0,0
2330,1823,0,0,0,0,0,0,0,0,0
2331,1823,0,0,0,0,0,0,0,0,0
2332,1823,0,0,0,0,0,0,0,0,0
2333,1823,0,0,0,0,0,0,0,0,0
2334,1823,0,0,0,0,0,0,0,0,0
2335,1823,0,0,0,0,0,0,0,0,0
2336,1823,0,0,0,0,0,0,0,0,0
2337,1823,0,0,0,0,0,0,0,0,0
2338,1823,0,0,0,0,0,0,0,0,0
2339,1823,0,0,1,0,0,0,0,0,0
2340,1823,0,0,0,0,0,0,0,0,0
2341,1823,0,0,0,0,0,0,0,0,0
2342,1823,0,0,0,0,0,0,0,0,0
2343,1823,0,0,0,0,0,0,0,0,0
2344,1823,0,0,0,0,0,0,0,0,0
2345,1823,0,0,0,0,0,0,0,0,0
2346,1823,0,0,0,0,0,0,0,0,0
2347,1823,0,0,0,0,0,0,0,0,0
2348,1823,0,0,0,0,0,0,0,0,0
2349,1823,0,0,0,0,0,0,0,0,0
2350,1823,0,0,0,0,0,0,0,0,0
2351,1823,0,0,0,0,0,0,0,0,0
2352,1823,0,0,0,0,0,0,0,0,0
2353,1823,0,0,0,0,0,0,0,0,0
2354,1823,0,0,1,0,0,0,0,0,0
2355,1823,0,0,0,0,0,0,0,0,0
2356,1823,0,0,0,0,0,0,0,0,0
2357,1823,0,0,0,0,0,0,0,0,0
2358,1823,0,0,0,0,0,0,0,0,0
2359,1823,0,0,0,0,0,0,0,0,0
2360,1823,0,0,0,0,0,0,0,0,0
2361,1823,0,0,0,0,0,0,0,0,0
2362,1823,0,0,0,0,0,0,0,0,0
2363,1823,0,0,0,0,0,0,0,0,0
2364,1823,0,0,0,0,0,0,0,0,0
2365,1823,0,0,0,0,0,0,0,0,0
2366,1823,0,0,0,0,0,0,1,0,0
2367,1823,0,0,0,0,0,0,0,0,0
2368,1823,0,0,0,0,0,0,0,0,0
2369,1823,0,0,0,0,0,0,0,0,0
2370,1823,0,0,0,0,0,0,0,0,0
2371,1823,0,0,0,0,0,0,0,0,0
2372,1823,0,0,0,0,0,0,0,0,0
2373,1823,0,0,0,0,0,0,0,0,0
2374,1823,0,0,0,0,0,0,0,0,0
2375,1823,0,0,0,0,0,0,0,0,0
2376,1823,0,0,0,0,0,0,0,0,0
2377,1823,0,0,0,0,0,0,0,0,0
2378,1823,0,0,0,0,0,0,0,0,0
2379,1823,0,0,0,0,0,0,0,0,0
2380,1823,0,0,0,0,0,0,0,0,0
2381,1823,0,0,0,0,0,0,0,0,0
2382,1823,1,0,0,0,0,0,0,0,0
2383,1823,0,0,0,0,0,0,0,0,0
2384,1823,0,0,0,0,0,0,0,0,0
2385,1823,0,0,0,0,0,0,0,0,0
2386,1823,0,0,0,0,0,0,1,0,0
2387,1823,0,0,0,0,0,0,0,0,0
2388,1823,0,0,0,0,0,0,0,0,0
2389,1823,0,0,1,0,0,0,0,0,0
2390,1823,0,0,0,0,0,0,0,0,0
2391,1823,0,0,0,0,0,0,0,0,0
2392,1823,0,0,0,0,0,0,0,0,0
2393,1823,0,0,0,0,0,0,0,0,0
2394,1823,0,0,0,0,0,0,0,0,0
2395,1823,0,0,0,0,0,0,0,0,0
2396,1823,0,0,0,0,0,0,0,0,0
2397,1823,0,0,0,0,0,0,0,0,0
2398,1823,0,0,0,0,0,0,0,0,0
2399,1823,0,0,0,0,0,0,0,0,0
2400,1823,0,0,0,0,0,0,0,0,0
2401,1823,0,0,0,0,0,0,0,0,0
2402,1823,0,0,0,0,0,0,0,0,0
2403,1823,0,0,0,0,0,0,0,0,0
2404,1823,0,0,0,0,0,0,0,0,0
2405,1823,0,0,0,0,0,0,0,0,0
2406,1823,0,0,0,0,0,0,0,0,0
2407,1823,0,0,0,0,0,0,0,0,0
2408,1823,0,0,0,0,0,0,0,0,0
2409,1823,0,0,0,0,0,0,0,0,0
2410,1823,0,0,0,0,0,0,0,0,0
2411,1823,0,0,0,0,0,0,0,0,0
2412,1823,0,0,0,0,0,0,0,0,0
2413,1823,0,0,0,0,0,0,0,0,0
2414,1823,0,0,0,0,0,0,0,0,0
2415,1823,0,0,0,0,0,0,0,0,0
2416,1823,0,0,0,0,0,0,0,0,0
2417,1823,0,0,0,0,0,0,0,0,0
2418,1823,0,0,0,0,0,0,0,0,0
2419,1823,0,0,0,0,0,0,0,0,0
2420,1823,0,0,0,0,0,0,0,0,0
2421,1823,0,0,0,0,0,0,0,0,0
2422,1823,0,0,0,0,0,0,0,0,0
2423,1823,0,0,0,0,0,1,0,0,0
2424,1823,0,0,0,0,0,0,0,0,0
2425,1823,0,0,0,0,0,0,0,0,0
2426,1823,0,0,0,0,0,0,0,0,0
2427,1823,0,0,0,0,0,0,0,0,0
2428,1823,0,0,0,0,0,0,0,0,0
2429,1823,0,0,0,0,0,0,0,0,0
2430,1823,0,0,0,0,0,0,0,0,0
2431,1823,0,0,0,0,0,0,0,0,0
2432,1823,0,0,0,0,0,0,0,0,0
2433,1823,0,0,0,0,0,0,0,0,0
2434,1823,0,0,0,0,0,0,0,0,0
2435,1823,0,0,0,0,0,0,0,0,0
2436,1823,0,0,0,0,0,0,0,0,0
2437,1823,0,0,0,0,0,0,0,0,0
2438,1823,0,0,0,0,0,0,0,0,0
2439,1823,0,0,0,0,0,0,0,0,0
2440,1823,0,0,0,1,0,0,0,0,0
2441,1823,0,0,0,0,0,0,0,0,0
2442,1823,1,0,0,0,0,0,0,0,0
2443,1823,0,0,0,0,0,0,0,0,0
2444,1823,0,0,0,0,0,0,0,0,0
2445,1823,0,0,0,0,0,0,0,0,0
2446,1823,0,0,0,0,0,0,0,0,0
2447,1823,0,0,0,0,0,0,1,0,0
2448,1823,0,0,0,0,0,0,0,0,0
2449,1823,0,0,0,0,0,0,0,0,0
2450,1823,0,0,0,0,0,0,0,0,0
2451,1823,0,0,0,0,0,0,0,0,0
2452,1823,0,0,0,0,0,0,0,0,0
2453,1823,0,0,0,0,0,0,0,0,0
2454,1823,0,0,0,0,0,0,0,0,0
2455,1823,0,0,0,0,0,0,0,0,0
2456,1823,0,0,0,0,0,0,0,0,0
2457,1823,0,0,0,0,0,0,0,0,0
2458,1823,0,0,0,0,0,0,0,0,0
2459,1823,0,0,0,0,0,0,0,0,0
2460,1823,0,0,0,0,0,0,0,0,0
2461,1823,0,0,0,0,0,0,0,0,0
2462,1823,0,0,0,0,0,0,0,0,0
2463,1823,0,0,0,0,0,0,0,0,0
2464,1823,0,0,0,0,0,0,0,0,0
2465,1823,0,0,0,0,0,0,0,0,0
2466,1823,0,0,0,0,0,0,0,0,0
2467,1823,0,0,0,0,0,0,0,0,0
2468,1823,0,0,0,0,0,0,0,0,0
2469,1823,0,0,0,0,0,0,0,0,0
2470,1823,0,0,0,0,0,0,0,0,0
2471,1823,0,0,0,0,0,0,0,0,0
2472,1823,0,0,0,0,0,0,0,0,0
2473,1823,0,0,0,0,0,0,0,0,0
2474,1823,0,0,0,0,0,0,0,0,0
2475,1823,0,0,0,0,0,0,0,0,0
2476,1823,0,0,0,0,0,0,0,0,0
2477,1823,0,0,1,0,0,0,0,0,0
2478,1823,0,0,0,0,0,0,0,0,0
2479,1823,0,0,0,0,0,0,0,0,0
2480,1823,0,0,0,0,0,0,0,0,0
2481,1823,0,0,0,0,0,0,0,0,0
2482,1823,0,0,0,0,0,0,0,0,0
2483,1823,0,0,0,0,0,0,0,0,0
2484,1823,0,0,0,0,0,0,0,0,0
2485,1823,0,0,0,0,0,0,0,0,0
2486,1823,0,0,0,0,0,0,0,0,0
2487,1823,0,0,0,0,0,0,0,0,0
2488,1823,0,0,0,0,0,0,0,0,0
2489,1823,0,0,0,0,0,0,0,0,0
2490,1823,0,0,0,0,0,0,0,0,0
2491,1823,0,0,0,0,0,0,0,0,0
2492,1823,0,0,0,0,0,0,0,0,0
2493,1823,0,0,0,0,0,0,0,0,0
2494,1823,0,0,0,0,0,0,0,0,0
2495,1823,0,0,0,0,0,0,0,0,0
2496,1823,0,0,0,0,0,0,0,0,0
2497,1823,0,0,0,0,0,0,0,0,0
2498,1823,0,0,0,0,0,0,0,0,0
2499,1823,0,0,0,0,0,0,0,0,0
2500,1823,0,0,0,0,0,0,0,0,0
2501,1823,0,0,0,0,0,0,0,0,0
2502,1823,0,0,0,0,0,0,0,0,0
2503,1823,0,0,0,1,0,0,0,0,0
2504,1823,0,0,0,0,0,0,0,0,0
2505,1823,0,0,1,0,0,0,0,0,0
2506,1823,0,0,0,0,0,0,0,0,0
2507,1823,0,0,0,0,0,0,0,0,0
2508,1823,0,0,0,0,0,0,0,0,0
2509,1823,0,0,0,0,0,0,0,0,0
2510,1823,0,0,0,0,0,0,0,0,0
2511,1823,0,0,0,0,0,0,0,0,0
2512,1823,0,0,0,0,0,0,0,0,0
2513,1823,0,0,0,0,0,0,0,0,0
2514,1823,0,0,0,0,0,0,0,0,0
2515,1823,0,0,0,0,0,0,0,0,0
2516,1823,0,0,0,0,0,0,0,0,0
2517,1823,0,0,0,0,0,0,0,0,0
2518,1823,0,0,0,0,0,0,1,0,0
2519,1823,0,0,0,0,0,0,0,0,0
2520,1823,0,0,0,0,0,0,0,0,0
2521,1823,1,0,0,0,0,0,0,0,0
2522,1823,0,0,0,0,0,0,0,0,0
2523,1823,0,0,0,0,0,0,0,0,0
2524,1823,0,0,0,0,0,0,0,0,0
2525,1823,0,0,0,0,0,0,0,0,0
2526,1823,0,0,0,0,0,0,0,0,0
2527,1823,0,0,0,0,0,0,0,0,0
2528,1823,0,0,0,0,0,0,0,0,0
2529,1823,0,0,0,0,0,0,0,0,0
2530,1823,0,0,0,0,0,0,0,0,0
2531,1823,0,0,0,0,0,0,0,0,0
2532,1823,0,0,0,0,0,0,0,0,0
2533,1823,0,0,0,0,0,0,0,0,0
2534,1823,0,0,0,0,0,0,0,0,0
2535,1823,0,0,0,0,0,0,0,0,0
2536,1823,0,0,0,0,0,0,0,0,0
2537,1823,0,0,0,0,0,0,0,0,0
2538,1823,0,0,0,0,0,0,0,0,0
2539,1823,0,0,0,0,0,0,0,0,0
2540,1823,0,0,0,1,0,0,0,0,0
2541,1823,0,0,0,0,0,0,0,0,0
2542,1823,0,0,0,0,0,0,0,0,0
2543,1823,0,0,0,0,0,0,1,0,0
2544,1823,0,0,0,0,0,0,0,0,0
2545,1823,0,0,1,0,0,0,0,0,0
2546,1823,0,0,0,0,0,0,0,0,0
2547,1823,0,0,0,0,0,0,0,0,0
2548,1823,0,0,0,0,0,0,0,0,0
2549,1823,0,0,0,0,0,0,0,0,0
2550,1823,0,0,0,0,0,0,0,0,0
2551,1823,0,0,0,0,0,0,0,0,0
2552,1823,0,0,0,0,0,0,1,0,0
2553,1823,0,0,0,0,0,0,0,0,0
2554,1823,0,0,0,0,0,0,1,0,0
2555,1823,0,0,0,0,0,0,0,0,0
2556,1823,0,0,0,0,0,0,0,0,0
2557,1823,0,0,0,0,0,0,0,0,0
2558,1823,0,0,0,0,0,0,0,0,0
2559,1823,0,0,0,0,0,0,0,0,0
2560,1823,0,0,0,0,0,0,0,0,0
2561,1823,0,0,0,0,0,0,0,0,0
2562,1823,0,0,0,1,0,0,0,0,0
2563,1823,0,0,0,0,0,0,0,0,0
2564,1823,0,0,0,0,0,0,0,0,0
2565,1823,0,0,0,0,0,0,0,0,0
2566,1823,0,0,0,0,0,0,0,0,0
2567,1823,0,0,0,0,0,0,0,0,0
2568,1823,0,0,0,0,0,0,0,0,0
2569,1823,0,0,0,0,0,0,0,0,0
2570,1823,0,0,0,0,0,0,0,0,0
2571,1823,0,0,0,0,0,0,0,0,0
2572,1823,0,0,0,0,0,0,0,0,0
2573,1823,0,0,0,0,0,0,0,0,0
2574,1823,0,0,0,0,0,0,0,0,0
2575,1823,0,0,0,0,0,0,0,0,0
2576,1823,0,0,0,0,0,0,0,0,0
2577,1823,0,0,0,0,0,0,0,0,0
2578,1823,0,0,0,0,0,0,0,0,0
2579,1823,0,0,0,0,0,0,0,0,0
2580,1823,0,0,0,0,0,0,0,0,0
2581,1823,0,0,0,0,0,0,0,0,0
2582,1823,0,0,0,0,0,0,0,0,0
2583,1823,0,0,0,0,0,0,0,0,0
2584,1823,0,0,0,0,0,0,0,0,0
2585,1823,0,0,0,0,0,0,0,0,0
2586,1823,0,0,0,0,0,0,0,0,0
2587,1823,1,0,0,0,0,0,0,0,0
2588,1823,0,0,0,0,0,0,0,0,0
2589,1823,0,0,0,0,0,0,0,0,0
2590,1823,0,0,0,0,0,0,1,0,0
2591,1823,0,0,0,0,0,0,0,0,0
2592,1823,0,0,0,0,0,0,0,0,0
2593,1823,0,0,0,0,0,0,0,0,0
2594,1823,0,0,0,0,0,0,0,0,0
2595,1823,0,0,0,0,0,0,0,0,0
2596,1823,0,0,0,0,0,0,0,0,0
2597,1823,0,0,0,0,0,0,0,0,0
2598,1823,0,0,0,0,0,0,0,0,0
2599,1823,0,0,0,0,0,0,0,0,0
2600,1823,0,0,0,0,0,0,0,0,0
2601,1823,0,0,0,0,0,0,0,0,0
2602,1823,0,0,0,0,0,0,0,0,0
2603,1823,0,0,0,0,0,0,0,0,0
2604,1823,0,0,0,0,0,0,0,0,0
2605,1823,0,0,0,0,0,0,0,0,0
2606,1823,0,0,0,0,0,0,0,0,0
2607,1823,0,0,0,0,0,0,0,0,0
2608,1823,0,0,0,0,0,0,0,0,0
2609,1823,0,0,0,0,0,0,0,0,0
2610,1823,0,0,0,0,0,0,0,0,0
2611,1823,0,0,0,0,0,0,0,0,0
2612,1823,0,0,0,0,0,0,0,0,0
2613,1823,0,0,0,0,0,0,0,0,0
2614,1823,0,0,0,0,0,0,0,0,0
2615,1823,0,0,0,0,0,0,0,0,0
2616,1823,0,0,0,0,0,0,0,0,0
2617,1823,0,0,0,0,0,0,0,0,0
2618,1823,0,0,0,0,0,0,0,0,0
2619,1823,0,0,0,0,0,0,0,0,0
2620,1823,0,0,0,0,0,0,0,0,0
2621,1823,0,0,0,0,0,0,0,0,0
2622,1823,0,0,0,0,0,0,0,0,0
2623,1823,0,0,0,0,0,0,0,0,0
2624,1823,0,0,0,0,0,0,0,0,0
2625,1823,0,0,0,0,0,0,0,0,0
2626,1823,0,0,0,0,0,0,0,0,0
2627,1823,0,0,0,0,0,0,0,0,0
2628,1823,0,0,0,0,0,0,0,0,0
2629,1823,0,0,0,0,0,0,0,0,0
2630,1823,0,0,0,0,0,0,0,0,0
2631,1823,0,0,0,0,0,0,0,0,0
2632,1823,0,0,0,0,0,0,0,0,0
2633,1823,0,0,0,0,0,0,0,0,0
2634,1823,0,0,0,0,0,0,0,0,0
2635,1823,0,0,0,0,0,0,0,0,0
2636,1823,0,0,0,0,0,0,1,0,0
2637,1823,0,0,0,0,0,0,0,0,0
2638,1823,0,0,0,0,0,0,0,0,0
2639,1823,0,0,0,0,0,0,0,0,0
2640,1823,0,0,0,0,0,0,0,0,0
2641,1823,0,0,0,0,0,0,0,0,0
2642,1823,0,0,0,0,0,0,0,0,0
2643,1823,0,0,1,0,0,0,0,0,0
2644,1823,0,1,0,0,0,0,0,0,0
2645,1823,0,0,0,0,0,0,0,0,0
2646,1823,0,0,0,0,0,0,0,0,0
2647,1823,0,0,0,0,0,0,0,0,0
2648,1823,1,0,0,0,0,0,0,0,0
2649,1823,0,0,0,0,0,0,0,0,0
2650,1823,0,0,0,0,0,0,0,0,0
2651,1823,0,0,0,0,0,0,0,0,0
2652,1823,0,0,0,0,0,0,0,0,0
2653,1823,0,0,0,0,0,0,0,0,0
2654,1823,0,0,0,0,0,0,0,0,0
2655,1823,0,0,0,0,0,0,0,0,0
2656,1823,0,0,0,0,0,0,0,0,0
2657,1823,0,0,0,0,0,0,0,0,0
2658,1823,0,0,0,0,0,0,0,0,0
2659,1823,0,0,0,0,0,0,0,0,0
2660,1823,0,0,0,0,0,0,0,0,0
2661,1823,0,0,0,0,0,0,0,0,0
2662,1823,0,0,0,0,0,0,0,0,0
2663,1823,0,0,0,0,0,0,0,0,0
2664,1823,0,0,0,0,0,0,0,0,0
2665,1823,0,0,0,0,0,0,0,0,0
2666,1823,0,0,0,0,0,0,0,0,0
2667,1823,0,0,0,0,0,0,0,0,0
2668,1823,1,0,0,0,0,0,0,0,0
2669,1823,0,0,0,0,0,0,0,0,0
2670,1823,0,0,0,0,0,0,0,0,0
2671,1823,0,0,0,0,0,0,0,0,0
2672,1823,0,0,0,0,0,0,0,0,0
2673,1823,0,0,0,0,0,0,0,0,0
2674,1823,0,0,0,1,0,0,0,0,0
2675,1823,0,0,0,0,0,0,0,0,0
2676,1823,0,0,0,0,0,0,0,0,0
2677,1823,0,0,0,0,0,0,0,0,0
2678,1823,0,0,0,0,0,0,0,0,0
2679,1823,0,0,0,0,0,0,0,0,0
2680,1823,0,0,0,0,0,0,0,0,0
2681,1823,0,0,0,0,0,0,0,0,0
2682,1823,0,0,0,0,0,0,0,0,0
2683,1823,0,0,0,0,0,0,0,0,0
2684,1823,0,0,0,0,0,0,0,0,0
2685,1823,0,0,0,0,0,0,0,0,0
2686,1823,0,0,0,0,0,0,0,0,0
2687,1823,0,0,0,0,0,0,0,0,0
2688,1823,0,0,0,0,0,0,0,0,0
2689,1823,0,0,0,0,0,0,0,0,0
2690,1823,0,0,0,0,0,0,0,0,0
2691,1823,0,0,0,0,0,0,0,0,0
2692,1823,0,0,0,0,0,0,0,0,0
2693,1823,0,0,0,0,0,0,0,0,0
2694,1823,0,0,0,0,0,0,0,0,0
2695,1823,0,0,0,0,0,0,0,0,0
2696,1823,1,0,0,0,0,0,0,0,0
2697,1823,0,0,0,0,0,0,0,0,0
2698,1823,0,0,0,0,0,0,0,0,0
2699,1823,0,0,0,0,0,0,0,0,0
2700,1823,0,0,0,0,0,0,0,0,0
2701,1823,0,0,0,0,0,0,0,0,0
2702,1823,0,0,0,0,0,0,0,0,0
2703,1823,0,0,0,1,0,0,0,0,0
2704,1823,0,0,0,0,0,0,0,0,0
2705,1823,0,0,0,0,0,0,0,0,0
2706,1823,0,0,0,0,0,0,0,0,0
2707,1823,0,0,1,0,0,0,0,0,0
2708,1823,0,0,0,1,0,0,0,0,0
2709,1823,0,0,0,0,0,0,0,0,0
2710,1823,0,0,0,0,0,0,0,0,0
2711,1823,0,0,0,0,0,0,0,0,0
2712,1823,0,0,0,0,0,0,0,0,0
2713,1823,0,0,0,0,0,0,0,0,0
2714,1823,0,0,0,0,0,0,0,0,0
2715,1823,1,0,0,0,0,0,0,0,0
2716,1823,0,0,0,0,0,0,0,0,0
2717,1823,0,0,0,0,0,0,0,0,0
2718,1823,0,0,0,0,0,0,0,0,0
2719,1823,0,0,0,0,0,0,0,0,0
2720,1823,0,0,0,0,0,0,0,0,0
2721,1823,0,0,0,0,0,0,0,0,0
2722,1823,0,0,0,0,0,0,0,0,0
2723,1823,0,0,0,0,0,0,0,0,0
2724,1823,1,0,0,0,0,0,0,0,0
2725,1823,0,0,0,0,0,0,0,0,0
2726,1823,0,0,0,0,0,0,0,0,0
2727,1823,0,0,0,0,0,0,0,0,0
2728,1823,0,0,0,1,0,0,0,0,0
2729,1823,0,0,0,0,0,0,0,0,0
2730,1823,0,0,0,0,0,0,0,0,0
2731,1823,0,0,0,0,0,0,0,0,0
2732,1823,0,0,0,0,0,0,0,0,0
2733,1823,0,0,0,0,0,0,0,0,0
2734,1823,0,0,0,0,0,0,0,0,0
2735,1823,0,0,0,0,0,0,0,0,0
2736,1823,0,0,0,0,0,0,0,0,0
2737,1823,0,0,0,0,0,0,0,0,0
2738,1823,0,0,0,0,0,0,0,0,0
2739,1823,0,0,0,0,0,0,0,0,0
2740,1823,0,0,0,0,0,0,0,0,0
2741,1823,0,0,0,0,0,0,0,0,0
2742,1823,0,0,0,0,0,0,0,0,0
2743,1823,0,0,0,0,0,0,0,0,0
2744,1823,0,0,0,0,0,0,0,0,0
2745,1823,0,0,0,0,0,0,0,0,0
2746,1823,0,0,0,0,0,0,0,0,0
2747,1823,0,0,0,0,0,0,0,0,0
2748,1823,1,0,0,0,0,0,0,0,0
2749,1823,0,0,0,0,0,0,0,0,0
2750,1823,0,0,0,0,0,0,0,0,0
2751,1823,0,0,0,0,0,0,0,0,0
2752,1823,0,0,0,0,0,0,0,0,0
2753,1823,0,0,0,0,0,0,0,0,0
2754,1823,0,0,0,0,0,0,0,0,0
2755,1823,0,0,0,0,0,0,0,0,0
2756,1823,0,0,0,0,0,0,0,0,0
2757,1823,0,0,0,0,0,0,0,0,0
2758,1823,0,0,0,0,0,0,0,0,0
2759,1823,0,0,0,0,0,0,0,0,0
2760,1823,0,0,0,0,0,0,0,0,0
2761,1823,0,0,0,0,0,0,0,0,0
2762,1823,0,0,0,0,0,0,0,0,0
2763,1823,0,0,0,0,0,0,0,0,0
2764,1823,0,0,0,0,0,0,0,0,0
2765,1823,0,0,0,0,0,0,0,0,0
2766,1823,0,0,0,0,0,0,0,0,0
2767,1823,0,0,0,0,0,0,0,0,0
2768,1823,0,0,0,0,0,0,0,0,0
2769,1823,0,0,1,0,0,0,0,0,0
2770,1823,0,0,0,0,0,0,0,0,0
2771,1823,0,0,0,0,0,0,0,0,0
2772,1823,0,0,0,0,0,0,0,0,0
2773,1823,0,0,0,0,0,0,0,0,0
2774,1823,0,0,0,0,0,0,0,0,0
2775,1823,0,0,1,0,0,0,0,0,0
2776,1823,0,0,0,1,0,0,0,0,0
2777,1823,0,0,0,0,0,0,0,0,0
2778,1823,0,0,0,0,0,0,0,0,0
2779,1823,0,0,0,0,0,0,0,0,0
2780,1823,0,0,0,0,0,0,0,0,0
2781,1823,0,0,0,0,0,0,0,0,0
2782,1823,0,0,0,0,0,0,0,0,0
2783,1823,0,0,0,0,0,0,0,0,0
2784,1823,0,0,0,0,0,0,0,0,0
2785,1823,0,0,0,0,0,0,0,0,0
2786,1823,0,0,0,0,0,0,0,0,0
2787,1823,0,0,0,0,0,0,0,0,0
2788,1823,0,0,0,0,0,0,0,0,0
2789,1823,0,0,0,0,0,0,0,0,0
2790,1823,0,0,0,0,0,0,0,0,0
2791,1823,0,0,0,0,0,0,0,0,0
2792,1823,0,0,0,0,0,0,0,0,0
2793,1823,0,0,0,0,0,0,0,0,0
2794,1823,0,0,0,0,0,0,0,0,0
2795,1823,0,0,0,0,0,0,0,0,0
2796,1823,0,0,0,0,0,0,0,0,0
2797,1823,0,0,0,0,0,0,0,0,0
2798,1823,0,0,0,0,0,0,0,0,0
2799,1823,0,0,0,0,0,0,0,0,0
2800,1823,0,0,0,0,0,0,0,0,0
2801,1823,0,0,0,0,0,0,0,0,0
2802,1823,0,0,0,0,0,0,0,0,0
2803,1823,0,0,0,0,0,0,0,0,0
2804,1823,0,0,0,0,0,0,0,0,0
2805,1823,0,0,0,0,0,0,0,0,0
2806,1823,0,0,0,0,0,0,0,0,0
2807,1823,0,0,0,0,0,0,0,0,0
2808,1823,0,0,0,0,0,0,0,0,0
2809,1823,0,0,0,0,0,0,0,0,0
2810,1823,0,0,0,0,0,0,0,0,0
2811,1823,0,0,0,0,0,0,0,0,0
2812,1823,0,0,0,0,0,0,0,0,0
2813,1823,0,0,0,0,0,0,0,0,0
2814,1823,0,0,0,0,0,0,0,0,0
2815,1823,0,0,0,0,0,0,0,0,0
2816,1823,0,0,0,0,0,0,0,0,0
2817,1823,0,0,0,0,0,0,0,0,0
2818,1823,0,0,0,0,0,0,0,0,0
2819,1823,0,0,0,0,0,0,0,0,0
2820,1823,0,0,0,0,0,0,0,0,0
2821,1823,0,0,0,0,0,0,0,0,0
2822,1823,0,0,0,0,0,0,0,0,0
2823,1823,0,0,0,0,0,0,0,0,0
2824,1823,0,0,0,0,0,0,0,0,0
2825,1823,0,0,0,0,0,0,0,0,0
2826,1823,0,0,0,0,0,0,0,0,0
2827,1823,0,0,0,0,0,0,0,0,0
2828,1823,0,0,0,0,0,0,0,0,0
2829,1823,0,0,0,0,0,0,0,0,0
2830,1823,0,0,0,0,0,0,0,0,0
2831,1823,0,0,0,0,0,0,0,0,0
2832,1823,0,0,0,0,0,0,0,0,0
2833,1823,0,0,0,0,0,0,0,0,0
2834,1823,0,0,0,0,0,0,0,0,0
2835,1823,0,0,0,0,0,0,0,0,0
2836,1823,0,0,0,0,0,0,0,0,0
2837,1823,0,0,0,0,0,0,0,0,0
2838,1823,0,0,0,0,0,0,0,0,0
2839,1823,0,0,0,0,0,0,0,0,0
2840,1823,0,0,0,1,0,0,0,0,0
2841,1823,0,0,0,0,0,0,0,0,0
2842,1823,0,0,0,0,0,0,0,0,0
2843,1823,0,0,1,0,0,0,0,0,0
2844,1823,0,0,0,0,0,0,0,0,0
2845,1823,0,0,0,0,0,0,0,0,0
2846,1823,0,0,0,0,0,0,0,0,0
2847,1823,0,0,0,0,0,0,0,0,0
2848,1823,0,0,0,0,0,0,0,0,0
2849,1823,0,0,0,0,0,0,0,0,0
2850,1823,0,0,0,0,0,0,0,0,0
2851,1823,0,0,0,0,0,0,0,0,0
2852,1823,0,0,0,0,0,0,0,0,0
2853,1823,0,0,0,0,0,0,0,0,0
2854,1823,0,0,0,0,0,0,0,0,0
2855,1823,0,0,0,0,0,0,0,0,0
2856,1823,0,0,0,0,0,0,0,0,0
2857,1823,0,0,0,0,0,0,0,0,0
2858,1823,0,0,0,0,0,0,0,0,0
2859,1823,0,0,0,0,0,0,0,0,0
2860,1823,0,0,0,0,0,0,0,0,0
2861,1823,0,0,0,0,0,0,0,0,0
2862,1823,0,0,0,0,0,0,0,0,0
2863,1823,0,0,0,0,0,0,0,0,0
2864,1823,0,0,0,0,0,0,0,0,0
2865,1823,0,0,0,0,0,0,1,0,0
2866,1823,0,0,0,0,0,0,0,0,0
2867,1823,0,0,0,0,0,0,0,0,0
2868,1823,0,0,0,0,0,0,0,0,0
2869,1823,0,0,0,0,0,0,0,0,0
2870,1823,0,0,0,0,0,0,0,0,0
2871,1823,0,0,0,0,0,0,0,0,0
2872,1823,0,0,0,0,0,0,0,0,0
2873,1823,0,0,0,0,0,0,0,0,0
2874,1823,0,0,0,0,0,0,0,0,0
2875,1823,0,0,0,0,0,0,0,0,0
2876,1823,0,0,0,0,0,0,0,0,0
2877,1823,0,0,0,0,0,0,0,0,0
2878,1823,0,0,0,0,0,0,0,0,0
2879,1823,0,0,0,0,0,0,0,0,0
2880,1823,0,0,0,0,0,0,0,0,0
2881,1823,0,0,0,0,0,0,0,0,0
2882,1823,0,0,0,0,0,0,0,0,0
2883,1823,0,0,0,0,0,0,0,0,0
2884,1823,0,0,0,0,0,0,0,0,0
2885,1823,0,0,0,1,0,0,0,0,0
2886,1823,0,0,0,0,0,0,0,0,0
2887,1823,0,0,0,0,0,0,0,0,0
2888,1823,1,0,0,0,0,0,0,0,0
2889,1823,0,0,0,0,0,0,0,0,0
2890,1823,0,0,0,0,0,0,0,0,0
2891,1823,0,0,0,0,0,0,0,0,0
2892,1823,0,0,0,0,0,0,0,0,0
2893,1823,0,0,0,0,0,0,0,0,0
2894,1823,0,0,0,0,0,0,0,0,0
2895,1823,0,0,0,0,0,0,0,0,0
2896,1823,0,0,0,0,0,0,0,0,0
2897,1823,0,0,0,0,0,0,0,0,0
2898,1823,0,0,0,0,0,0,0,0,0
2899,1823,0,0,0,0,0,0,0,0,0
2900,1823,0,0,0,0,0,0,0,0,0
2901,1823,0,0,0,0,0,0,0,0,0
2902,1823,0,0,0,0,0,0,0,0,0
2903,1823,0,0,0,0,0,0,0,0,0
2904,1823,0,0,0,0,0,0,0,0,0
2905,1823,0,0,0,0,0,0,0,0,0
2906,1823,0,0,0,0,0,0,0,0,0
2907,1823,0,0,0,0,0,0,0,0,0
2908,1823,0,0,0,0,0,0,0,0,0
2909,1823,0,0,0,0,0,0,0,0,0
2910,1823,0,0,0,0,0,0,0,0,0
2911,1823,0,0,0,0,0,0,0,0,0
2912,1823,0,0,0,0,0,0,0,0,0
2913,1823,0,0,0,0,0,0,0,0,0
2914,1823,0,0,0,0,0,0,0,0,0
2915,1823,0,0,0,0,0,0,0,0,0
2916,1823,0,0,0,0,0,0,0,0,1
2917,1823,0,0,0,0,0,0,0,0,0
2918,1823,0,0,0,0,0,0,0,0,0
2919,1823,0,0,0,0,0,0,0,0,0
2920,1823,0,0,0,0,0,0,0,0,0
2921,1823,0,0,0,0,0,0,0,0,0
2922,1823,0,0,0,0,0,0,0,0,0
2923,1823,0,0,0,0,0,0,0,0,0
2924,1823,0,0,0,0,0,0,0,0,0
2925,1823,0,0,0,0,0,0,0,0,0
2926,1823,0,0,0,0,0,0,0,0,0
2927,1823,0,0,0,0,0,0,0,0,0
2928,1823,0,0,0,0,0,0,0,0,0
2929,1823,0,0,0,0,0,0,0,0,0
2930,1823,0,0,0,0,0,0,0,0,0
2931,1823,0,0,0,0,0,0,0,0,0
2932,1823,0,0,0,0,0,0,0,0,0
2933,1823,0,0,0,0,0,0,0,0,0
2934,1823,0,0,0,0,0,0,0,0,0
2935,1823,0,0,0,0,0,0,1,0,0
2936,1823,0,0,0,0,0,0,0,0,0
2937,1823,0,0,0,0,0,0,0,0,0
2938,1823,0,0,0,0,0,0,0,0,0
2939,1823,0,0,0,0,0,1,0,0,0
2940,1823,0,0,0,0,0,0,0,0,0
2941,1823,0,0,0,0,0,0,0,0,0
2942,1823,0,0,0,0,0,0,0,0,0
2943,1823,0,0,0,0,0,0,0,0,0
2944,1823,0,0,0,0,0,0,0,0,0
2945,1823,0,0,0,0,0,0,0,0,0
2946,1823,0,0,0,0,0,0,0,0,0
2947,1823,0,0,0,0,0,0,0,0,0
2948,1823,0,0,0,0,0,0,0,0,1
2949,1823,0,0,0,0,0,0,0,0,0
2950,1823,0,0,0,0,0,0,0,0,0
2951,1823,0,0,0,0,0,0,0,0,0
2952,1823,0,0,0,0,0,0,0,0,0
2953,1823,0,0,0,0,0,0,0,0,0
2954,1823,0,0,0,0,0,0,0,0,0
2955,1823,0,0,0,0,0,0,0,0,0
2956,1823,0,0,0,0,0,0,0,0,0
2957,1823,0,0,0,0,0,0,0,0,0
2958,1823,0,0,0,0,0,0,0,0,0
2959,1823,0,0,0,0,0,0,0,0,0
2960,1823,0,0,0,0,0,0,0,0,0
2961,1823,0,0,0,0,0,0,0,0,0
2962,1823,0,0,0,0,0,0,1,0,0
2963,1823,0,0,0,0,0,0,0,0,0
2964,1823,0,0,0,0,0,0,0,0,0
2965,1823,0,0,0,0,0,0,0,0,0
2966,1823,0,0,0,0,0,0,0,0,0
2967,1823,0,0,0,0,0,0,0,0,0
2968,1823,0,0,0,0,0,0,0,0,0
2969,1823,0,0,0,0,0,0,0,0,0
2970,1823,0,0,0,0,0,0,0,0,0
2971,1823,0,0,0,0,0,0,1,0,0
2972,1823,0,0,0,0,0,0,0,0,0
2973,1823,0,0,0,0,0,0,0,0,0
2974,1823,0,0,0,0,0,0,0,0,0
2975,1823,0,0,0,0,0,0,0,0,0
2976,1823,0,0,0,0,0,0,0,0,0
2977,1823,0,0,0,0,0,0,0,0,0
2978,1823,0,0,0,0,0,0,0,0,0
2979,1823,0,0,0,0,0,0,0,0,0
2980,1823,0,0,0,0,0,0,0,0,0
2981,1823,0,0,0,0,0,0,0,0,0
2982,1823,0,0,0,0,0,0,0,0,0
2983,1823,0,0,1,0,0,0,0,0,0
2984,1823,0,0,0,0,0,0,0,0,0
2985,1823,0,0,0,1,0,0,0,0,0
2986,1823,0,0,0,0,0,0,0,0,0
2987,1823,0,0,1,0,0,0,0,0,0
2988,1823,0,0,0,0,0,0,0,0,0
2989,1823,0,0,0,0,0,0,0,0,0
2990,1823,0,0,0,1,0,0,0,0,0
2991,1823,0,0,0,0,0,0,0,0,0
2992,1823,0,0,0,0,0,0,0,0,0
2993,1823,0,0,0,0,0,0,0,0,0
2994,1823,0,0,0,0,0,0,0,0,0
2995,1823,0,0,0,0,0,0,0,0,0
2996,1823,0,0,0,0,0,0,0,0,0
2997,1823,0,0,0,0,0,0,0,0,0
2998,1823,0,0,0,0,0,0,0,0,0
2999,1823,0,0,0,0,0,0,0,0,0
3000,1823,0,0,0,0,0,0,0,0,0
3001,1823,0,0,0,0,0,0,0,0,0
3002,1823,0,0,0,0,0,0,1,0,0
3003,1823,0,0,0,0,0,0,0,0,0
3004,1823,0,0,0,1,0,0,0,0,0
3005,1823,0,0,0,0,0,0,0,0,0
3006,1823,0,0,0,0,0,1,0,0,0
3007,1823,0,0,0,0,0,0,0,0,0
3008,1823,0,0,0,0,0,0,0,0,0
3009,1823,0,0,0,0,0,0,0,0,0
3010,1823,0,0,1,0,0,0,0,0,0
3011,1823,0,0,0,0,0,0,0,0,0
3012,1823,0,0,0,0,0,0,0,0,0
3013,1823,0,0,0,0,0,0,0,0,0
3014,1823,0,0,0,0,0,0,0,0,0
3015,1823,0,0,0,0,0,0,0,0,0
3016,1823,0,0,0,0,0,0,0,0,0
3017,1823,0,0,0,0,0,0,0,0,0
3018,1823,0,0,0,0,0,0,0,0,0
3019,1823,0,0,0,0,0,0,0,0,0
3020,1823,0,0,0,0,0,0,0,0,0
3021,1823,0,0,0,0,0,0,0,0,0
3022,1823,0,0,0,0,0,0,0,0,0
3023,1823,0,0,0,0,0,0,0,0,0
3024,1823,0,0,0,0,0,0,0,0,0
3025,1823,0,0,0,0,0,0,0,0,0
3026,1823,0,0,0,0,0,0,0,0,0
3027,1823,0,0,0,0,0,0,0,0,0
3028,1823,0,0,0,0,0,0,0,0,0
3029,1823,0,0,0,0,0,0,0,0,0
3030,1823,0,0,0,0,0,0,0,0,0
3031,1823,0,0,0,0,0,0,0,0,0
3032,1823,0,0,0,0,0,0,0,0,0
3033,1823,0,0,0,0,0,0,0,0,0
3034,1823,0,0,0,0,0,0,0,0,0
3035,1823,0,0,0,0,0,0,0,0,0
3036,1823,1,0,0,0,0,0,0,0,0
3037,1823,0,0,0,0,0,0,0,0,0
3038,1823,0,0,0,0,0,0,0,0,0
3039,1823,1,0,0,0,0,0,0,0,0
3040,1823,0,0,0,0,0,0,0,0,0
3041,1823,0,0,0,1,0,0,0,0,0
3042,1823,0,0,0,0,0,0,0,0,0
3043,1823,0,0,0,0,0,0,0,0,0
3044,1823,0,0,0,0,0,0,0,0,0
3045,1823,0,0,0,0,0,0,0,0,0
3046,1823,0,0,0,0,0,0,0,0,0
3047,1823,0,0,0,0,0,0,0,0,0
3048,1823,0,0,0,0,0,0,0,0,0
3049,1823,0,0,0,0,0,0,0,0,0
3050,1823,0,0,0,0,0,0,0,0,0
3051,1823,0,0,0,0,0,0,0,0,0
3052,1823,0,0,0,0,0,0,0,0,0
3053,1823,0,0,0,0,0,0,0,0,0
3054,1823,0,0,0,0,0,0,0,0,0
3055,1823,0,0,0,0,0,0,0,0,0
3056,1823,0,0,0,0,0,0,0,0,0
3057,1823,0,0,0,0,0,0,0,0,0
3058,1823,0,0,0,0,0,0,0,0,0
3059,1823,0,0,0,0,0,0,0,0,0
3060,1823,0,0,0,0,0,0,0,0,0
3061,1823,0,0,0,0,0,0,0,0,0
3062,1823,0,0,0,0,0,0,0,0,0
3063,1823,0,0,0,0,0,0,0,0,0
3064,1823,0,0,0,0,0,0,0,0,0
3065,1823,0,0,0,0,0,0,0,0,0
3066,1823,0,0,0,0,0,0,0,0,0
3067,1823,0,0,0,0,0,0,0,0,0
3068,1823,0,0,0,0,0,0,0,0,0
3069,1823,0,0,0,0,0,0,0,0,0
3070,1823,0,0,0,0,0,0,0,0,0
3071,1823,0,0,0,0,0,0,1,0,0
3072,1823,0,0,0,0,0,0,0,0,0
3073,1823,0,0,0,0,0,0,0,0,0
3074,1823,0,0,0,0,0,0,0,0,0
3075,1823,0,0,0,0,0,0,0,0,0
3076,1823,0,0,0,1,0,0,0,0,0
3077,1823,0,0,0,0,0,0,0,0,0
3078,1823,0,0,0,0,0,0,0,0,0
3079,1823,0,0,0,0,0,0,0,0,0
3080,1823,0,0,0,0,0,0,0,0,0
3081,1823,0,0,0,0,0,0,0,0,0
3082,1823,0,0,0,0,0,0,0,0,0
3083,1823,0,0,0,0,0,0,0,0,0
3084,1823,0,0,0,0,0,0,0,0,0
3085,1823,0,0,0,0,0,0,0,0,0
3086,1823,0,0,0,0,0,0,0,0,0
3087,1823,0,0,0,0,0,0,0,0,0
3088,1823,0,0,0,0,0,0,0,0,0
3089,1823,0,0,0,0,0,0,0,0,0
3090,1823,0,0,0,0,0,0,0,0,0
3091,1823,0,0,0,0,0,0,0,0,0
3092,1823,0,0,0,0,0,0,0,0,0
3093,1823,0,0,0,0,0,0,0,0,0
3094,1823,0,0,0,0,0,0,0,0,0
3095,1823,0,0,0,0,0,0,0,0,0
3096,1823,0,0,0,0,0,0,0,0,0
3097,1823,0,0,0,0,0,0,0,0,0
3098,1823,0,0,0,0,0,0,0,0,0
3099,1823,0,0,0,0,0,0,0,0,0
3100,1823,0,0,0,1,0,0,0,0,0
3101,1823,0,0,0,0,0,0,0,0,0
3102,1823,0,0,0,0,0,0,0,0,0
3103,1823,0,0,0,0,0,0,0,0,0
3104,1823,0,0,0,0,0,0,0,0,0
3105,1823,0,0,0,0,0,0,0,0,0
3106,1823,0,0,0,0,0,0,0,0,0
3107,1823,0,0,0,0,0,0,1,0,0
3108,1823,0,0,0,0,0,0,0,0,0
3109,1823,0,0,0,1,0,0,0,0,0
3110,1823,0,0,0,0,0,0,0,0,0
3111,1823,0,0,0,0,0,0,0,0,0
3112,1823,0,0,0,0,0,0,0,0,0
3113,1823,0,0,0,0,0,0,0,0,0
3114,1823,0,0,0,0,0,0,0,0,0
3115,1823,0,0,0,0,0,0,0,0,0
3116,1823,0,0,0,0,0,0,0,0,0
3117,1823,0,0,0,0,0,0,0,0,0
3118,1823,0,0,0,0,0,0,0,0,0
3119,1823,0,0,0,0,0,0,0,0,0
3120,1823,0,0,0,0,0,0,0,0,0
3121,1823,0,0,0,0,0,0,0,0,0
3122,1823,0,0,0,0,0,0,0,0,0
3123,1823,0,0,0,0,0,0,0,0,0
3124,1823,0,0,0,0,0,0,0,0,0
3125,1823,0,0,0,0,0,0,0,0,0
3126,1823,0,0,0,0,0,0,0,0,0
3127,1823,0,0,0,0,0,0,0,0,0
3128,1823,0,0,0,1,0,0,0,0,0
3129,1823,0,0,0,0,0,0,0,0,0
3130,1823,0,0,0,0,0,0,0,0,0
3131,1823,0,0,0,0,0,0,0,0,0
3132,1823,0,0,0,0,0,0,0,0,0
3133,1823,0,0,0,1,0,0,0,0,0
3134,1823,0,0,0,0,0,0,0,0,0
3135,1823,0,0,0,0,0,0,1,0,0
3136,1823,0,0,0,0,0,0,0,0,0
3137,1823,0,0,0,0,0,0,0,0,0
3138,1823,0,0,0,0,0,0,0,0,0
3139,1823,0,0,0,0,0,0,0,0,0
3140,1823,0,0,0,0,0,0,0,0,0
3141,1823,0,0,0,0,0,0,0,0,0
3142,1823,0,0,0,0,0,0,0,0,0
3143,1823,0,0,0,0,0,0,0,0,0
3144,1823,0,0,0,0,0,0,0,0,0
3145,1823,0,0,0,0,0,0,0,0,0
3146,1823,0,0,0,0,0,0,0,0,0
3147,1823,0,0,0,0,0,0,0,0,0
3148,1823,0,0,0,0,0,0,0,0,0
3149,1823,0,0,0,0,0,0,0,0,0
3150,1823,0,0,0,0,0,0,0,0,0
3151,1823,0,0,0,0,0,0,0,0,0
3152,1823,0,0,1,0,0,0,0,0,0
3153,1823,0,0,0,0,0,0,0,0,0
3154,1823,0,0,0,0,0,0,0,0,0
3155,1823,0,0,0,0,0,0,0,0,0
3156,1823,0,0,0,0,0,0,0,0,0
3157,1823,0,0,0,0,0,0,0,0,0
3158,1823,0,0,0,0,0,0,0,0,0
3159,1823,0,0,0,0,0,0,0,0,0
3160,1823,0,0,0,1,0,0,0,0,0
3161,1823,0,0,0,0,0,0,0,0,0
3162,1823,0,0,0,0,0,0,0,0,0
3163,1823,0,0,0,0,0,0,0,0,0
3164,1823,0,0,0,0,0,0,0,0,0
3165,1823,0,0,0,0,0,0,0,0,0
3166,1823,0,0,0,0,0,0,0,0,0
3167,1823,0,0,0,0,0,0,0,0,0
3168,1823,0,0,0,1,0,0,0,0,0
3169,1823,0,0,0,0,0,0,0,0,0
3170,1823,0,0,0,0,0,0,0,0,0
3171,1823,1,0,0,0,0,0,0,0,0
3172,1823,0,0,0,0,0,0,0,0,0
3173,1823,0,0,0,0,0,0,0,0,0
3174,1823,0,0,0,0,0,0,0,0,0
3175,1823,0,0,0,0,0,0,0,0,0
3176,1823,0,0,0,0,0,0,0,0,0
3177,1823,0,0,0,0,0,1,0,0,0
3178,1823,0,0,0,0,0,0,0,0,0
3179,1823,0,0,0,0,0,0,0,0,0
3180,1823,0,0,0,0,0,0,0,0,0
3181,1823,0,0,0,0,0,0,0,0,0
3182,1823,0,0,0,0,0,0,0,0,0
3183,1823,0,0,0,0,0,0,0,0,0
3184,1823,0,0,0,0,0,1,0,0,0
3185,1823,0,0,0,0,0,0,0,0,0
3186,1823,0,0,0,0,0,0,0,0,0
3187,1823,0,0,0,0,0,0,0,0,0
3188,1823,0,0,0,0,0,0,0,0,0
3189,1823,0,0,0,0,0,0,0,0,0
3190,1823,0,0,0,0,0,0,0,0,0
3191,1823,0,0,0,0,0,0,0,0,0
3192,1823,0,0,0,0,0,0,0,0,0
3193,1823,0,0,0,0,0,0,0,0,0
3194,1823,0,0,0,0,0,0,0,0,0
3195,1823,0,0,0,0,0,0,0,0,0
3196,1823,0,0,0,0,0,0,0,0,0
3197,1823,0,0,0,0,0,0,0,0,0
3198,1823,0,0,0,0,0,0,0,0,0
3199,1823,0,0,0,0,0,0,0,0,0
3200,1823,0,0,0,0,0,0,0,0,0
3201,1823,0,0,0,0,0,0,0,0,0
3202,1823,0,0,0,1,0,0,0,0,0
3203,1823,0,0,0,0,0,0,0,0,0
3204,1823,0,0,0,0,0,0,0,0,0
3205,1823,0,0,0,0,0,0,0,0,0
3206,1823,0,0,0,0,0,0,0,0,0
3207,1823,0,0,0,0,0,0,0,0,0
3208,1823,0,0,0,0,0,0,0,0,0
3209,1823,0,0,0,0,0,0,0,0,0
3210,1823,0,0,0,0,0,0,0,0,0
3211,1823,0,0,0,0,0,0,0,0,0
3212,1823,0,0,0,0,0,0,0,0,0
3213,1823,0,0,0,0,0,0,0,0,0
3214,1823,0,0,0,0,0,0,0,0,0
3215,1823,0,0,0,0,0,0,0,0,0
3216,1823,0,0,0,0,0,0,0,0,0
3217,1823,0,0,0,0,0,0,0,0,0
3218,1823,0,0,0,0,0,0,0,0,0
3219,1823,0,0,0,0,0,0,0,0,0
3220,1823,0,0,0,0,0,0,0,0,0
3221,1823,0,0,0,0,0,0,0,0,0
3222,1823,0,0,0,0,0,0,0,0,0
3223,1823,0,0,0,0,0,0,0,0,0
3224,1823,0,0,0,0,0,0,0,0,0
3225,1823,0,0,0,0,0,0,0,0,0
3226,1823,0,0,0,0,0,0,0,0,0
3227,1823,0,0,0,0,0,0,0,0,0
3228,1823,0,0,0,0,0,0,0,0,0
3229,1823,0,0,1,0,0,0,0,0,0
3230,1823,0,0,0,0,0,1,0,0,0
3231,1823,0,0,0,0,0,0,1,0,0
3232,1823,0,0,0,0,0,0,1,0,0
3233,1823,0,0,0,0,0,0,0,0,0
3234,1823,0,0,0,0,0,0,0,0,0
3235,1823,0,0,0,0,0,0,0,0,0
3236,1823,0,0,0,0,0,0,0,0,0
3237,1823,0,0,0,0,0,0,0,0,0
3238,1823,0,0,0,0,0,0,0,0,0
3239,1823,0,0,0,0,0,0,0,0,0
3240,1823,0,0,0,0,0,0,0,0,0
3241,1823,0,0,0,0,0,0,0,0,0
3242,1823,0,0,0,0,0,0,0,0,0
3243,1823,0,0,0,0,0,0,0,0,0
3244,1823,0,0,0,0,0,0,0,0,0
3245,1823,0,0,0,0,0,0,0,0,0
3246,1823,0,0,0,0,0,0,0,0,0
3247,1823,0,0,0,0,0,0,0,0,0
3248,1823,0,0,0,0,0,0,0,0,0
3249,1823,0,0,0,0,0,0,0,0,0
3250,1823,0,0,0,0,0,0,0,0,0
3251,1823,0,0,0,0,0,0,0,0,0
3252,1823,0,0,0,0,0,0,0,0,0
3253,1823,0,0,0,0,0,0,0,0,0
3254,1823,0,0,0,0,0,0,0,0,0
3255,1823,0,0,0,0,0,0,0,0,0
3256,1823,0,0,0,0,0,0,0,0,0
3257,1823,0,0,0,0,0,0,0,0,0
3258,1823,0,0,0,0,0,0,0,0,0
3259,1823,0,0,0,0,0,0,0,0,0
3260,1823,0,0,0,0,0,0,0,0,0
3261,1823,0,0,0,0,0,0,0,0,0
3262,1823,0,0,0,0,0,0,0,0,0
3263,1823,0,0,0,0,0,0,0,0,0
3264,1823,0,0,0,0,0,0,0,0,0
3265,1823,0,0,0,0,0,0,0,0,0
3266,1823,0,0,0,0,0,0,0,0,0
3267,1823,0,0,0,0,0,0,0,0,0
3268,1823,0,0,0,0,0,0,0,0,0
3269,1823,0,0,0,0,0,0,0,0,0
3270,1823,0,0,0,0,0,0,0,0,0
3271,1823,0,0,0,0,0,0,0,0,0
3272,1823,0,0,0,0,0,0,0,0,0
3273,1823,0,0,0,0,0,0,0,0,0
3274,1823,0,0,0,0,0,0,0,0,0
3275,1823,0,0,0,0,0,0,0,0,0
3276,1823,0,0,0,0,0,0,0,0,0
3277,1823,0,0,0,0,0,0,0,0,0
3278,1823,0,0,0,0,0,0,0,0,0
3279,1823,0,0,0,1,0,0,0,0,0
3280,1823,0,0,0,0,0,0,0,0,0
3281,1823,0,0,0,0,0,0,0,0,0
3282,1823,0,0,0,0,0,0,0,0,0
3283,1823,1,0,0,0,0,0,0,0,0
3284,1823,0,0,0,0,0,0,0,0,0
3285,1823,0,0,0,0,0,0,0,0,0
3286,1823,0,0,0,0,0,0,0,0,0
3287,1823,0,0,0,0,0,0,0,0,0
3288,1823,0,0,0,0,0,0,0,0,0
3289,1823,0,0,0,0,0,0,0,0,0
3290,1823,0,0,0,0,0,0,0,0,0
3291,1823,0,0,0,0,0,0,0,0,0
3292,1823,0,0,0,0,0,0,0,0,0
3293,1823,0,0,0,0,0,0,0,0,0
3294,1823,0,0,0,0,0,0,0,0,0
3295,1823,0,0,0,0,0,0,0,0,0
3296,1823,0,0,0,0,0,0,0,0,0
3297,1823,0,0,0,0,0,0,0,0,0
3298,1823,0,0,0,0,0,0,0,0,0
3299,1823,0,0,0,0,0,0,0,0,0
3300,1823,0,0,0,0,0,0,0,0,0
3301,1823,0,0,0,0,0,0,0,0,0
3302,1823,0,0,0,0,0,0,0,0,0
3303,1823,0,0,0,0,0,0,0,0,0
3304,1823,0,0,0,0,0,1,0,0,0
3305,1823,0,0,0,1,0,0,0,0,0
3306,1823,0,0,0,0,0,0,0,0,0
3307,1823,0,0,0,0,0,0,0,0,0
3308,1823,0,0,0,0,0,1,0,0,0
3309,1823,0,0,0,0,0,0,0,0,0
3310,1823,0,0,0,0,0,0,0,0,0
3311,1823,0,0,0,0,0,0,0,0,0
3312,1823,0,0,0,0,0,0,0,0,0
3313,1823,0,0,0,0,0,0,0,0,0
3314,1823,0,0,0,0,0,0,0,0,0
3315,1823,0,0,0,0,0,0,0,0,0
3316,1823,0,0,0,0,0,0,0,0,0
3317,1823,0,0,0,0,0,0,0,0,0
3318,1823,0,0,0,0,0,0,0,0,0
3319,1823,0,0,0,0,0,0,0,0,0
3320,1823,0,0,0,0,0,0,0,0,0
3321,1823,0,0,0,0,0,0,0,0,0
3322,1823,0,0,0,0,0,0,0,0,0
3323,1823,0,0,0,0,0,0,0,0,0
3324,1823,0,0,0,0,0,0,0,0,0
3325,1823,0,0,0,0,0,0,0,0,0
3326,1823,0,0,0,0,0,0,0,0,0
3327,1823,0,0,0,0,0,0,0,0,0
3328,1823,0,0,0,0,0,0,0,0,0
3329,1823,0,0,0,0,0,0,0,0,0
3330,1823,0,0,0,0,0,0,0,0,0
3331,1823,0,0,0,0,0,0,0,0,0
3332,1823,0,0,0,0,0,0,0,0,0
3333,1823,0,0,0,0,0,0,0,0,0
3334,1823,0,0,0,1,0,0,0,0,0
3335,1823,0,0,0,0,0,0,0,0,0
3336,1823,0,0,0,0,0,0,1,0,0
3337,1823,0,0,0,0,0,0,0,0,0
3338,1823,0,0,0,0,0,0,0,0,0
3339,1823,0,0,0,0,0,0,0,0,0
3340,1823,0,0,0,0,0,0,0,0,0
3341,1823,0,0,0,0,0,0,0,0,0
3342,1823,0,0,0,0,0,0,0,0,0
3343,1823,0,0,0,0,0,0,0,0,0
3344,1823,0,0,0,0,0,0,0,0,0
3345,1823,0,0,0,0,0,0,0,0,0
3346,1823,0,0,0,0,0,0,0,0,0
3347,1823,0,0,0,0,0,0,0,0,0
3348,1823,0,0,0,0,0,0,0,0,0
3349,1823,0,0,0,1,0,0,0,0,0
3350,1823,0,0,0,0,0,0,0,0,0
3351,1823,0,0,0,0,0,0,0,0,0
3352,1823,0,0,0,0,0,0,0,0,0
3353,1823,0,0,0,0,0,0,0,0,0
3354,1823,0,0,0,0,0,0,0,0,0
3355,1823,0,0,0,0,0,0,0,0,0
3356,1823,0,0,0,0,0,0,0,0,0
3357,1823,1,0,1,0,0,0,0,0,0
3358,1823,0,0,1,0,0,0,0,0,0
3359,1823,0,0,0,0,0,0,0,0,0
3360,1823,0,0,0,0,0,0,0,0,0
3361,1823,0,0,0,0,0,0,0,0,0
3362,1823,0,0,0,0,0,0,0,0,0
3363,1823,0,0,0,0,0,0,0,0,0
3364,1823,0,0,0,0,0,0,0,0,0
3365,1823,0,0,0,0,0,0,0,0,0
3366,1823,0,0,0,0,0,0,0,0,0
3367,1823,0,0,0,0,0,0,0,0,0
3368,1823,0,0,0,0,0,0,0,0,0
3369,1823,0,0,0,0,0,0,0,0,0
3370,1823,0,0,0,0,0,0,0,0,0
3371,1823,0,1,0,0,0,0,0,0,0
3372,1823,0,0,0,0,0,0,0,0,0
3373,1823,0,0,0,0,0,0,0,0,0
3374,1823,0,0,0,0,0,0,0,0,0
3375,1823,0,0,0,0,0,0,0,0,0
3376,1823,0,0,0,0,0,0,0,0,0
3377,1823,0,0,0,0,0,0,0,0,0
3378,1823,0,0,0,0,0,0,0,0,0
3379,1823,0,0,0,1,0,0,0,0,0
3380,1823,0,0,0,0,0,0,0,0,0
3381,1823,0,0,0,0,0,0,0,0,0
3382,1823,0,0,0,0,0,0,0,0,0
3383,1823,0,0,0,0,0,0,0,0,0
3384,1823,0,0,0,0,0,0,0,0,0
3385,1823,0,0,0,0,0,0,0,0,0
3386,1823,0,0,0,0,0,0,0,0,0
3387,1823,0,0,0,0,0,0,0,0,0
3388,1823,0,0,0,0,0,0,0,0,0
3389,1823,0,0,0,0,0,0,0,0,0
3390,1823,0,0,0,0,0,0,0,0,0
3391,1823,0,0,0,0,0,0,0,0,0
3392,1823,0,0,0,0,0,0,0,0,0
3393,1823,0,0,0,0,0,0,0,0,0
3394,1823,0,0,0,0,0,0,0,0,0
3395,1823,0,0,0,0,0,0,0,0,0
3396,1823,0,0,0,0,0,0,0,0,0
3397,1823,0,0,0,0,0,0,0,0,0
3398,1823,0,0,0,0,0,0,0,0,0
3399,1823,0,0,0,0,0,0,0,0,0
3400,1823,0,0,0,0,0,0,0,0,0
3401,1823,0,0,0,0,0,0,0,0,0
3402,1823,0,0,0,0,0,0,0,0,0
3403,1823,0,0,0,0,0,0,0,0,0
3404,1823,0,0,0,0,0,0,0,0,0
3405,1823,0,0,0,0,0,0,0,0,0
3406,1823,0,0,0,0,0,0,0,0,0
3407,1823,0,0,0,0,0,0,0,0,0
3408,1823,0,0,0,0,0,0,0,0,0
3409,1823,0,0,0,0,0,0,0,0,0
3410,1823,0,0,0,0,0,0,0,0,0
3411,1823,0,0,1,0,0,0,1,0,0
3412,1823,0,0,0,0,0,0,1,0,0
3413,1823,0,0,0,0,0,0,0,0,0
3414,1823,0,0,0,0,0,0,0,0,0
3415,1823,0,0,0,0,0,0,0,0,0
3416,1823,0,0,0,0,0,0,0,0,0
3417,1823,0,0,0,0,0,0,0,0,0
3418,1823,0,0,0,0,0,0,0,0,0
3419,1823,0,0,0,0,0,0,0,0,0
3420,1823,0,0,0,0,0,0,0,0,0
3421,1823,0,0,0,0,0,0,0,0,0
3422,1823,0,0,0,0,0,0,1,0,0
3423,1823,0,0,0,0,0,0,0,0,0
3424,1823,0,0,0,0,0,0,0,0,0
3425,1823,0,0,0,0,0,0,0,0,0
3426,1823,0,0,0,0,0,0,0,0,0
3427,1823,0,0,0,0,0,0,0,0,0
3428,1823,0,0,0,0,0,0,0,0,0
3429,1823,0,0,0,0,0,0,0,0,0
3430,1823,0,0,0,0,0,0,0,0,0
3431,1823,0,0,0,0,0,0,0,0,0
3432,1823,0,0,0,0,0,0,0,0,0
3433,1823,0,0,0,0,0,0,0,0,0
3434,1823,0,0,0,0,0,0,0,0,0
3435,1823,0,0,0,0,0,0,0,0,0
3436,1823,0,0,0,0,0,0,0,0,0
3437,1823,0,0,0,0,0,0,0,0,0
3438,1823,0,0,0,0,0,0,0,0,0
3439,1823,0,0,0,0,0,0,0,0,0
3440,1823,0,0,0,0,0,0,0,0,0
3441,1823,0,0,0,0,0,0,0,0,0
3442,1823,0,0,0,0,0,0,0,0,0
3443,1823,0,0,0,0,0,0,0,0,0
3444,1823,0,0,0,0,0,0,0,0,0
3445,1823,0,0,0,0,0,0,0,0,0
3446,1823,0,0,0,0,0,0,0,0,0
3447,1823,0,0,0,0,0,0,0,0,0
3448,1823,0,0,0,1,0,0,0,0,0
3449,1823,0,0,0,0,0,0,0,0,0
3450,1823,0,0,0,0,0,0,0,0,0
3451,1823,0,0,0,0,0,0,0,0,0
3452,1823,0,0,0,0,0,0,0,0,0
3453,1823,0,0,0,0,0,0,0,0,0
3454,1823,0,0,0,0,0,0,0,0,0
3455,1823,0,0,0,0,0,0,0,0,0
3456,1823,0,0,0,0,0,0,0,0,0
3457,1823,0,0,0,0,0,0,0,0,0
3458,1823,0,0,0,0,0,0,0,0,0
3459,1823,0,0,0,0,0,0,0,0,0
3460,1823,0,0,0,0,0,0,0,0,0
3461,1823,0,0,0,0,0,0,0,0,0
3462,1823,0,0,0,0,0,0,0,0,0
3463,1823,0,0,0,0,0,0,0,0,0
3464,1823,0,0,0,0,0,0,0,0,0
3465,1823,0,0,0,0,0,0,0,0,0
3466,1823,0,0,0,0,0,0,0,0,0
3467,1823,0,0,0,0,0,0,0,0,0
3468,1823,0,0,0,0,0,0,0,0,0
3469,1823,0,0,0,0,0,0,1,0,0
3470,1823,0,0,0,0,0,0,0,0,0
3471,1823,0,0,0,0,0,0,0,0,0
3472,1823,0,0,0,0,0,0,0,0,0
3473,1823,0,0,0,0,0,0,0,0,0
3474,1823,0,0,0,0,0,0,0,0,0
3475,1823,0,0,0,0,0,0,0,0,0
3476,1823,0,0,0,0,0,0,0,0,0
3477,1823,0,0,0,0,0,0,0,0,0
3478,1823,0,0,0,0,0,0,0,0,0
3479,1823,0,0,0,0,0,0,0,0,0
3480,1823,0,0,0,0,0,0,0,0,0
3481,1823,0,0,0,0,0,0,0,0,0
3482,1823,0,0,0,0,0,0,0,0,0
3483,1823,0,0,0,0,0,0,0,0,0
3484,1823,0,0,0,0,0,0,0,0,0
3485,1823,0,0,0,0,0,0,0,0,0
3486,1823,0,0,0,0,0,0,0,0,0
3487,1823,0,0,0,0,0,0,0,0,0
3488,1823,0,0,0,0,0,0,0,0,0
3489,1823,0,0,0,0,0,0,0,0,0
3490,1823,0,0,0,0,0,0,0,0,0
3491,1823,0,0,0,0,0,0,0,0,0
3492,1823,0,0,0,0,0,0,0,0,0
3493,1823,0,0,0,0,0,0,0,0,0
3494,1823,0,0,0,0,0,0,0,0,0
3495,1823,0,0,0,0,0,0,0,0,0
3496,1823,0,0,0,0,0,0,1,0,0
3497,1823,0,0,0,0,0,0,0,0,0
3498,1823,0,0,0,0,0,0,0,0,0
3499,1823,0,0,0,0,0,0,0,0,0
3500,1823,0,0,0,0,0,0,0,0,0
3501,1823,0,0,0,0,0,0,0,0,0
3502,1823,0,0,0,0,0,0,0,0,0
3503,1823,0,0,0,0,0,0,0,0,0
3504,1823,0,0,0,0,0,0,0,0,0
3505,1823,0,0,0,0,0,0,0,0,0
3506,1823,0,0,0,0,0,0,0,0,0
3507,1823,0,0,0,0,0,0,0,0,0
3508,1823,0,0,0,0,0,0,0,0,0
3509,1823,0,0,0,0,0,0,0,0,0
3510,1823,0,0,0,0,0,0,0,0,0
3511,1823,0,0,1,0,0,0,0,0,0
3512,1823,0,0,0,0,0,0,1,0,0
3513,1823,0,0,0,0,0,0,0,0,0
3514,1823,1,0,0,0,0,0,0,0,0
3515,1823,0,0,0,0,0,0,0,0,0
3516,1823,0,0,0,0,0,0,0,0,0
3517,1823,0,0,0,0,0,0,0,0,0
3518,1823,0,0,0,0,0,0,0,0,0
3519,1823,0,0,0,0,0,0,0,0,0
3520,1823,0,0,0,0,0,0,0,0,0
3521,1823,0,0,0,0,0,0,0,0,0
3522,1823,0,0,0,0,0,0,0,0,0
3523,1823,0,0,0,0,0,0,0,0,0
3524,1823,0,0,0,0,0,0,0,0,0
3525,1823,0,0,0,0,0,0,0,0,0
3526,1823,0,0,0,1,0,0,0,0,0
3527,1823,0,0,0,0,0,0,0,0,0
3528,1823,0,0,0,0,0,0,0,0,0
3529,1823,0,0,0,0,0,0,0,0,0
3530,1823,0,0,0,0,0,0,0,0,0
3531,1823,0,0,0,0,0,0,0,0,0
3532,1823,0,0,0,0,0,0,0,0,0
3533,1823,0,0,0,0,0,0,0,0,0
3534,1823,0,0,0,0,0,0,0,0,0
3535,1823,0,0,0,0,0,0,0,0,0
3536,1823,0,0,0,0,0,0,0,0,0
3537,1823,0,0,0,0,0,0,0,0,0
3538,1823,0,0,0,0,0,0,0,0,0
3539,1823,0,0,0,0,0,0,0,0,0
3540,1823,0,0,0,0,0,0,0,0,0
3541,1823,0,0,0,0,0,0,0,0,0
3542,1823,0,0,0,0,0,0,0,0,0
3543,1823,0,0,0,0,0,0,0,0,0
3544,1823,0,0,0,0,0,0,0,0,0
3545,1823,0,0,0,0,0,0,0,0,0
3546,1823,0,0,0,0,0,0,0,0,0
3547,1823,0,0,0,0,0,0,0,0,0
3548,1823,0,0,0,0,0,0,0,0,0
3549,1823,0,0,0,0,0,0,0,0,0
3550,1823,0,0,0,0,0,0,0,0,0
3551,1823,0,0,0,0,0,0,0,0,0
3552,1823,0,0,0,0,0,0,0,0,0
3553,1823,0,0,0,0,0,0,0,0,0
3554,1823,0,0,0,0,0,0,0,0,0
3555,1823,0,0,0,0,0,0,0,0,0
3556,1823,0,0,0,0,0,0,0,0,0
3557,1823,0,0,0,0,0,0,0,0,0
3558,1823,1,0,0,0,0,0,0,0,0
3559,1823,0,0,0,0,0,0,0,0,0
3560,1823,0,0,0,0,0,0,0,0,0
3561,1823,0,0,0,0,0,0,0,0,0
3562,1823,0,0,0,0,0,0,0,0,0
3563,1823,0,0,0,0,0,0,0,0,0
3564,1823,0,0,0,0,0,0,0,0,0
3565,1823,0,0,0,0,0,1,0,0,0
3566,1823,0,0,0,0,0,0,0,0,0
3567,1823,0,0,0,0,0,0,0,0,0
3568,1823,0,0,0,0,0,0,0,0,0
3569,1823,0,0,0,0,0,0,0,0,0
3570,1823,0,0,0,0,0,0,0,0,0
3571,1823,0,0,0,0,0,0,0,0,0
3572,1823,0,0,0,0,0,0,0,0,0
3573,1823,0,0,0,0,0,0,0,0,0
3574,1823,0,0,0,0,0,0,0,0,0
3575,1823,0,0,0,0,0,0,0,0,0
3576,1823,0,0,0,0,0,0,0,0,0
3577,1823,0,0,0,0,0,0,0,0,0
3578,1823,0,0,0,0,0,0,0,0,0
3579,1823,0,0,0,0,0,0,0,0,0
3580,1823,0,0,0,0,0,0,0,0,0
3581,1823,0,0,0,0,0,0,0,0,0
3582,1823,0,0,0,0,0,0,0,0,0
3583,1823,0,0,0,1,0,0,0,0,0
3584,1823,0,0,0,1,0,0,0,0,0
3585,1823,0,0,0,0,0,0,0,0,0
3586,1823,0,0,0,0,0,0,0,0,0
3587,1823,0,0,0,0,0,0,0,0,0
3588,1823,0,0,0,0,0,0,0,0,0
3589,1823,0,0,0,0,0,0,0,0,0
3590,1823,0,0,0,0,0,0,0,0,0
3591,1823,0,0,0,0,0,0,0,0,0
3592,1823,0,0,0,0,0,0,0,0,0
3593,1823,0,0,0,0,0,0,0,0,0
3594,1823,0,0,0,0,0,0,1,0,0
3595,1823,0,0,0,0,0,0,0,0,0
3596,1823,0,0,0,0,0,0,0,0,0
3597,1823,0,0,0,0,0,0,0,0,0
3598,1823,0,0,0,0,0,0,0,0,0
3599,1823,0,0,0,0,0,0,0,0,0
3600,1823,0,0,0,0,0,0,0,0,0
3601,1823,0,0,0,0,0,0,0,0,0
3602,1823,0,0,0,0,0,0,0,0,0
3603,1823,0,0,0,0,0,0,0,0,0
3604,1823,0,0,0,0,0,0,0,0,0
3605,1823,0,0,0,0,0,0,0,0,0
3606,1823,0,0,0,0,0,0,1,0,0
3607,1823,0,0,0,0,0,0,1,0,0
3608,1823,0,0,0,0,0,0,0,0,0
3609,1823,0,0,0,0,0,0,1,0,0
3610,1823,0,0,0,0,0,0,0,0,0
3611,1823,0,0,0,0,0,0,0,0,0
3612,1823,0,0,0,0,0,0,0,0,0
3613,1823,0,0,0,0,0,0,0,0,0
3614,1823,0,0,0,0,0,0,0,0,0
3615,1823,0,0,0,0,0,0,0,0,0
3616,1823,0,0,0,0,0,0,0,0,0
3617,1823,0,0,0,0,0,0,0,0,0
3618,1823,0,0,0,0,0,0,0,0,0
3619,1823,0,0,0,0,0,0,0,0,0
3620,1823,0,0,0,0,0,0,1,0,0
3621,1823,0,0,0,0,0,0,0,0,0
3622,1823,0,0,0,0,0,0,0,0,0
3623,1823,0,0,0,0,0,0,0,0,0
3624,1823,0,0,0,0,0,0,0,0,0
3625,1823,0,0,0,1,0,0,0,0,0
3626,1823,0,0,0,0,0,0,0,0,0
3627,1823,0,0,0,0,0,0,0,0,0
3628,1823,0,0,0,0,0,0,0,0,0
3629,1823,0,0,0,1,0,0,0,0,0
3630,1823,0,0,0,0,0,0,0,0,0
3631,1823,0,0,0,0,0,0,0,0,0
3632,1823,0,0,0,0,0,0,0,0,0
3633,1823,0,0,0,0,0,0,0,0,0
3634,1823,0,0,0,0,0,0,0,0,0
3635,1823,0,0,0,0,0,0,0,0,0
3636,1823,0,0,0,0,0,0,0,0,0
3637,1823,0,0,0,0,0,0,0,0,0
3638,1823,0,0,0,0,0,0,0,0,0
3639,1823,0,0,0,0,0,0,0,0,0
3640,1823,0,0,0,0,0,0,0,0,0
3641,1823,0,0,0,0,0,0,0,0,0
3642,1823,0,0,0,0,0,0,0,0,0
3643,1823,0,0,0,0,0,0,0,0,0
3644,1823,0,0,0,0,0,0,0,0,0
3645,1823,0,0,0,0,0,0,0,0,0
3646,1823,0,0,0,0,0,0,0,0,0
3647,1823,0,0,0,0,0,0,0,0,0
3648,1823,0,0,0,0,0,0,0,0,0
3649,1823,0,0,0,0,0,0,0,0,0
3650,1823,0,0,0,0,0,0,0,0,0
3651,1823,0,0,0,0,0,0,0,0,0
3652,1823,1,0,0,0,0,0,0,0,0
3653,1823,0,0,0,0,0,0,0,0,0
3654,1823,0,0,0,0,0,0,1,0,0
3655,1823,0,0,0,0,0,0,0,0,0
3656,1823,0,0,0,0,0,0,0,0,0
3657,1823,0,0,0,0,0,0,0,0,0
3658,1823,0,0,0,0,0,0,0,0,0
3659,1823,0,0,0,0,0,0,0,0,0
3660,1823,0,0,0,0,0,0,0,0,0
3661,1823,0,0,0,0,0,0,0,0,0
3662,1823,0,0,0,0,0,0,0,0,0
3663,1823,0,0,0,0,0,0,0,0,0
3664,1823,0,0,0,0,0,0,0,0,0
3665,1823,0,0,0,0,0,0,0,0,0
3666,1823,0,0,0,0,0,0,0,0,0
3667,1823,0,0,0,0,0,0,0,0,0
3668,1823,0,0,0,0,0,0,0,0,0
3669,1823,0,0,0,0,0,0,0,0,0
3670,1823,0,0,0,0,0,0,0,0,0
3671,1823,0,0,0,0,0,0,0,0,0
3672,1823,0,0,0,0,0,0,0,0,0
3673,1823,0,0,0,0,0,0,0,0,0
3674,1823,0,0,0,0,0,0,0,0,0
3675,1823,0,0,0,0,0,0,0,0,0
3676,1823,0,0,0,0,0,0,0,0,0
3677,1823,0,0,0,0,0,0,0,0,0
3678,1823,0,0,0,0,0,0,0,0,0
3679,1823,0,0,0,0,0,0,0,0,0
3680,1823,0,0,0,0,0,0,0,0,0
3681,1823,0,0,0,0,0,0,0,0,0
3682,1823,0,0,0,0,0,0,0,0,0
3683,1823,0,0,0,0,0,0,0,0,0
3684,1823,0,0,0,0,0,0,0,0,0
3685,1823,0,0,0,0,0,0,0,0,0
3686,1823,0,0,0,0,0,0,0,0,0
3687,1823,0,0,0,0,0,0,0,0,0
3688,1823,0,0,0,0,0,0,0,0,0
3689,1823,0,0,0,0,0,0,0,0,0
3690,1823,0,0,0,0,0,0,0,0,0
3691,1823,0,0,0,0,0,0,0,0,0
3692,1823,0,0,0,0,0,0,0,0,0
3693,1823,0,0,0,0,0,0,0,0,0
3694,1823,0,0,0,0,0,0,0,0,0
3695,1823,0,0,0,0,0,0,0,0,0
3696,1823,0,0,0,0,0,0,0,0,0
3697,1823,0,0,0,0,0,0,0,0,0
3698,1823,0,0,0,0,0,0,0,0,0
3699,1823,0,0,0,0,0,0,1,0,0
3700,1823,1,0,0,0,0,0,0,0,0
3701,1823,0,0,0,0,0,0,0,0,0
3702,1823,0,0,0,0,0,0,0,0,0
3703,1823,0,0,0,0,0,0,0,0,0
3704,1823,0,0,0,0,0,0,1,0,0
3705,1823,0,0,0,0,0,0,0,0,0
3706,1823,0,0,0,0,0,0,0,0,0
3707,1823,0,0,0,0,0,0,0,0,0
3708,1823,0,0,0,0,0,0,0,0,0
3709,1823,0,0,0,0,0,0,0,0,0
3710,1823,0,0,0,0,0,0,0,0,0
3711,1823,0,0,0,0,0,0,0,0,0
3712,1823,0,0,0,0,0,0,0,0,0
3713,1823,0,0,0,0,0,0,0,0,0
3714,1823,0,0,0,0,0,0,0,0,0
3715,1823,0,0,0,0,0,0,0,0,0
3716,1823,0,1,0,0,0,0,0,0,0
3717,1823,0,0,0,1,0,0,0,0,0
3718,1823,0,0,0,0,0,0,0,0,0
3719,1823,0,0,0,0,0,0,0,0,0
3720,1823,0,0,0,0,0,0,0,0,0
3721,1823,0,0,0,0,0,0,0,0,0
3722,1823,0,0,0,0,0,0,0,0,0
3723,1823,0,0,0,0,0,0,0,0,0
3724,1823,0,0,0,0,0,0,0,0,0
3725,1823,0,0,0,0,0,0,0,0,0
3726,1823,0,0,0,0,0,0,0,0,0
3727,1823,0,0,0,0,0,0,0,0,0
3728,1823,0,0,0,0,0,0,0,0,0
3729,1823,0,0,0,0,0,0,0,0,0
3730,1823,0,0,0,0,0,0,0,0,0
3731,1823,0,0,0,0,0,0,0,0,0
3732,1823,0,0,0,0,0,0,0,0,0
3733,1823,0,0,0,0,0,0,0,0,0
3734,1823,0,0,0,0,0,0,0,0,0
3735,1823,0,0,0,0,0,0,0,0,0
3736,1823,0,0,0,0,0,0,0,0,0
3737,1823,0,0,0,0,0,0,0,0,0
3738,1823,0,0,0,0,0,0,0,0,0
3739,1823,0,0,0,0,0,0,0,0,0
3740,1823,0,0,0,0,0,0,0,0,0
3741,1823,0,0,0,0,0,0,0,0,0
3742,1823,0,0,0,0,0,0,0,0,0
3743,1823,0,0,0,0,0,0,0,0,0
3744,1823,0,0,0,0,0,0,0,0,0
3745,1823,0,0,0,0,0,0,1,0,0
3746,1823,0,0,0,0,0,0,0,0,0
3747,1823,0,0,0,0,0,0,0,0,0
3748,1823,0,0,0,0,0,0,0,0,0
3749,1823,0,0,0,0,0,0,0,0,0
3750,1823,0,0,0,0,0,0,0,0,0
3751,1823,0,0,0,0,0,0,0,0,0
3752,1823,0,0,0,0,0,0,0,0,0
3753,1823,0,0,0,0,0,0,0,0,0
3754,1823,0,0,0,0,0,0,0,0,0
3755,1823,0,0,0,0,0,0,0,0,0
3756,1823,0,0,0,0,0,0,0,0,0
3757,1823,0,0,0,0,0,0,0,0,0
3758,1823,0,0,0,0,0,0,0,0,0
3759,1823,0,0,0,0,0,0,0,0,0
3760,1823,0,0,0,1,0,0,0,0,0
3761,1823,0,0,0,0,0,0,0,0,0
3762,1823,0,0,0,0,0,0,0,0,0
3763,1823,0,0,0,0,0,0,0,0,0
3764,1823,0,0,0,0,0,0,0,0,0
3765,1823,0,0,0,0,0,0,0,0,0
3766,1823,0,0,0,0,0,1,0,0,0
3767,1823,0,0,0,0,0,0,0,0,0
3768,1823,0,0,0,0,0,0,0,0,0
3769,1823,0,0,0,0,0,0,0,0,0
3770,1823,0,0,0,0,0,0,0,0,0
3771,1823,0,0,0,0,0,0,0,0,0
3772,1823,0,0,0,0,0,0,0,0,0
3773,1823,0,0,0,0,0,0,0,0,0
3774,1823,0,0,0,0,0,0,0,0,0
3775,1823,0,0,0,0,0,0,0,0,0
3776,1823,0,0,0,0,0,0,0,0,0
3777,1823,0,0,0,0,0,0,0,0,0
3778,1823,0,0,0,0,0,0,0,0,0
3779,1823,0,0,0,0,0,0,0,0,0
3780,1823,0,0,0,0,0,0,0,0,0
3781,1823,0,0,0,0,0,0,0,0,0
3782,1823,0,0,0,0,0,0,0,0,0
3783,1823,0,0,0,0,0,0,0,0,0
3784,1823,0,0,1,0,0,0,0,0,0
3785,1823,0,0,0,0,0,0,0,0,0
3786,1823,0,0,0,0,0,0,0,0,0
3787,1823,0,0,0,0,0,0,0,0,0
3788,1823,0,0,0,0,0,0,0,0,0
3789,1823,0,0,0,0,0,0,0,0,0
3790,1823,0,0,1,0,0,0,0,0,0
3791,1823,0,0,0,0,0,0,0,0,0
3792,1823,0,0,0,0,0,0,0,0,0
3793,1823,0,0,0,0,0,0,0,0,0
3794,1823,0,0,0,0,0,0,0,0,0
3795,1823,0,0,0,0,0,0,0,0,0
3796,1823,0,0,0,0,0,0,0,0,0
3797,1823,0,0,0,0,0,0,0,0,0
3798,1823,0,0,0,0,0,0,0,0,0
3799,1823,0,0,0,0,0,0,0,0,0
3800,1823,0,0,0,0,0,0,0,0,0
3801,1823,0,0,0,0,0,0,0,0,0
3802,1823,0,0,0,0,0,0,0,0,0
3803,1823,0,0,0,0,0,0,0,0,0
3804,1823,0,0,0,0,0,0,0,0,0
3805,1823,0,0,0,0,0,0,0,0,0
3806,1823,0,0,0,0,0,0,0,0,0
3807,1823,0,0,0,0,0,0,0,0,0
3808,1823,0,0,0,0,0,0,0,0,0
3809,1823,0,0,0,0,0,0,0,0,0
3810,1823,0,0,0,0,0,0,0,0,0
3811,1823,0,0,0,0,0,0,0,0,0
3812,1823,0,0,0,0,0,0,0,0,0
3813,1823,0,0,0,0,0,0,0,0,0
3814,1823,0,0,0,0,0,0,0,0,0
3815,1823,0,0,0,0,0,0,0,0,0
3816,1823,0,0,0,0,0,0,0,0,0
3817,1823,0,0,0,0,0,0,0,0,0
3818,1823,0,0,0,0,0,0,0,0,0
3819,1823,0,0,0,0,0,0,0,0,0
3820,1823,0,0,0,0,0,0,0,0,0
3821,1823,0,0,0,0,0,0,0,0,0
3822,1823,0,0,0,0,0,0,0,0,0
3823,1823,0,0,0,0,0,0,0,0,0
3824,1823,0,0,0,0,0,0,0,0,0
3825,1823,0,0,0,0,0,0,0,0,0
3826,1823,0,0,0,0,0,0,0,0,0
3827,1823,0,0,0,0,0,0,0,0,0
3828,1823,0,0,0,0,0,0,0,0,0
3829,1823,0,0,0,0,0,0,0,0,0
3830,1823,0,0,0,0,0,0,0,0,0
3831,1823,0,0,0,0,0,0,0,0,0
3832,1823,0,0,0,0,0,0,0,0,0
3833,1823,0,0,0,0,0,0,0,0,0
3834,1823,0,0,0,0,0,0,0,0,0
3835,1823,0,0,0,0,0,0,0,0,0
3836,1823,0,0,0,0,0,0,0,0,0
3837,1823,0,0,0,0,0,0,0,0,0
3838,1823,0,0,0,0,0,0,0,0,0
3839,1823,0,0,0,0,0,0,0,0,0
3840,1823,0,0,0,0,0,0,0,0,0
3841,1823,0,0,0,0,0,0,0,0,0
3842,1823,0,0,0,0,0,0,0,0,0
3843,1823,0,0,0,0,0,0,0,0,0
3844,1823,0,0,0,0,0,0,0,0,0
3845,1823,0,0,0,0,0,0,0,0,0
3846,1823,0,0,0,0,0,0,0,0,0
3847,1823,0,0,0,0,0,0,0,0,0
3848,1823,0,0,0,0,0,0,0,0,0
3849,1823,0,0,0,0,0,0,0,0,0
3850,1823,0,0,0,0,0,0,0,0,0
3851,1823,0,0,0,0,0,1,0,0,0
3852,1823,0,0,0,0,0,0,0,0,0
3853,1823,0,0,0,0,0,0,0,0,0
3854,1823,0,0,0,0,0,0,0,0,0
3855,1823,0,0,0,0,0,0,0,0,0
3856,1823,1,0,0,0,0,0,0,0,0
3857,1823,0,0,0,0,0,0,0,0,0
3858,1823,0,0,0,0,0,0,0,0,0
3859,1823,0,0,0,0,0,0,0,0,0
3860,1823,0,0,0,0,0,0,0,0,0
3861,1823,0,0,0,0,0,0,0,0,0
3862,1823,0,0,0,0,0,0,0,0,0
3863,1823,0,0,0,0,0,0,0,0,0
3864,1823,0,0,0,0,0,0,0,0,0
3865,1823,0,0,0,0,0,0,0,0,0
3866,1823,0,0,0,0,0,0,0,0,0
3867,1823,0,0,0,0,0,0,0,0,0
3868,1823,0,0,0,0,0,0,0,0,0
3869,1823,0,0,0,0,0,0,0,0,0
3870,1823,0,0,0,0,0,0,0,0,0
3871,1823,0,0,0,0,0,0,0,0,0
3872,1823,0,0,0,0,0,0,0,0,0
3873,1823,0,0,0,0,0,0,0,0,0
3874,1823,0,0,0,0,0,0,0,0,0
3875,1823,0,0,0,0,0,0,0,0,0
3876,1823,0,0,0,0,0,0,0,0,0
3877,1823,0,0,0,0,0,0,0,0,1
3878,1823,0,0,0,0,0,0,1,0,0
3879,1823,0,0,0,0,0,0,0,0,0
3880,1823,0,0,0,0,0,0,0,0,0
3881,1823,0,0,0,0,0,0,0,0,0
3882,1823,0,0,0,0,0,0,0,0,0
3883,1823,0,0,0,0,0,0,0,0,0
3884,1823,0,0,0,0,0,0,0,0,0
3885,1823,0,0,0,0,0,0,0,0,0
3886,1823,0,0,0,0,0,0,0,0,0
3887,1823,0,0,0,0,0,0,0,0,0
3888,1823,0,0,0,0,0,0,0,0,0
3889,1823,0,0,0,0,0,0,0,0,0
3890,1823,1,0,0,0,0,0,0,0,0
3891,1823,0,0,0,0,0,0,0,0,0
3892,1823,0,0,0,0,0,0,0,0,0
3893,1823,0,0,0,0,0,0,0,0,0
3894,1823,0,0,0,0,0,0,0,0,0
3895,1823,0,0,0,0,0,0,0,0,0
3896,1823,0,0,0,0,0,0,0,0,0
3897,1823,0,0,0,0,0,0,0,0,0
3898,1823,0,0,0,0,0,0,0,0,0
3899,1823,0,0,0,0,0,0,0,0,0
3900,1823,0,0,0,0,0,0,0,0,0
3901,1823,0,0,0,0,0,0,0,0,0
3902,1823,0,0,0,0,0,0,0,0,0
3903,1823,0,0,0,0,0,0,0,0,0
3904,1823,0,0,0,0,0,0,0,0,0
3905,1823,0,0,0,0,0,0,0,0,0
3906,1823,0,0,0,0,0,0,0,0,0
3907,1823,0,0,0,0,0,0,0,0,0
3908,1823,0,0,0,0,0,0,0,0,0
3909,1823,0,0,0,0,0,0,0,0,0
3910,1823,0,0,0,0,0,0,0,0,0
3911,1823,0,0,0,0,0,0,0,0,0
3912,1823,0,0,0,0,0,0,0,0,0
3913,1823,0,0,0,1,0,0,0,0,0
3914,1823,0,0,0,0,0,0,0,0,0
3915,1823,0,0,0,0,0,0,0,0,0
3916,1823,0,0,0,0,0,0,0,0,0
3917,1823,0,0,0,0,0,0,0,0,0
3918,1823,0,0,0,0,0,0,0,0,0
3919,1823,0,0,1,0,0,0,0,0,0
3920,1823,0,0,1,0,0,0,0,0,0
3921,1823,0,0,0,0,0,0,0,0,0
3922,1823,0,0,0,0,0,0,0,0,0
3923,1823,0,0,0,0,0,0,0,0,0
3924,1823,0,0,0,0,0,0,0,0,0
3925,1823,0,0,0,0,0,0,0,0,0
3926,1823,0,0,0,0,0,0,0,0,0
3927,1823,0,0,0,0,0,0,0,0,0
3928,1823,0,0,0,0,0,0,0,0,0
3929,1823,1,0,0,0,0,0,0,0,0
3930,1823,0,0,0,0,0,0,0,0,0
3931,1823,0,0,0,0,0,0,0,0,0
3932,1823,0,0,0,0,0,0,0,0,0
3933,1823,0,0,0,0,0,0,0,0,0
3934,1823,0,0,0,1,0,0,0,0,0
3935,1823,0,0,0,0,0,0,1,0,0
3936,1823,0,0,0,0,0,0,0,0,0
3937,1823,0,0,0,0,0,0,0,0,0
3938,1823,0,0,0,0,0,0,0,0,0
3939,1823,0,0,0,0,0,0,0,0,0
3940,1823,0,0,0,0,0,0,0,0,0
3941,1823,0,0,0,0,0,0,0,0,0
3942,1823,0,0,0,0,0,0,0,0,0
3943,1823,0,0,0,0,0,0,0,0,0
3944,1823,0,0,0,0,0,0,0,0,0
3945,1823,0,0,0,0,0,0,0,0,0
3946,1823,1,0,0,0,0,0,0,0,0
3947,1823,0,0,0,0,0,0,0,0,0
3948,1823,0,0,0,0,0,0,0,0,0
3949,1823,0,0,0,0,0,0,0,0,0
3950,1823,0,0,0,0,0,0,0,0,0
3951,1823,0,0,0,0,0,0,0,0,0
3952,1823,0,0,0,0,0,0,0,0,0
3953,1823,0,0,0,0,0,0,0,0,0
3954,1823,0,0,0,0,0,0,0,0,0
3955,1823,0,0,0,0,0,0,0,0,0
3956,1823,0,0,0,0,0,0,0,0,0
3957,1823,0,0,0,0,0,0,0,0,0
3958,1823,0,0,0,0,0,0,0,0,0
3959,1823,1,0,0,0,0,0,0,0,0
3960,1823,0,0,0,0,0,0,0,0,0
3961,1823,0,0,0,0,0,0,0,0,0
3962,1823,0,0,0,0,0,0,0,0,0
3963,1823,0,0,0,0,0,0,0,0,0
3964,1823,1,0,0,0,0,0,0,0,0
3965,1823,0,0,0,0,0,0,0,0,0
3966,1823,0,0,0,0,0,0,0,0,0
3967,1823,0,0,0,0,0,0,0,0,0
3968,1823,0,0,0,0,0,0,0,0,0
3969,1823,0,0,0,0,0,0,0,0,0
3970,1823,0,0,0,0,0,0,0,0,0
3971,1823,0,0,0,0,0,0,0,0,0
3972,1823,0,0,0,0,0,0,0,0,0
3973,1823,0,0,0,0,0,0,0,0,0
3974,1823,0,0,0,0,0,0,0,0,0
3975,1823,0,0,0,0,0,0,0,0,0
3976,1823,0,0,0,0,0,0,0,0,0
3977,1823,0,0,0,0,0,0,0,0,0
3978,1823,0,0,0,1,0,0,1,0,0
3979,1823,0,0,0,0,0,0,0,0,0
3980,1823,0,0,0,0,0,0,0,0,0
3981,1823,0,0,0,0,0,0,0,0,0
3982,1823,1,0,0,0,0,0,0,0,0
3983,1823,0,0,0,0,0,0,0,0,0
3984,1823,1,0,0,0,0,0,0,0,0
3985,1823,0,0,0,0,0,0,0,0,0
3986,1823,0,0,0,0,0,0,0,0,0
3987,1823,0,0,0,0,0,0,0,0,0
3988,1823,0,0,0,0,0,0,0,0,0
3989,1823,0,0,0,0,0,1,0,0,0
3990,1823,0,0,0,0,0,0,1,0,0
3991,1823,0,0,0,0,0,0,0,0,0
3992,1823,0,0,0,0,0,0,0,0,0
3993,1823,0,0,0,0,0,0,0,0,0
3994,1823,0,0,0,0,0,0,0,0,0
3995,1823,0,0,0,0,0,0,0,0,0
3996,1823,0,0,0,0,0,0,0,0,0
3997,1823,0,0,0,0,0,0,0,0,0
3998,1823,0,0,0,0,0,0,0,0,0
3999,1823,0,0,0,0,0,0,0,0,0
4000,1823,0,0,0,0,0,0,0,0,0
4001,1823,0,0,0,0,0,0,0,0,0
4002,1823,0,0,0,0,0,0,0,0,0
4003,1823,0,0,0,0,0,0,0,0,0
4004,1823,0,0,0,0,0,0,0,0,0
4005,1823,0,0,0,0,0,0,0,0,0
4006,1823,0,0,0,0,0,0,0,0,0
4007,1823,0,0,0,0,0,0,0,0,0
4008,1823,0,0,0,0,0,0,0,0,0
4009,1823,0,0,0,0,0,0,0,0,0
4010,1823,0,0,0,0,0,0,0,0,0
4011,1823,0,0,0,0,0,0,0,0,0
4012,1823,0,0,0,0,0,0,0,0,0
4013,1823,0,0,0,0,0,0,0,0,0
4014,1823,0,0,0,0,0,0,0,0,0
4015,1823,0,0,0,0,0,0,0,0,0
4016,1823,0,0,0,0,0,0,0,0,0
4017,1823,0,0,0,0,0,0,0,0,0
4018,1823,0,0,0,0,0,0,0,0,0
4019,1823,0,0,0,0,0,0,0,0,0
4020,1823,0,0,0,0,0,0,0,0,0
4021,1823,0,0,0,0,0,0,0,0,0
4022,1823,0,0,0,0,0,0,0,0,0
4023,1823,0,0,0,0,0,0,0,0,0
4024,1823,0,0,0,0,0,0,0,0,0
4025,1823,0,0,0,0,0,0,0,0,0
4026,1823,0,0,0,0,0,0,0,0,0
4027,1823,0,0,0,0,0,0,0,0,0
4028,1823,0,0,0,0,0,0,0,0,0
4029,1823,0,0,0,0,0,0,0,0,0
4030,1823,0,0,0,0,0,0,0,0,0
4031,1823,0,0,0,0,0,0,0,0,0
4032,1823,0,0,0,0,0,0,0,0,0
4033,1823,0,0,0,0,0,0,0,0,0
4034,1823,0,0,0,0,0,0,0,0,0
4035,1823,0,0,0,0,0,0,0,0,0
4036,1823,0,0,0,0,0,0,0,0,0
4037,1823,0,0,0,0,0,0,0,0,0
4038,1823,0,0,0,0,0,0,0,0,0
4039,1823,0,0,0,0,0,0,0,0,0
4040,1823,0,0,0,0,0,0,0,0,0
4041,1823,0,0,0,0,0,0,0,0,0
4042,1823,0,0,0,0,0,0,0,0,0
4043,1823,0,0,0,0,0,0,0,0,0
4044,1823,0,0,0,0,0,0,0,0,0
4045,1823,0,0,0,0,0,0,0,0,0
4046,1823,0,0,0,1,0,0,0,0,0
4047,1823,0,0,0,0,0,0,0,0,0
4048,1823,0,0,0,0,0,0,0,0,1
4049,1823,0,0,0,1,0,0,0,0,0
4050,1823,0,0,0,1,0,0,0,0,0
4051,1823,0,0,0,0,0,0,0,0,0
4052,1823,0,0,0,0,0,0,1,0,0
4053,1823,0,0,0,0,0,0,0,0,0
4054,1823,0,0,0,0,0,0,0,0,0
4055,1823,0,0,0,0,0,0,0,0,0
4056,1823,0,0,0,0,0,0,0,0,0
4057,1823,0,0,0,0,0,0,0,0,0
4058,1823,0,0,0,0,0,0,0,0,0
4059,1823,0,0,0,0,0,0,0,0,0
4060,1823,0,0,0,0,0,0,0,0,0
4061,1823,0,0,0,0,0,0,0,0,0
4062,1823,0,0,0,0,0,0,0,0,0
4063,1823,0,0,0,0,0,0,0,0,0
4064,1823,0,0,0,0,0,0,1,0,0
4065,1823,0,0,0,0,0,0,0,0,0
4066,1823,0,0,0,0,0,0,0,0,0
4067,1823,0,0,0,0,0,0,0,0,0
4068,1823,0,0,0,0,0,0,0,0,0
4069,1823,0,0,0,0,0,0,0,0,0
4070,1823,0,0,0,0,0,0,0,0,0
4071,1823,0,0,0,0,0,0,0,0,0
4072,1823,0,0,0,0,0,0,0,0,1
4073,1823,0,0,0,0,0,0,0,0,0
4074,1823,0,0,0,0,0,0,0,0,0
4075,1823,0,0,0,0,0,0,0,0,0
4076,1823,0,0,0,0,0,0,1,0,0
4077,1823,0,0,0,0,0,0,0,0,0
4078,1823,0,0,0,0,0,0,0,0,0
4079,1823,0,0,0,0,0,0,0,0,0
4080,1823,0,0,0,0,0,0,0,0,0
4081,1823,0,0,0,0,0,0,0,0,0
4082,1823,0,0,0,0,0,0,0,0,0
4083,1823,0,0,0,0,0,0,0,0,0
4084,1823,0,0,0,0,0,0,0,0,0
4085,1823,0,0,0,0,0,0,0,0,0
4086,1823,0,0,0,0,0,0,0,0,0
4087,1823,0,0,0,0,0,0,0,0,0
4088,1823,0,0,1,0,0,0,0,0,0
4089,1823,0,0,0,0,0,0,0,0,0
4090,1823,0,0,0,0,0,0,0,0,0
4091,1823,0,0,0,0,0,0,0,0,0
4092,1823,0,0,0,0,0,0,0,0,0
4093,1823,0,0,0,0,0,0,0,0,0
4094,1823,0,0,0,0,0,0,0,0,0
4095,1823,0,0,0,0,0,0,0,0,0
4096,1823,0,0,0,0,0,0,0,0,0
4097,1823,0,0,0,0,0,0,0,0,0
4098,1823,0,0,0,0,0,0,0,0,0
4099,1823,0,0,0,0,0,0,0,0,0
4100,1823,0,0,0,0,0,0,0,0,0
4101,1823,0,0,0,0,0,0,0,0,0
4102,1823,0,0,0,0,0,0,0,0,0
4103,1823,0,0,0,0,0,0,0,0,0
4104,1823,0,0,0,1,0,0,0,0,0
4105,1823,0,0,0,0,0,0,0,0,0
4106,1823,0,0,0,0,0,0,0,0,0
4107,1823,0,0,0,0,0,0,0,0,0
4108,1823,0,0,0,0,0,0,0,0,0
4109,1823,0,0,0,0,0,0,0,0,0
4110,1823,0,0,0,1,0,0,0,0,0
4111,1823,0,0,0,0,0,0,0,0,0
4112,1823,0,0,0,0,0,0,0,0,0
4113,1823,0,0,0,0,0,0,0,0,0
4114,1823,0,0,0,0,0,0,0,0,0
4115,1823,0,0,0,0,0,0,0,0,0
4116,1823,0,0,0,0,0,0,0,0,0
4117,1823,0,0,0,1,0,0,0,0,0
4118,1823,0,0,0,0,0,0,0,0,0
4119,1823,0,0,0,0,0,0,0,0,0
4120,1823,0,0,0,0,0,0,0,0,0
4121,1823,0,0,0,0,0,0,0,0,0
4122,1823,0,0,0,0,0,0,0,0,0
4123,1823,0,0,0,0,0,0,0,0,0
4124,1823,0,0,0,0,0,0,0,0,0
4125,1823,0,0,0,0,0,0,0,0,0
4126,1823,0,0,0,0,0,0,0,0,0
4127,1823,0,0,0,0,0,0,0,0,0
4128,1823,0,0,0,0,0,0,0,0,0
4129,1823,0,0,0,0,0,0,0,0,0
4130,1823,0,0,0,0,0,0,0,0,0
4131,1823,0,0,0,0,0,0,0,0,0
4132,1823,0,0,0,0,0,0,0,0,0
4133,1823,0,0,0,0,0,0,0,0,0
4134,1823,0,0,0,0,0,1,0,0,0
4135,1823,0,0,0,0,0,0,0,0,0
4136,1823,0,0,0,0,0,0,0,0,0
4137,1823,0,0,0,0,0,0,0,0,0
4138,1823,0,0,0,0,0,0,0,0,0
4139,1823,0,0,0,0,0,0,0,0,0
4140,1823,0,0,0,0,0,0,0,0,0
4141,1823,0,0,0,0,0,0,0,0,0
4142,1823,0,0,0,0,0,0,0,0,0
4143,1823,0,0,0,0,0,0,0,0,0
4144,1823,0,0,0,0,0,0,0,0,0
4145,1823,0,0,0,0,0,0,0,0,0
4146,1823,0,0,0,0,0,0,0,0,0
4147,1823,0,0,0,0,0,0,0,0,0
4148,1823,0,0,0,0,0,0,0,0,0
4149,1823,0,0,0,0,0,0,0,0,0
4150,1823,0,0,0,0,0,0,0,0,0
4151,1823,0,0,0,0,0,0,0,0,0
4152,1823,0,0,0,0,0,0,0,0,0
4153,1823,0,0,0,0,0,0,0,0,0
4154,1823,0,0,0,0,0,0,0,0,0
4155,1823,0,0,0,0,0,0,0,0,0
4156,1823,1,0,0,0,0,0,0,0,0
4157,1823,0,0,0,0,0,0,0,0,0
4158,1823,0,0,0,0,0,1,0,0,0
4159,1823,0,0,0,0,0,0,0,0,0
4160,1823,0,0,0,0,0,0,0,0,0
4161,1823,0,0,0,0,0,0,0,0,0
4162,1823,0,0,0,0,0,0,0,0,0
4163,1823,0,0,0,0,0,0,0,0,0
4164,1823,0,0,0,0,0,0,0,0,0
4165,1823,0,0,0,0,0,0,0,0,0
4166,1823,0,0,0,0,0,0,0,0,0
4167,1823,0,0,0,0,0,0,0,0,0
4168,1823,0,0,0,0,0,0,0,0,0
4169,1823,0,0,0,0,0,0,0,0,0
4170,1823,0,0,0,1,0,0,0,0,0
4171,1823,0,0,0,0,0,0,0,0,0
4172,1823,0,0,0,0,0,0,0,0,0
4173,1823,0,0,0,0,0,0,0,0,0
4174,1823,0,0,0,0,0,0,0,0,0
4175,1823,0,0,0,0,0,0,0,0,0
4176,1823,0,0,0,0,0,0,0,0,0
4177,1823,0,0,0,0,0,0,0,0,0
4178,1823,0,0,0,1,0,0,0,0,0
4179,1823,0,0,0,0,0,0,0,0,0
4180,1823,0,0,0,0,0,0,0,0,0
4181,1823,0,0,0,0,0,0,0,0,0
4182,1823,0,0,0,0,0,0,0,0,0
4183,1823,0,0,0,0,0,0,0,0,0
4184,1823,0,0,0,1,0,0,0,0,0
4185,1823,0,0,1,0,0,0,0,0,0
4186,1823,0,0,0,0,0,0,0,0,0
4187,1823,0,0,0,0,0,0,0,0,0
4188,1823,0,0,0,0,0,0,0,0,0
4189,1823,0,0,0,0,0,0,0,0,0
4190,1823,0,0,0,0,0,0,0,0,0
4191,1823,0,0,0,0,0,0,0,0,0
4192,1823,0,0,0,0,0,0,0,0,0
4193,1823,0,0,0,0,0,0,0,0,0
4194,1823,0,0,0,0,0,0,0,0,0
4195,1823,0,0,0,0,0,0,0,0,0
4196,1823,0,0,0,0,0,0,0,0,0
4197,1823,0,0,0,0,0,0,0,0,0
4198,1823,0,0,0,0,0,0,0,0,0
4199,1823,0,0,0,0,0,0,0,0,0
4200,1823,0,0,0,0,0,0,0,0,0
4201,1823,0,0,0,0,0,0,0,0,0
4202,1823,1,0,0,0,0,0,0,0,0
4203,1823,0,0,0,0,0,0,0,0,0
4204,1823,0,0,0,0,0,0,0,0,0
4205,1823,0,0,0,0,0,0,0,0,0
4206,1823,0,0,0,0,0,0,0,0,0
4207,1823,0,0,0,0,0,0,0,0,0
4208,1823,0,0,0,0,0,0,0,0,0
4209,1823,0,0,0,0,0,0,0,0,0
4210,1823,0,0,0,0,0,0,0,0,0
4211,1823,0,0,0,0,0,0,0,0,0
4212,1823,0,0,0,0,0,0,0,0,0
4213,1823,0,0,0,0,0,0,0,0,0
4214,1823,0,0,0,0,0,0,0,0,0
4215,1823,0,0,1,0,0,0,0,0,0
4216,1823,0,0,0,0,0,0,0,0,0
4217,1823,0,0,0,0,0,0,0,0,0
4218,1823,0,0,0,1,0,0,0,0,0
4219,1823,0,0,0,0,0,0,0,0,0
4220,1823,0,0,0,0,0,0,0,0,0
4221,1823,0,0,0,0,0,0,0,0,0
4222,1823,0,0,0,0,0,0,0,0,0
4223,1823,0,0,0,0,0,0,0,0,0
4224,1823,0,0,0,0,0,0,0,0,0
4225,1823,0,0,0,0,0,0,0,0,0
4226,1823,0,0,0,0,0,0,0,0,0
4227,1823,0,0,0,0,0,0,0,0,0
4228,1823,0,0,0,0,0,0,0,0,0
4229,1823,0,0,0,0,0,0,0,0,0
4230,1823,0,0,0,0,0,0,0,0,0
4231,1823,0,0,0,0,0,0,0,0,0
4232,1823,0,0,0,0,0,0,0,0,0
4233,1823,0,0,0,0,0,0,0,0,0
4234,1823,0,0,0,0,0,0,0,0,0
4235,1823,0,0,0,0,0,0,0,0,0
4236,1823,0,0,0,0,0,0,0,0,0
4237,1823,0,0,0,0,0,0,0,0,0
4238,1823,0,0,0,0,0,0,0,0,0
4239,1823,0,0,0,0,0,0,0,0,0
4240,1823,0,0,0,0,0,0,0,0,0
4241,1823,0,0,0,0,0,0,0,0,0
4242,1823,0,0,0,0,0,0,0,0,0
4243,1823,0,0,0,0,0,0,0,0,0
4244,1823,0,0,0,0,0,0,0,0,0
4245,1823,0,0,0,0,0,0,0,0,0
4246,1823,0,0,0,0,0,0,0,0,0
4247,1823,0,0,0,0,0,0,0,0,0
4248,1823,0,0,0,0,0,0,0,0,0
4249,1823,0,0,0,0,0,0,0,0,0
4250,1823,0,0,0,0,0,0,0,0,0
4251,1823,0,0,0,0,0,0,0,0,0
4252,1823,0,0,0,0,0,0,0,0,0
4253,1823,0,0,0,0,0,0,0,0,0
4254,1823,0,0,0,0,0,0,0,0,0
4255,1823,0,0,0,0,0,0,0,0,0
4256,1823,0,0,0,0,0,0,0,0,0
4257,1823,0,0,0,0,0,0,0,0,0
4258,1823,0,0,0,0,0,0,0,0,0
4259,1823,0,0,0,0,0,0,0,0,0
4260,1823,0,0,0,0,0,0,0,0,0
4261,1823,0,0,0,0,0,0,0,0,0
4262,1823,0,0,0,0,0,0,0,0,0
4263,1823,0,0,0,0,0,1,0,0,0
4264,1823,0,0,0,0,0,0,0,0,0
4265,1823,0,0,0,0,0,0,0,0,0
4266,1823,0,0,0,0,0,0,0,0,0
4267,1823,0,0,0,0,0,0,0,0,0
4268,1823,0,0,0,0,0,0,0,0,0
4269,1823,0,0,0,0,0,0,0,0,0
4270,1823,0,0,0,0,0,0,0,0,0
4271,1823,0,0,0,0,0,0,0,0,0
4272,1823,0,0,0,1,0,0,0,0,0
4273,1823,0,0,0,0,0,0,0,0,0
4274,1823,0,0,0,0,0,0,0,0,0
4275,1823,0,0,0,0,0,0,0,0,0
4276,1823,0,0,0,0,0,0,0,0,0
4277,1823,0,0,0,0,0,0,0,0,0
4278,1823,0,0,0,0,0,0,0,0,0
4279,1823,0,0,0,0,0,0,1,0,0
4280,1823,0,0,0,0,0,0,0,0,0
4281,1823,0,0,0,0,0,0,0,0,0
4282,1823,0,0,0,0,0,0,0,0,0
4283,1823,0,0,0,0,0,0,0,0,0
4284,1823,0,0,0,0,0,0,0,0,0
4285,1823,0,0,0,0,0,0,0,0,0
4286,1823,0,0,0,0,0,0,0,0,0
4287,1823,0,0,0,0,0,0,0,0,0
4288,1823,0,0,0,0,0,0,0,0,0
4289,1823,0,0,0,0,0,0,0,0,0
4290,1823,0,0,0,0,0,0,0,0,0
4291,1823,0,0,0,0,0,0,0,0,0
4292,1823,0,0,0,0,0,0,0,0,0
4293,1823,0,0,0,0,0,0,0,0,0
4294,1823,0,0,0,0,0,0,0,0,0
4295,1823,0,0,0,0,0,0,0,0,0
4296,1823,0,0,0,0,0,0,0,0,0
4297,1823,0,0,0,0,0,0,0,0,0
4298,1823,0,0,0,0,0,0,0,0,0
4299,1823,0,0,0,0,0,0,0,0,0
4300,1823,0,0,0,0,0,0,0,0,0
4301,1823,0,0,0,0,0,0,0,0,0
4302,1823,0,0,0,1,0,0,0,0,0
4303,1823,1,0,0,0,0,0,0,0,0
4304,1823,0,0,0,0,0,0,0,0,0
4305,1823,0,0,0,0,0,0,0,0,0
4306,1823,0,0,0,0,0,0,0,0,0
4307,1823,0,0,0,0,0,0,0,0,0
4308,1823,0,0,0,0,0,0,0,0,0
4309,1823,0,0,0,0,0,0,0,0,0
4310,1823,0,0,0,0,0,0,0,0,0
4311,1823,0,0,0,0,0,0,0,0,0
4312,1823,0,0,0,0,0,0,0,0,0
4313,1823,0,0,0,1,0,0,0,0,0
4314,1823,0,0,0,0,0,0,0,0,0
4315,1823,0,0,0,0,0,0,0,0,0
4316,1823,0,0,0,0,0,0,0,0,0
4317,1823,0,0,0,0,0,0,0,0,0
4318,1823,0,0,0,0,0,0,0,0,0
4319,1823,0,0,0,0,0,0,0,0,0
4320,1823,0,0,0,0,0,0,0,0,0
4321,1823,0,0,0,0,0,0,0,0,0
4322,1823,0,0,0,0,0,0,0,0,0
4323,1823,0,0,0,0,0,0,0,0,0
4324,1823,0,0,0,0,0,0,0,0,0
4325,1823,0,0,0,0,0,0,0,0,0
4326,1823,0,0,0,0,0,0,0,0,0
4327,1823,0,0,0,0,0,0,0,0,0
4328,1823,0,0,0,0,0,0,0,0,0
4329,1823,0,0,0,0,0,0,0,0,0
4330,1823,0,0,0,0,0,0,0,0,0
4331,1823,0,0,0,0,0,0,0,0,0
4332,1823,0,0,0,0,0,0,0,0,0
4333,1823,0,0,0,0,0,0,0,0,0
4334,1823,0,0,0,0,0,0,0,0,0
4335,1823,0,0,0,0,0,0,0,0,0
4336,1823,0,0,0,0,0,0,0,0,0
4337,1823,0,0,0,0,0,0,0,0,0
4338,1823,0,0,0,0,0,0,0,0,0
4339,1823,0,0,0,0,0,0,0,0,0
4340,1823,0,0,0,0,0,0,0,0,0
4341,1823,0,0,0,0,0,0,0,0,0
4342,1823,0,0,0,0,0,0,1,0,0
4343,1823,0,0,0,0,0,0,0,0,0
4344,1823,0,0,0,0,0,0,0,0,0
4345,1823,0,0,0,0,0,0,0,0,0
4346,1823,0,0,0,0,0,0,0,0,0
4347,1823,0,0,0,0,0,0,0,0,0
4348,1823,0,0,0,0,0,0,0,0,0
4349,1823,0,0,0,0,0,0,0,0,0
4350,1823,0,0,0,0,0,0,0,0,0
4351,1823,0,0,0,0,0,0,0,0,0
4352,1823,0,0,0,0,0,0,0,0,0
4353,1823,0,0,0,0,0,0,0,0,0
4354,1823,0,0,0,0,0,0,0,0,0
4355,1823,0,0,0,0,0,0,0,0,0
4356,1823,0,0,0,0,0,0,0,0,0
4357,1823,0,0,0,0,0,0,0,0,0
4358,1823,0,0,0,1,0,0,0,0,0
4359,1823,0,0,0,0,0,0,0,0,0
4360,1823,0,0,0,0,0,0,0,0,0
4361,1823,0,0,0,0,0,0,0,0,0
4362,1823,0,0,0,0,0,0,0,0,0
4363,1823,0,0,0,0,0,0,0,0,0
4364,1823,0,0,0,0,0,0,0,0,0
4365,1823,0,0,0,0,0,0,0,0,0
4366,1823,0,0,0,0,0,0,0,0,0
4367,1823,0,0,0,0,0,0,0,0,0
4368,1823,0,0,0,0,0,0,0,0,0
4369,1823,0,0,0,0,0,0,0,0,0
4370,1823,0,0,0,0,0,0,0,0,0
4371,1823,0,0,0,0,0,0,0,0,0
4372,1823,0,0,0,0,0,0,0,0,0
4373,1823,0,0,0,0,0,0,0,0,0
4374,1823,0,0,0,0,0,0,0,0,0
4375,1823,0,0,0,0,0,0,0,0,0
4376,1823,0,0,0,0,0,0,0,0,0
4377,1823,0,0,0,0,0,0,0,0,0
4378,1823,0,0,0,0,0,0,0,0,0
4379,1823,0,0,0,0,0,0,0,0,0
4380,1823,0,0,0,0,0,0,0,0,0
4381,1823,0,0,0,0,0,0,0,0,0
4382,1823,0,0,0,0,0,0,0,0,0
4383,1823,0,0,0,0,0,0,0,0,0
4384,1823,0,0,0,0,0,0,0,0,0
4385,1823,0,0,0,0,0,0,0,0,0
4386,1823,0,0,0,0,0,0,0,0,0
4387,1823,0,0,0,0,0,0,0,0,0
4388,1823,0,0,0,0,0,0,0,0,0
4389,1823,0,0,0,0,0,0,0,0,0
4390,1823,0,0,0,0,0,0,0,0,0
4391,1823,0,0,0,0,0,0,0,0,0
4392,1823,0,0,0,0,0,0,0,0,0
4393,1823,0,0,0,0,0,0,0,0,0
4394,1823,0,0,0,0,0,0,0,0,0
4395,1823,0,0,0,0,0,0,0,0,0
4396,1823,0,0,0,0,0,0,1,0,0
4397,1823,0,0,0,0,0,0,0,0,0
4398,1823,0,0,0,0,0,0,0,0,0
4399,1823,0,0,0,0,0,0,0,0,0
4400,1823,0,0,0,0,0,0,0,0,0
4401,1823,0,0,0,0,0,0,0,0,0
4402,1823,0,0,0,0,0,0,0,0,0
4403,1823,0,0,0,0,0,0,0,0,0
4404,1823,0,0,0,0,0,0,0,0,0
4405,1823,0,0,0,0,0,0,0,0,0
4406,1823,0,0,0,0,0,0,0,0,0
4407,1823,0,0,0,0,0,0,0,0,0
4408,1823,0,0,0,0,0,0,0,0,0
4409,1823,0,0,0,0,0,1,0,0,0
4410,1823,0,0,1,0,0,0,0,0,0
4411,1823,0,0,0,0,0,0,0,0,0
4412,1823,0,0,0,0,0,0,0,0,0
4413,1823,0,0,0,1,0,0,0,0,0
4414,1823,0,0,0,0,0,0,0,0,0
4415,1823,0,0,0,0,0,0,0,0,0
4416,1823,0,0,0,0,0,0,1,0,0
4417,1823,0,0,0,0,0,0,0,0,0
4418,1823,0,0,0,0,0,0,0,0,0
4419,1823,0,0,0,0,0,0,0,0,0
4420,1823,0,0,0,0,0,0,0,0,0
4421,1823,0,0,0,0,0,0,0,0,0
4422,1823,0,0,0,0,0,0,1,0,0
4423,1823,0,0,0,0,0,0,0,0,0
4424,1823,0,0,0,0,0,0,0,0,0
4425,1823,0,0,0,0,0,0,0,0,0
4426,1823,0,0,0,0,0,0,0,0,0
4427,1823,0,0,0,0,0,0,0,0,0
4428,1823,0,0,0,0,0,0,0,0,0
4429,1823,0,0,0,0,0,0,0,0,0
4430,1823,0,0,0,0,0,0,0,0,0
4431,1823,1,0,0,0,0,0,0,0,0
4432,1823,0,0,0,0,0,0,0,0,0
4433,1823,0,0,0,0,0,0,0,0,0
4434,1823,0,0,0,0,0,0,0,0,0
4435,1823,0,0,0,0,0,0,0,0,0
4436,1823,0,0,0,0,0,0,0,0,0
4437,1823,0,0,0,0,0,0,0,0,0
4438,1823,0,0,0,0,0,0,0,0,0
4439,1823,0,0,0,0,0,0,0,0,0
4440,1823,0,0,0,0,0,0,0,0,0
4441,1823,0,0,0,0,0,1,0,0,0
4442,1823,0,0,0,0,0,0,0,0,0
4443,1823,0,0,0,0,0,0,0,0,0
4444,1823,0,0,0,0,0,0,0,0,0
4445,1823,1,0,0,0,0,0,0,0,0
4446,1823,0,0,0,0,0,0,0,0,0
4447,1823,0,0,0,0,0,0,0,0,0
4448,1823,0,0,0,0,0,0,0,0,0
4449,1823,0,0,0,0,0,0,0,0,0
4450,1823,0,0,0,0,0,0,0,0,0
4451,1823,0,0,0,0,0,0,0,0,0
4452,1823,0,0,0,0,0,0,0,0,0
4453,1823,0,0,0,0,0,1,0,0,0
4454,1823,0,0,0,0,0,0,0,0,0
4455,1823,0,0,0,0,0,0,0,0,0
4456,1823,0,0,0,0,0,0,0,0,0
4457,1823,0,0,0,0,0,0,0,0,0
4458,1823,0,0,0,0,0,0,0,0,0
4459,1823,0,0,0,0,0,0,0,0,0
4460,1823,0,0,0,0,0,0,0,0,0
4461,1823,0,0,0,0,0,0,0,0,0
4462,1823,0,0,0,0,0,0,0,0,0
4463,1823,0,0,0,0,0,0,1,0,0
4464,1823,0,0,0,0,0,0,0,0,0
4465,1823,0,0,0,0,0,0,0,0,0
4466,1823,0,0,0,0,0,0,0,0,0
4467,1823,0,0,0,0,0,0,0,0,0
4468,1823,1,0,0,0,0,0,0,0,0
4469,1823,0,0,0,0,0,0,0,0,0
4470,1823,0,0,0,0,0,0,0,0,0
4471,1823,0,0,0,0,0,0,0,0,0
4472,1823,0,0,0,0,0,0,0,0,0
4473,1823,0,0,0,0,0,0,0,0,0
4474,1823,0,0,0,0,0,0,0,0,0
4475,1823,0,0,0,0,0,0,0,0,0
4476,1823,0,0,0,0,0,0,0,0,0
4477,1823,0,0,0,0,0,0,0,0,0
4478,1823,0,0,0,0,0,0,0,0,0
4479,1823,0,0,0,0,0,0,0,0,0
4480,1823,0,0,0,0,0,0,0,0,0
4481,1823,0,0,0,1,0,0,0,0,0
4482,1823,0,0,0,0,0,0,0,0,0
4483,1823,0,0,0,0,0,0,0,0,0
4484,1823,0,0,0,0,0,0,0,0,0
4485,1823,0,0,0,0,0,0,0,0,0
4486,1823,0,0,0,0,0,0,0,0,0
4487,1823,0,0,0,0,0,0,0,0,0
4488,1823,0,0,0,0,0,0,0,0,0
4489,1823,0,0,0,0,0,0,0,0,0
4490,1823,0,0,0,0,0,0,0,0,0
4491,1823,0,0,0,0,0,0,0,0,0
4492,1823,0,0,0,0,0,0,0,0,0
4493,1823,0,0,0,0,0,0,0,0,0
4494,1823,0,0,0,0,0,0,0,0,0
4495,1823,0,0,0,0,0,0,0,0,0
4496,1823,0,0,0,0,0,0,0,0,0
4497,1823,0,0,0,0,0,0,0,0,0
4498,1823,0,0,0,0,0,0,0,0,0
4499,1823,0,0,0,0,0,0,0,0,0
4500,1823,0,0,0,0,0,0,0,0,0
4501,1823,0,0,0,0,0,0,0,0,0
4502,1823,0,0,0,0,0,0,0,0,0
4503,1823,0,0,0,0,0,0,0,0,0
4504,1823,0,0,0,0,0,0,0,0,0
4505,1823,0,0,0,0,0,0,0,0,0
4506,1823,0,0,0,0,0,0,1,0,0
4507,1823,0,0,0,0,0,0,0,0,0
4508,1823,0,0,0,0,0,0,0,0,0
4509,1823,0,0,0,0,0,0,1,0,0
4510,1823,0,0,0,0,0,0,0,0,0
4511,1823,0,0,0,0,0,0,0,0,0
4512,1823,0,0,0,0,0,0,0,0,0
4513,1823,0,0,0,0,0,0,0,0,0
4514,1823,0,0,0,0,0,0,0,0,0
4515,1823,0,0,0,0,0,0,0,0,0
4516,1823,0,0,0,0,0,0,0,0,0
4517,1823,0,0,0,0,0,0,0,0,0
4518,1823,0,0,0,0,0,0,0,0,0
4519,1823,0,0,0,0,0,0,0,0,0
4520,1823,0,0,0,0,0,0,0,0,0
4521,1823,0,0,0,0,0,0,0,0,0
4522,1823,0,0,0,0,0,0,0,0,0
4523,1823,0,0,0,0,0,0,0,0,0
4524,1823,0,0,0,0,0,0,0,0,0
4525,1823,0,0,0,0,0,0,0,0,0
4526,1823,0,0,0,0,0,0,0,0,0
4527,1823,0,0,0,0,0,0,0,0,0
4528,1823,0,0,0,0,0,0,0,0,0
4529,1823,0,0,0,0,0,0,0,0,0
4530,1823,0,0,0,0,0,0,0,0,0
4531,1823,0,0,0,0,0,0,0,0,0
4532,1823,0,0,0,0,0,0,0,0,0
4533,1823,0,0,0,0,0,0,0,0,0
4534,1823,0,0,0,0,0,0,0,0,0
4535,1823,0,0,0,0,0,0,0,0,0
4536,1823,0,0,0,0,0,0,0,0,0
4537,1823,0,0,0,0,0,0,0,0,0
4538,1823,0,0,0,0,0,0,0,0,0
4539,1823,1,0,0,0,0,0,1,0,0
4540,1823,0,0,0,0,0,0,0,0,0
4541,1823,0,0,0,0,0,0,0,0,0
4542,1823,0,0,0,0,0,0,0,0,0
4543,1823,0,0,0,0,0,0,0,0,0
4544,1823,0,0,0,0,0,0,0,0,0
4545,1823,0,0,0,0,0,0,0,0,0
4546,1823,0,0,0,0,0,0,0,0,0
4547,1823,0,0,0,0,0,0,0,0,0
4548,1823,0,0,0,0,0,0,0,0,0
4549,1823,0,0,0,0,0,0,0,0,0
4550,1823,0,0,1,0,0,0,0,0,0
4551,1823,0,0,0,0,0,0,0,0,0
4552,1823,0,0,0,0,0,0,0,0,0
4553,1823,0,0,0,0,0,0,0,0,0
4554,1823,0,0,0,0,0,0,0,0,0
4555,1823,0,0,0,0,0,0,0,0,0
4556,1823,0,0,0,0,0,0,0,0,0
4557,1823,0,0,0,0,0,0,0,0,0
4558,1823,0,0,0,0,0,0,0,0,0
4559,1823,0,0,0,0,0,0,0,0,0
4560,1823,0,0,0,0,0,0,0,0,0
4561,1823,0,0,0,0,0,0,0,0,0
4562,1823,0,0,0,0,0,0,0,0,0
4563,1823,0,0,0,0,0,0,0,0,0
4564,1823,0,0,0,0,0,0,0,0,0
4565,1823,0,0,0,0,0,0,0,0,0
4566,1823,0,0,0,0,0,0,0,0,0
4567,1823,0,0,0,0,0,0,0,0,0
4568,1823,0,0,0,0,0,0,0,0,0
4569,1823,0,0,0,0,0,0,0,0,0
4570,1823,0,0,0,0,0,0,0,0,0
4571,1823,0,0,0,0,0,0,0,0,0
4572,1823,0,0,0,0,0,0,0,0,0
4573,1823,0,0,0,0,0,0,0,0,0
4574,1823,0,0,0,0,0,0,0,0,0
4575,1823,0,0,0,0,0,0,0,0,0
4576,1823,0,0,0,0,0,0,0,0,0
4577,1823,0,0,0,0,0,0,0,0,0
4578,1823,0,0,0,0,0,0,0,0,0
4579,1823,0,0,0,0,0,0,0,0,0
4580,1823,0,0,0,0,0,0,0,0,0
4581,1823,0,0,0,0,0,0,0,0,0
4582,1823,0,0,0,0,0,0,0,0,0
4583,1823,0,0,0,1,0,0,0,0,0
4584,1823,0,0,0,0,0,0,0,0,0
4585,1823,0,0,0,0,0,0,0,0,0
4586,1823,0,0,0,0,0,0,0,0,0
4587,1823,0,0,0,1,0,0,0,0,0
4588,1823,0,0,0,0,0,0,0,0,0
4589,1823,0,0,0,0,0,0,0,0,0
4590,1823,0,0,0,0,0,0,0,0,0
4591,1823,0,0,0,0,0,0,0,0,0
4592,1823,0,0,0,0,0,0,0,0,0
4593,1823,0,0,0,0,0,0,0,0,0
4594,1823,0,0,0,0,0,0,1,0,0
4595,1823,0,0,0,0,0,0,0,0,0
4596,1823,0,0,0,0,0,0,0,0,0
4597,1823,0,0,0,0,0,0,0,0,0
4598,1823,0,0,0,0,0,0,0,0,0
4599,1823,0,0,0,0,0,0,0,0,0
4600,1823,0,0,0,0,0,0,0,0,0
4601,1823,0,0,0,0,0,0,0,0,0
4602,1823,0,0,0,0,0,0,0,0,0
4603,1823,0,0,0,1,0,0,0,0,0
4604,1823,0,0,0,0,0,0,0,0,0
4605,1823,0,0,0,0,0,0,0,0,0
4606,1823,0,0,0,0,0,0,0,0,0
4607,1823,0,0,0,0,0,0,0,0,0
4608,1823,0,0,0,0,0,0,0,0,0
4609,1823,0,0,0,0,0,0,0,0,0
4610,1823,0,0,0,0,0,0,0,0,0
4611,1823,0,0,0,0,0,0,0,0,0
4612,1823,0,0,0,0,0,0,0,0,0
4613,1823,0,0,0,0,0,0,0,0,0
4614,1823,0,0,0,0,0,0,0,0,0
4615,1823,0,0,0,0,0,0,0,0,0
4616,1823,0,0,0,0,0,0,0,0,0
4617,1823,0,0,0,0,0,0,0,0,0
4618,1823,0,0,0,0,0,0,0,0,0
4619,1823,0,0,0,0,0,0,0,0,0
4620,1823,0,0,0,0,0,0,0,0,0
4621,1823,0,0,0,0,0,0,0,0,0
4622,1823,0,0,0,0,0,1,0,0,0
4623,1823,0,0,0,0,0,0,0,0,0
4624,1823,0,0,0,0,0,0,0,0,0
4625,1823,0,0,0,0,0,0,0,0,0
4626,1823,0,0,0,0,0,0,0,0,0
4627,1823,0,0,0,0,0,0,1,0,0
4628,1823,0,0,0,0,0,0,0,0,0
4629,1823,0,0,0,0,0,0,0,0,0
4630,1823,0,0,0,0,0,0,0,0,0
4631,1823,0,0,0,0,0,0,0,0,0
4632,1823,0,0,0,0,0,0,1,0,0
4633,1823,0,0,0,0,0,0,0,0,0
4634,1823,0,0,0,0,0,0,0,0,0
4635,1823,0,0,0,0,0,0,0,0,0
4636,1823,0,0,0,0,0,0,0,0,0
4637,1823,0,0,0,0,0,0,0,0,0
4638,1823,0,0,0,0,0,0,0,0,0
4639,1823,0,0,0,0,0,0,0,0,0
4640,1823,0,0,0,0,0,0,0,0,0
4641,1823,0,0,0,0,0,0,0,0,0
4642,1823,0,0,0,0,0,0,0,0,0
4643,1823,0,0,0,0,0,0,0,0,0
4644,1823,0,0,0,0,0,0,0,0,0
4645,1823,0,0,0,0,0,0,0,0,0
4646,1823,0,0,0,0,0,0,0,0,0
4647,1823,0,0,0,0,0,0,0,0,0
4648,1823,0,0,0,0,0,0,0,0,0
4649,1823,0,0,0,0,0,0,0,0,0
4650,1823,1,0,0,0,0,0,0,0,0
4651,1823,0,0,0,0,0,0,0,0,0
4652,1823,1,0,0,0,0,0,0,0,0
4653,1823,0,0,0,0,0,0,0,0,0
4654,1823,0,0,0,0,0,0,0,0,0
4655,1823,0,0,0,0,0,0,0,0,0
4656,1823,0,0,0,0,0,0,0,0,0
4657,1823,0,0,0,0,0,0,1,0,0
4658,1823,0,0,0,0,0,0,0,0,0
4659,1823,0,0,0,0,0,0,0,0,0
4660,1823,0,0,0,0,0,0,0,0,0
4661,1823,0,0,0,0,0,0,0,0,0
4662,1823,0,0,0,0,0,0,0,0,0
4663,1823,0,0,0,0,0,0,0,0,0
4664,1823,0,0,0,0,0,0,0,0,0
4665,1823,0,0,0,0,0,0,0,0,0
4666,1823,0,0,0,0,0,0,0,0,0
4667,1823,0,0,0,0,0,0,0,0,0
4668,1823,0,0,0,0,0,0,0,0,0
4669,1823,0,0,0,0,0,0,0,0,0
4670,1823,0,0,0,0,0,0,0,0,0
4671,1823,0,0,0,0,0,0,0,0,0
4672,1823,0,0,0,0,0,0,0,0,0
4673,1823,0,0,0,0,0,0,0,0,0
4674,1823,0,0,0,0,0,0,0,0,0
4675,1823,0,0,0,1,0,0,0,0,0
4676,1823,0,0,0,0,0,0,0,0,0
4677,1823,0,0,0,0,0,0,0,0,0
4678,1823,0,0,0,0,0,0,0,0,0
4679,1823,0,0,0,0,0,0,0,0,0
4680,1823,0,0,0,0,0,0,0,0,0
4681,1823,0,0,0,0,0,0,0,0,0
4682,1823,1,0,0,0,0,0,0,0,0
4683,1823,0,0,0,0,0,0,0,0,0
4684,1823,0,0,0,0,0,0,0,0,0
4685,1823,0,0,0,0,0,0,0,0,0
4686,1823,0,0,0,0,0,0,0,0,0
4687,1823,0,0,0,1,0,0,0,0,0
4688,1823,0,0,0,0,0,0,0,0,0
4689,1823,0,0,0,0,0,0,0,0,0
4690,1823,0,0,0,0,0,0,0,0,0
4691,1823,0,0,0,0,0,0,0,0,0
4692,1823,0,0,0,0,0,0,0,0,0
4693,1823,0,0,0,0,0,0,0,0,0
4694,1823,0,0,0,0,0,0,0,0,0
4695,1823,0,0,0,0,0,0,0,0,0
4696,1823,0,0,0,0,0,0,0,0,0
4697,1823,0,0,0,0,0,0,0,0,0
4698,1823,0,0,0,0,0,0,0,0,0
4699,1823,0,0,0,0,0,0,0,0,0
4700,1823,0,0,0,0,0,0,0,0,0
4701,1823,0,0,0,0,0,0,0,0,0
4702,1823,0,0,0,1,0,0,0,0,0
4703,1823,0,0,0,0,0,0,0,0,0
4704,1823,0,0,0,0,0,0,0,0,0
4705,1823,0,0,0,0,0,0,0,0,0
4706,1823,0,0,0,0,0,0,0,0,0
4707,1823,0,0,0,0,0,0,0,0,0
4708,1823,0,0,0,0,0,0,0,0,0
4709,1823,0,0,0,0,0,0,0,0,0
4710,1823,0,0,0,0,0,0,0,0,0
4711,1823,0,0,0,0,0,0,0,0,0
4712,1823,0,0,0,0,0,0,1,0,0
4713,1823,0,0,0,0,0,0,0,0,0
4714,1823,0,0,0,0,0,0,0,0,0
4715,1823,0,0,0,0,0,0,0,0,0
4716,1823,0,0,0,0,0,0,0,0,0
4717,1823,0,0,0,0,0,0,0,0,0
4718,1823,0,0,0,0,0,0,0,0,0
4719,1823,0,0,0,0,0,0,0,0,0
4720,1823,0,0,0,0,0,0,0,0,0
4721,1823,0,0,0,0,0,0,0,0,0
4722,1823,0,0,0,0,0,0,0,0,0
4723,1823,0,0,0,0,0,0,0,0,0
4724,1823,0,0,0,0,0,0,0,0,0
4725,1823,0,0,0,0,0,0,0,0,0
4726,1823,0,0,0,0,0,0,0,0,0
4727,1823,0,0,0,0,0,0,0,0,0
4728,1823,0,0,0,0,0,0,0,0,0
4729,1823,0,0,0,0,0,0,0,0,0
4730,1823,0,0,0,0,0,0,0,0,0
4731,1823,0,0,0,0,0,0,0,0,0
4732,1823,0,0,0,0,0,0,0,0,0
4733,1823,0,0,0,0,0,0,0,0,0
4734,1823,0,0,0,0,0,0,0,0,0
4735,1823,0,0,0,0,0,0,0,0,0
4736,1823,0,0,1,0,0,0,0,0,0
4737,1823,0,0,0,0,0,0,1,0,0
4738,1823,0,0,1,0,0,0,0,0,0
4739,1823,0,0,0,0,0,0,0,0,0
4740,1823,0,0,0,0,0,0,0,0,0
4741,1823,0,0,0,0,0,0,0,0,0
4742,1823,0,0,0,0,0,0,0,0,0
4743,1823,0,0,0,0,0,0,0,0,0
4744,1823,0,0,0,1,0,0,0,0,0
4745,1823,0,0,0,0,0,0,0,0,0
4746,1823,0,0,0,0,0,0,0,0,0
4747,1823,0,0,0,0,0,0,0,0,0
4748,1823,0,0,0,0,0,0,0,0,0
4749,1823,0,0,0,0,0,0,0,0,0
4750,1823,0,0,0,0,0,0,0,0,0
4751,1823,0,0,0,0,0,0,0,0,0
4752,1823,0,0,0,0,0,0,0,0,0
4753,1823,0,0,0,0,0,0,0,0,0
4754,1823,0,0,0,0,0,0,0,0,0
4755,1823,0,0,0,0,0,0,0,0,0
4756,1823,0,0,0,0,0,0,0,0,0
4757,1823,0,0,0,0,0,0,0,0,0
4758,1823,0,0,0,0,0,0,0,0,0
4759,1823,0,0,0,0,0,0,0,0,0
4760,1823,0,0,0,0,0,0,0,0,0
4761,1823,0,0,0,0,0,0,0,0,0
4762,1823,0,0,0,0,0,0,0,0,0
4763,1823,0,0,0,0,0,0,0,0,0
4764,1823,0,0,0,0,0,0,0,0,0
4765,1823,0,0,0,0,0,0,0,0,0
4766,1823,0,0,0,0,0,0,0,0,0
4767,1823,0,0,0,0,0,0,0,0,0
4768,1823,0,0,0,0,0,0,0,0,0
4769,1823,0,0,0,0,0,0,0,0,0
4770,1823,0,0,0,0,0,0,0,0,0
4771,1823,0,0,0,0,0,0,0,0,0
4772,1823,0,0,0,0,0,0,0,0,0
4773,1823,0,0,0,0,0,0,0,0,0
4774,1823,0,0,0,0,0,0,0,0,0
4775,1823,0,0,0,0,0,0,0,0,0
4776,1823,0,0,0,0,0,0,0,0,0
4777,1823,0,0,0,0,0,0,0,0,0
4778,1823,0,0,0,0,0,0,1,0,0
4779,1823,0,0,0,0,0,0,0,0,0
4780,1823,0,0,0,0,0,0,0,0,0
4781,1823,0,0,0,0,0,0,0,0,0
4782,1823,0,0,0,0,0,0,0,0,0
4783,1823,0,0,0,0,0,0,0,0,0
4784,1823,0,0,1,0,0,0,0,0,0
4785,1823,0,0,0,0,0,0,0,0,0
4786,1823,0,0,0,0,0,1,0,0,0
4787,1823,0,0,0,0,0,0,0,0,0
4788,1823,0,0,0,0,0,0,0,0,0
4789,1823,0,0,0,0,0,0,0,0,0
4790,1823,0,0,0,0,0,0,0,0,0
4791,1823,0,0,0,0,0,0,0,0,0
4792,1823,0,0,0,0,0,0,0,0,0
4793,1823,0,0,0,0,0,0,0,0,0
4794,1823,0,0,0,0,0,0,0,0,0
4795,1823,0,0,0,0,0,0,0,0,0
4796,1823,0,0,0,0,0,0,0,0,0
4797,1823,0,0,0,0,0,0,0,0,0
4798,1823,0,0,0,0,0,0,0,0,0
4799,1823,0,0,0,0,0,0,0,0,0
4800,1823,0,0,0,0,0,0,0,0,0
4801,1823,0,0,0,0,0,0,0,0,0
4802,1823,0,0,0,0,0,0,0,0,0
4803,1823,0,0,0,0,0,0,0,0,0
4804,1823,0,0,0,0,0,0,0,0,0
4805,1823,0,0,0,0,0,0,1,0,0
4806,1823,0,0,0,0,0,0,0,0,0
4807,1823,0,0,0,0,0,0,0,0,0
4808,1823,0,0,0,0,0,0,0,0,0
4809,1823,0,0,0,0,0,0,0,0,0
4810,1823,0,0,0,0,0,0,0,0,0
4811,1823,0,0,0,0,0,0,0,0,0
4812,1823,0,0,0,0,0,0,0,0,0
4813,1823,0,0,0,0,0,0,0,0,0
4814,1823,0,0,0,0,0,0,0,0,0
4815,1823,0,0,0,0,0,0,0,0,0
4816,1823,0,0,0,0,0,0,0,0,0
4817,1823,0,0,0,0,0,0,0,0,0
4818,1823,0,0,0,0,0,0,0,0,0
4819,1823,0,0,0,0,0,0,0,0,0
4820,1823,0,0,0,0,0,0,0,0,0
4821,1823,0,0,0,0,0,0,0,0,0
4822,1823,0,0,0,0,0,0,0,0,0
4823,1823,0,0,0,0,0,0,0,0,0
4824,1823,0,0,0,0,0,0,0,0,0
4825,1823,0,0,0,0,0,0,0,0,0
4826,1823,0,0,0,0,0,0,0,0,0
4827,1823,0,0,0,0,0,0,0,0,0
4828,1823,0,0,0,0,0,0,0,0,0
4829,1823,0,0,0,0,0,0,0,0,0
4830,1823,0,0,0,0,0,0,0,0,0
4831,1823,0,0,0,0,0,0,0,0,0
4832,1823,0,0,0,0,0,0,0,0,0
4833,1823,0,0,0,0,0,0,0,0,0
4834,1823,0,0,0,0,0,0,0,0,0
4835,1823,0,0,0,0,0,0,0,0,0
4836,1823,0,0,0,0,0,0,0,0,0
4837,1823,0,0,0,0,0,0,0,0,0
4838,1823,0,0,0,0,0,0,0,0,0
4839,1823,0,0,0,0,0,0,0,0,0
4840,1823,0,0,0,0,0,0,0,0,1
4841,1823,0,0,0,0,0,0,0,0,0
4842,1823,0,0,0,0,0,0,0,0,0
4843,1823,0,0,0,0,0,0,0,0,0
4844,1823,0,0,0,1,0,0,0,0,0
4845,1823,0,0,0,0,0,0,0,0,0
4846,1823,0,0,0,0,0,0,0,0,0
4847,1823,0,0,0,0,0,0,0,0,0
4848,1823,0,0,0,0,0,0,0,0,0
4849,1823,0,0,0,0,0,0,0,0,0
4850,1823,0,0,0,0,0,0,0,0,0
4851,1823,0,0,0,0,0,0,0,0,0
4852,1823,0,0,0,0,0,0,0,0,0
4853,1823,0,0,0,0,0,0,0,0,0
4854,1823,0,0,0,0,0,0,0,0,0
4855,1823,0,0,0,0,0,0,0,0,0
4856,1823,0,0,0,0,0,0,0,0,0
4857,1823,0,0,0,0,0,0,0,0,0
4858,1823,0,0,0,0,0,0,0,0,0
4859,1823,0,0,0,0,0,0,0,0,0
4860,1823,0,0,0,0,0,0,0,0,0
4861,1823,0,0,0,0,0,0,0,0,0
4862,1823,0,0,0,0,0,0,0,0,0
4863,1823,0,0,0,0,0,0,0,0,0
4864,1823,0,0,0,0,0,0,0,0,0
4865,1823,0,0,0,0,0,0,0,0,0
4866,1823,0,0,0,0,0,0,0,0,0
4867,1823,0,0,0,0,0,0,0,0,0
4868,1823,0,0,0,0,0,0,0,0,0
4869,1823,0,0,0,0,0,0,0,0,0
4870,1823,0,0,0,0,0,0,0,0,0
4871,1823,0,0,0,0,0,0,0,0,0
4872,1823,0,0,0,0,0,0,0,0,0
4873,1823,0,0,0,0,0,0,0,0,0
4874,1823,0,0,0,0,0,0,0,0,0
4875,1823,0,0,0,0,0,0,0,0,0
4876,1823,0,0,0,0,0,0,0,0,0
4877,1823,0,0,0,0,0,0,0,0,0
4878,1823,0,0,0,0,0,0,0,0,0
4879,1823,0,0,0,0,0,0,0,0,0
4880,1823,0,0,0,0,0,0,0,0,0
4881,1823,0,0,0,0,0,0,0,0,0
4882,1823,0,0,0,0,0,0,0,0,0
4883,1823,0,0,0,0,0,0,0,0,0
4884,1823,0,0,0,0,0,0,0,0,0
4885,1823,0,0,0,0,0,0,0,0,0
4886,1823,0,0,0,0,0,0,0,0,0
4887,1823,0,0,0,0,0,0,0,0,0
4888,1823,0,0,0,0,0,0,0,0,0
4889,1823,0,0,0,0,0,0,0,0,0
4890,1823,0,0,0,0,0,0,0,0,0
4891,1823,0,0,0,0,0,0,0,0,0
4892,1823,0,0,0,0,0,0,0,0,0
4893,1823,0,0,0,0,0,0,0,0,0
4894,1823,0,0,0,0,0,0,0,0,0
4895,1823,0,0,0,0,0,0,0,0,0
4896,1823,0,0,0,0,0,1,0,0,0
4897,1823,0,0,0,0,0,0,0,0,0
4898,1823,0,0,0,0,0,0,0,0,0
4899,1823,0,0,0,0,0,0,1,0,0
4900,1823,0,0,0,0,0,0,0,0,0
4901,1823,0,0,0,0,0,0,0,0,0
4902,1823,0,0,1,0,0,0,0,0,0
4903,1823,0,0,0,0,0,0,0,0,0
4904,1823,0,0,0,0,0,0,0,0,0
4905,1823,0,0,0,0,0,0,0,0,0
4906,1823,0,0,0,0,0,0,0,0,0
4907,1823,0,0,0,0,0,0,0,0,0
4908,1823,1,0,0,0,0,0,0,0,0
4909,1823,0,0,0,0,0,0,0,0,0
4910,1823,0,0,0,0,0,0,0,0,0
4911,1823,0,0,0,0,0,0,0,0,0
4912,1823,0,0,0,0,0,0,0,0,0
4913,1823,0,0,0,0,0,0,0,0,0
4914,1823,0,0,0,0,0,0,0,0,0
4915,1823,0,0,0,0,0,0,0,0,0
4916,1823,0,0,0,0,0,0,0,0,0
4917,1823,0,0,0,0,0,0,0,0,0
4918,1823,0,0,0,0,0,0,0,0,0
4919,1823,0,0,0,0,0,0,1,0,0
4920,1823,0,0,0,0,0,0,0,0,0
4921,1823,0,0,0,0,0,0,0,0,0
4922,1823,0,0,0,0,0,0,0,0,0
4923,1823,0,0,0,0,0,0,0,0,0
4924,1823,0,0,0,0,0,0,0,0,0
4925,1823,0,0,0,0,0,0,0,0,0
4926,1823,0,0,0,0,0,0,0,0,0
4927,1823,0,0,0,0,0,0,0,0,0
4928,1823,0,0,1,0,0,0,0,0,0
4929,1823,0,0,0,0,0,0,0,0,0
4930,1823,0,0,1,0,0,0,0,0,0
4931,1823,0,0,0,0,0,0,0,0,0
4932,1823,0,0,0,0,0,0,0,0,0
4933,1823,0,0,0,0,0,0,0,0,0
4934,1823,0,0,0,0,0,0,0,0,0
4935,1823,0,0,0,0,0,0,0,0,0
4936,1823,0,0,0,0,0,0,0,0,0
4937,1823,0,0,0,0,0,0,0,0,0
4938,1823,0,0,0,0,0,0,0,0,0
4939,1823,0,0,0,0,0,0,0,0,0
4940,1823,0,0,0,0,0,0,0,0,0
4941,1823,0,0,0,0,0,0,0,0,0
4942,1823,0,0,0,0,0,0,0,0,0
4943,1823,0,0,0,0,0,0,0,0,0
4944,1823,0,0,0,0,0,0,0,0,0
4945,1823,1,0,0,0,0,0,0,0,0
4946,1823,0,0,0,0,0,0,0,0,0
4947,1823,0,0,0,0,0,0,0,0,0
4948,1823,0,0,0,0,0,0,0,0,0
4949,1823,0,0,0,0,0,0,0,0,0
4950,1823,0,0,0,0,0,0,0,0,0
4951,1823,0,0,1,0,0,0,0,0,0
4952,1823,0,0,0,0,0,0,0,0,0
4953,1823,0,0,0,0,0,0,0,0,0
4954,1823,0,0,0,0,0,0,0,0,0
4955,1823,0,0,0,0,0,0,0,0,0
4956,1823,0,0,0,0,0,0,0,0,0
4957,1823,0,0,0,0,0,0,0,0,0
4958,1823,0,0,0,0,0,0,1,0,0
4959,1823,0,0,0,0,0,0,0,0,0
4960,1823,0,0,0,0,0,0,0,0,0
4961,1823,0,0,0,0,0,0,0,0,0
4962,1823,0,0,0,0,0,0,0,0,0
4963,1823,0,0,0,0,0,1,0,0,0
4964,1823,0,0,0,0,0,0,0,0,0
4965,1823,0,0,0,0,0,0,0,0,0
4966,1823,0,0,0,0,0,0,0,0,0
4967,1823,0,0,0,0,0,0,0,0,0
4968,1823,0,0,0,0,0,0,0,0,0
4969,1823,0,0,0,0,0,0,0,0,0
4970,1823,0,0,0,0,0,0,0,0,0
4971,1823,0,0,0,0,0,0,0,0,0
4972,1823,0,0,0,0,0,0,0,0,0
4973,1823,0,0,0,0,0,0,0,0,0
4974,1823,0,0,0,0,0,0,0,0,0
4975,1823,0,0,0,0,0,0,0,0,0
4976,1823,0,0,0,0,0,0,1,0,0
4977,1823,0,0,0,0,0,0,0,0,0
4978,1823,0,0,0,0,0,0,0,0,0
4979,1823,0,0,0,0,0,0,0,0,0
4980,1823,0,0,0,0,0,0,0,0,0
4981,1823,0,0,0,0,0,0,0,0,0
4982,1823,0,0,0,0,0,0,0,0,0
4983,1823,0,0,0,0,0,0,0,0,0
4984,1823,0,0,0,0,0,0,0,0,0
4985,1823,0,0,0,0,0,0,0,0,0
4986,1823,0,0,0,0,0,0,0,0,0
4987,1823,0,0,0,0,0,0,0,0,0
4988,1823,0,0,0,0,0,0,0,0,0
4989,1823,0,0,0,0,0,0,0,0,0
4990,1823,0,0,0,0,0,0,0,0,0
4991,1823,0,0,0,0,0,0,0,0,0
4992,1823,0,0,0,0,0,0,0,0,0
4993,1823,0,0,0,0,0,0,0,0,0
4994,1823,0,0,0,0,0,0,0,0,0
4995,1823,0,0,0,0,0,0,0,0,0
4996,1823,0,0,0,0,0,0,0,0,0
4997,1823,0,0,0,0,0,0,0,0,0
4998,1823,0,0,0,0,0,0,0,0,0
4999,1823,0,0,0,0,0,1,0,0,0
5000,1823,0,0,0,0,0,0,0,0,0
5001,1823,0,0,0,0,0,0,0,0,0
5002,1823,0,0,0,0,0,0,1,0,0
5003,1823,0,0,0,0,0,0,0,0,0
5004,1823,0,0,0,0,0,0,0,0,0
5005,1823,0,0,0,0,0,0,0,0,0
5006,1823,1,0,0,0,0,0,0,0,0
5007,1823,0,0,0,0,0,0,0,0,0
5008,1823,0,0,0,0,0,0,0,0,0
5009,1823,0,0,0,0,0,0,0,0,0
5010,1823,0,0,0,0,0,0,0,0,0
5011,1823,0,0,0,0,0,0,0,0,0
5012,1823,0,0,0,0,0,0,0,0,0
5013,1823,0,0,0,0,0,0,0,0,0
5014,1823,0,0,0,0,0,0,0,0,0
5015,1823,0,0,0,0,0,0,0,0,0
5016,1823,0,0,0,0,0,0,0,0,0
5017,1823,0,0,0,0,0,0,0,0,0
5018,1823,0,0,0,0,0,0,1,0,0
5019,1823,0,0,0,0,0,1,0,0,0
5020,1823,0,0,0,0,0,0,0,0,0
5021,1823,0,0,0,0,0,0,0,0,0
5022,1823,0,0,0,1,0,0,0,0,0
5023,1823,0,0,0,0,0,0,0,0,0
5024,1823,0,0,0,0,0,0,0,0,0
5025,1823,0,0,0,0,0,0,0,0,0
5026,1823,0,0,0,0,0,0,0,0,0
5027,1823,0,0,0,0,0,0,0,0,0
5028,1823,0,0,0,0,0,0,0,0,0
5029,1823,0,0,0,0,0,0,0,0,0
5030,1823,0,0,0,0,0,0,0,0,0
5031,1823,0,0,0,0,0,0,0,0,0
5032,1823,0,0,0,0,0,0,0,0,0
5033,1823,0,0,0,0,0,0,0,0,0
5034,1823,0,0,0,0,0,0,0,0,0
5035,1823,0,0,0,0,0,0,0,0,0
5036,1823,0,0,0,0,0,0,0,0,0
5037,1823,0,0,0,0,0,0,0,0,0
5038,1823,0,0,0,0,0,0,0,0,0
5039,1823,0,0,0,0,0,0,0,0,0
5040,1823,0,0,0,0,0,0,0,0,0
5041,1823,0,0,0,0,0,0,0,0,0
5042,1823,0,0,0,0,0,0,0,0,0
5043,1823,0,0,0,0,0,0,0,0,0
5044,1823,0,0,0,0,0,0,0,0,0
5045,1823,0,0,0,0,0,0,0,0,0
5046,1823,1,0,0,0,0,0,0,0,0
5047,1823,0,0,0,0,0,0,0,0,0
5048,1823,0,0,0,0,0,0,0,0,0
5049,1823,0,0,0,0,0,0,0,0,0
5050,1823,0,0,0,0,0,0,0,0,0
5051,1823,0,0,0,0,0,0,0,0,0
5052,1823,0,0,0,0,0,0,0,0,0
5053,1823,0,0,0,0,0,0,0,0,0
5054,1823,0,0,0,0,0,0,0,0,0
5055,1823,0,0,0,0,0,0,0,0,0
5056,1823,0,0,0,1,0,0,0,0,0
5057,1823,0,0,0,0,0,0,0,0,0
5058,1823,0,0,0,0,0,0,0,0,0
5059,1823,0,0,0,0,0,0,0,0,0
5060,1823,0,0,0,1,0,0,0,0,0
5061,1823,0,0,0,0,0,0,0,0,0
5062,1823,0,0,0,0,0,0,0,0,0
5063,1823,0,0,0,0,0,0,0,0,0
5064,1823,0,0,0,1,0,0,0,0,0
5065,1823,0,0,0,0,0,0,0,0,0
5066,1823,0,0,0,0,0,0,0,0,0
5067,1823,0,0,0,0,0,0,0,0,0
5068,1823,0,0,0,0,0,0,0,0,0
5069,1823,0,0,0,0,0,0,0,0,0
5070,1823,0,0,0,0,0,0,0,0,0
5071,1823,0,0,0,0,0,0,0,0,0
5072,1823,0,0,0,0,0,0,0,0,0
5073,1823,0,0,1,0,0,0,0,0,0
5074,1823,0,0,0,0,0,0,0,0,0
5075,1823,0,0,0,0,0,0,0,0,0
5076,1823,0,1,0,0,0,0,0,0,0
5077,1823,0,0,0,0,0,0,0,0,0
5078,1823,0,0,0,0,0,0,0,0,0
5079,1823,0,0,0,0,0,0,0,0,0
5080,1823,0,0,0,0,0,0,0,0,0
5081,1823,0,0,0,0,0,0,0,0,0
5082,1823,0,0,0,0,0,0,0,0,0
5083,1823,0,0,0,0,0,0,0,0,0
5084,1823,0,0,0,0,0,0,0,0,0
5085,1823,0,0,0,0,0,0,0,0,0
5086,1823,0,0,0,0,0,0,0,0,0
5087,1823,0,0,0,0,0,0,0,0,0
5088,1823,0,0,0,0,0,1,0,0,0
5089,1823,0,0,0,0,0,0,0,0,0
5090,1823,0,0,0,0,0,0,0,0,0
5091,1823,0,0,0,0,0,0,0,0,0
5092,1823,0,0,0,0,0,0,0,0,0
5093,1823,0,0,0,0,0,0,0,0,0
5094,1823,0,0,0,0,0,0,0,0,0
5095,1823,0,0,0,0,0,0,0,0,0
5096,1823,0,0,0,0,0,0,0,0,0
5097,1823,0,0,0,0,0,0,0,0,0
5098,1823,0,0,1,0,0,0,0,0,0
5099,1823,0,0,0,0,0,0,0,0,0
5100,1823,0,0,0,0,0,0,0,0,0
5101,1823,0,0,0,0,0,0,0,0,0
5102,1823,0,0,0,0,0,0,0,0,0
5103,1823,0,0,1,0,0,0,0,0,0
5104,1823,0,0,0,0,0,0,0,0,0
5105,1823,0,0,0,0,0,0,0,0,0
5106,1823,0,1,0,0,0,0,0,0,0
5107,1823,0,0,0,0,0,0,0,0,0
5108,1823,0,0,0,0,0,0,0,0,0
5109,1823,0,0,0,0,0,0,0,0,0
5110,1823,0,0,0,0,0,0,0,0,0
5111,1823,0,0,0,0,0,0,0,0,0
5112,1823,0,0,0,0,0,0,0,0,0
5113,1823,0,0,0,0,0,0,0,0,0
5114,1823,0,0,0,0,0,0,0,0,0
5115,1823,0,0,0,0,0,0,0,0,0
5116,1823,0,0,0,0,0,0,0,0,0
5117,1823,0,0,0,0,0,0,0,0,0
5118,1823,0,0,0,0,0,0,0,0,0
5119,1823,0,0,0,0,0,0,0,0,0
5120,1823,0,0,0,0,0,0,0,0,0
5121,1823,0,0,0,0,0,0,0,0,0
5122,1823,0,0,0,0,0,0,0,0,0
5123,1823,0,0,0,0,0,0,0,0,0
5124,1823,0,0,0,0,0,0,0,0,0
5125,1823,0,0,0,0,0,0,0,0,0
5126,1823,0,0,0,0,0,0,0,0,0
5127,1823,0,0,0,0,0,0,0,0,0
5128,1823,0,0,0,0,0,0,0,0,0
5129,1823,0,0,0,0,0,0,0,0,0
5130,1823,0,0,0,0,0,0,0,0,0
5131,1823,0,0,0,0,0,0,0,0,0
5132,1823,0,0,0,0,0,0,0,0,0
5133,1823,0,0,0,0,0,0,0,0,0
5134,1823,0,0,0,0,0,0,0,0,0
5135,1823,0,0,0,0,0,0,0,0,0
5136,1823,0,0,0,0,0,0,0,0,0
5137,1823,0,0,0,0,0,0,0,0,0
5138,1823,0,0,0,0,0,0,0,0,0
5139,1823,0,0,0,0,0,0,0,0,0
5140,1823,0,0,0,0,0,0,0,0,0
5141,1823,0,0,0,0,0,0,0,0,0
5142,1823,0,0,0,1,0,0,0,0,0
5143,1823,0,0,0,0,0,0,0,0,0
5144,1823,0,0,0,0,0,0,0,0,0
5145,1823,0,0,0,0,0,0,0,0,0
5146,1823,0,0,0,0,0,0,0,0,0
5147,1823,0,0,0,0,0,0,0,0,0
5148,1823,0,0,0,0,0,0,0,0,0
5149,1823,0,0,0,0,0,0,0,0,0
5150,1823,0,0,0,0,0,0,0,0,0
5151,1823,0,0,0,0,0,0,0,0,0
5152,1823,0,0,0,0,0,0,0,0,0
5153,1823,0,0,0,0,0,0,0,0,0
5154,1823,0,0,0,0,0,0,0,0,0
5155,1823,0,0,0,0,0,0,0,0,0
5156,1823,0,0,0,0,0,0,0,0,0
5157,1823,0,0,0,0,0,0,0,0,0
5158,1823,0,0,0,0,0,0,0,0,0
5159,1823,0,0,0,0,0,0,0,0,0
5160,1823,0,0,0,0,0,0,0,0,0
5161,1823,0,0,0,0,0,0,0,0,0
5162,1823,0,0,0,0,0,0,0,0,0
5163,1823,0,0,0,0,0,0,0,0,0
5164,1823,0,0,0,0,0,0,0,0,0
5165,1823,0,0,0,0,0,0,0,0,0
5166,1823,0,0,0,0,0,0,0,0,0
5167,1823,0,0,0,0,0,0,0,0,0
5168,1823,0,0,0,0,0,0,0,0,0
5169,1823,0,0,0,0,0,0,0,0,0
5170,1823,0,0,0,0,0,0,0,0,0
5171,1823,0,0,0,0,0,0,0,0,0
5172,1823,0,0,0,0,0,0,0,0,0
5173,1823,0,0,0,0,0,0,0,0,0
5174,1823,0,0,0,0,0,0,0,0,0
5175,1823,0,0,0,0,0,0,0,0,0
5176,1823,0,0,0,0,0,0,0,0,0
5177,1823,0,0,0,0,0,0,0,0,0
5178,1823,0,0,0,0,0,0,0,0,0
5179,1823,0,0,0,0,0,0,0,0,0
5180,1823,0,0,0,0,0,0,0,0,0
5181,1823,0,0,0,0,0,0,0,0,0
5182,1823,0,0,0,0,0,0,0,0,0
5183,1823,0,0,0,0,0,0,0,0,0
5184,1823,0,0,0,0,0,0,0,0,0
5185,1823,0,0,0,0,0,0,0,0,0
5186,1823,0,0,0,0,0,0,0,0,0
5187,1823,0,0,1,0,0,0,0,0,0
5188,1823,0,0,0,0,0,0,0,0,0
5189,1823,0,0,0,0,0,0,0,0,0
5190,1823,0,0,0,0,0,0,0,0,0
5191,1823,0,0,0,0,0,0,0,0,0
5192,1823,0,0,0,0,0,0,0,0,0
5193,1823,0,0,0,0,0,0,0,0,0
5194,1823,0,0,0,1,0,0,0,0,0
5195,1823,0,0,0,0,0,0,0,0,0
5196,1823,0,0,0,0,0,0,0,0,0
5197,1823,0,0,0,0,0,0,0,0,0
5198,1823,0,0,0,0,0,0,0,0,0
5199,1823,0,0,0,0,0,0,0,0,0
5200,1823,0,0,0,0,0,0,0,0,0
5201,1823,0,0,0,0,0,0,0,0,0
5202,1823,0,0,0,0,0,0,0,0,0
5203,1823,0,0,0,0,0,0,0,0,0
5204,1823,0,0,0,0,0,0,0,0,0
5205,1823,0,0,0,0,0,0,0,0,0
5206,1823,0,0,0,0,0,0,0,0,0
5207,1823,0,0,0,0,0,0,0,0,0
5208,1823,0,0,0,0,0,0,0,0,0
5209,1823,0,0,0,0,0,0,0,0,0
5210,1823,0,0,0,0,0,0,0,0,0
5211,1823,0,0,0,0,0,0,0,0,0
5212,1823,0,0,0,0,0,0,0,0,0
5213,1823,0,0,0,0,0,0,0,0,0
5214,1823,0,0,0,0,0,0,0,0,0
5215,1823,0,0,0,0,0,0,0,0,0
5216,1823,0,0,0,0,0,0,0,0,0
5217,1823,0,0,0,0,0,0,0,0,0
5218,1823,0,0,0,0,0,0,0,0,0
5219,1823,0,0,0,0,0,0,0,0,0
5220,1823,0,0,0,0,0,0,0,0,0
5221,1823,0,0,0,0,0,0,0,0,0
5222,1823,0,0,0,0,0,0,0,0,0
5223,1823,0,0,0,0,0,0,0,0,0
5224,1823,0,0,0,0,0,0,0,0,0
5225,1823,0,0,0,0,0,0,0,0,0
5226,1823,0,0,0,0,0,0,0,0,0
5227,1823,0,0,0,0,0,0,0,0,0
5228,1823,0,0,0,0,0,0,0,0,0
5229,1823,0,0,0,0,0,0,0,0,0
5230,1823,0,0,0,0,0,0,0,0,0
5231,1823,0,0,0,0,0,0,0,0,0
5232,1823,0,0,0,0,0,0,0,0,0
5233,1823,0,0,0,0,0,0,0,0,0
5234,1823,0,0,0,0,0,0,0,0,0
5235,1823,0,0,0,0,0,0,0,0,0
5236,1823,1,0,0,0,0,0,0,0,0
5237,1823,0,0,0,0,0,0,0,0,0
5238,1823,0,0,0,0,0,0,0,0,0
5239,1823,0,0,0,0,0,0,0,0,0
5240,1823,0,0,0,0,0,0,0,0,0
5241,1823,0,0,0,0,0,0,0,0,0
5242,1823,0,0,0,0,0,0,0,0,0
5243,1823,0,0,0,0,0,0,1,0,0
5244,1823,0,0,0,0,0,0,0,0,0
5245,1823,0,0,0,0,0,0,0,0,0
5246,1823,0,0,0,0,0,0,0,0,0
5247,1823,0,0,0,0,0,0,0,0,0
5248,1823,0,0,0,0,0,0,0,0,0
5249,1823,0,0,0,0,0,0,0,0,0
5250,1823,0,0,0,0,0,0,0,0,0
5251,1823,0,0,0,0,0,0,0,0,0
5252,1823,0,0,0,0,0,0,0,0,0
5253,1823,0,0,0,0,0,0,0,0,0
5254,1823,0,0,0,0,0,0,0,0,0
5255,1823,0,0,0,0,0,0,0,0,0
5256,1823,0,0,0,0,0,0,0,0,0
5257,1823,0,0,0,0,0,0,0,0,0
5258,1823,0,0,0,0,0,1,0,0,0
5259,1823,1,0,0,0,0,0,0,0,0
5260,1823,0,0,0,0,0,0,0,0,0
5261,1823,0,0,0,0,0,0,0,0,0
5262,1823,0,0,0,0,0,0,0,0,0
5263,1823,0,0,0,0,0,0,0,0,0
5264,1823,0,0,0,0,0,0,0,0,0
5265,1823,0,0,0,0,0,0,0,0,0
5266,1823,0,0,0,0,0,0,0,0,0
5267,1823,0,0,0,0,0,0,0,0,0
5268,1823,0,0,0,0,0,0,0,0,0
5269,1823,0,0,0,0,0,0,1,0,0
5270,1823,0,0,0,0,0,0,0,0,0
5271,1823,0,0,0,0,0,0,0,0,0
5272,1823,0,0,0,0,0,0,0,0,0
5273,1823,0,0,0,0,0,0,0,0,0
5274,1823,1,0,0,0,0,0,0,0,0
5275,1823,0,0,0,1,0,0,0,0,0
5276,1823,0,0,0,0,0,0,0,0,0
5277,1823,0,0,0,0,0,0,0,0,0
5278,1823,0,0,0,0,0,0,0,0,0
5279,1823,0,0,0,0,0,0,1,0,0
5280,1823,0,0,0,0,0,0,0,0,0
5281,1823,0,0,0,0,0,0,0,0,0
5282,1823,0,0,0,0,0,0,0,0,0
5283,1823,0,0,0,0,0,0,0,0,0
5284,1823,0,0,0,0,0,0,0,0,0
5285,1823,0,0,0,0,0,0,0,0,0
5286,1823,0,0,0,0,0,0,0,0,0
5287,1823,0,0,0,0,0,0,0,0,0
5288,1823,0,0,0,0,0,0,0,0,0
5289,1823,1,0,0,0,0,0,0,0,0
5290,1823,0,0,0,0,0,0,0,0,0
5291,1823,0,0,0,0,0,0,0,0,0
5292,1823,0,0,0,1,0,0,0,0,0
5293,1823,0,0,0,0,0,0,0,0,0
5294,1823,0,0,0,0,0,0,0,0,0
5295,1823,0,0,0,0,0,0,0,0,0
5296,1823,0,0,0,0,0,0,0,0,0
5297,1823,0,0,0,0,0,0,0,0,0
5298,1823,0,0,0,0,0,0,0,0,0
5299,1823,0,0,0,0,0,0,0,0,0
5300,1823,0,0,0,0,0,0,0,0,0
5301,1823,0,0,1,0,0,0,0,0,0
5302,1823,0,0,0,0,0,0,1,0,0
5303,1823,0,0,0,0,0,0,0,0,0
5304,1823,0,0,0,0,0,0,0,0,0
5305,1823,0,0,0,0,0,0,0,0,0
5306,1823,0,0,0,0,0,0,0,0,0
5307,1823,0,0,0,0,0,0,0,0,0
5308,1823,0,0,0,0,0,0,0,0,0
5309,1823,0,0,0,0,0,0,0,0,0
5310,1823,0,0,0,0,0,0,0,0,0
5311,1823,0,0,0,0,0,0,0,0,0
5312,1823,0,0,0,0,0,0,0,0,0
5313,1823,0,0,0,0,0,0,0,0,0
5314,1823,0,0,0,0,0,0,0,0,0
5315,1823,0,0,0,0,0,0,0,0,0
5316,1823,0,0,0,0,0,0,0,0,0
5317,1823,0,0,0,0,0,0,0,0,0
5318,1823,0,0,0,0,0,0,0,0,0
5319,1823,0,0,0,1,0,0,0,0,0
5320,1823,0,0,0,0,0,0,0,0,0
5321,1823,0,0,0,0,0,0,0,0,0
5322,1823,0,0,0,0,0,0,0,0,0
5323,1823,0,0,0,0,0,0,0,0,0
5324,1823,0,0,0,0,0,0,0,0,0
5325,1823,0,0,0,0,0,0,0,0,0
5326,1823,0,0,0,0,0,0,0,0,0
5327,1823,0,0,0,0,0,0,0,0,0
5328,1823,0,0,0,0,0,0,0,0,0
5329,1823,0,0,0,0,0,0,0,0,0
5330,1823,0,0,0,1,0,0,0,0,0
5331,1823,0,0,0,0,0,0,0,0,0
5332,1823,0,0,0,1,0,0,0,0,0
5333,1823,0,0,0,0,0,0,0,0,0
5334,1823,0,0,0,0,0,0,0,0,0
5335,1823,0,0,0,0,0,0,0,0,0
5336,1823,0,0,0,0,0,0,0,0,0
5337,1823,0,0,0,0,0,0,0,0,0
5338,1823,0,0,0,0,0,0,0,0,0
5339,1823,0,0,0,0,0,0,0,0,0
5340,1823,0,0,0,0,0,0,0,0,0
5341,1823,0,0,0,0,0,0,0,0,0
5342,1823,0,0,0,0,0,0,0,0,0
5343,1823,0,0,0,0,0,0,0,0,0
5344,1823,0,0,0,0,0,0,0,0,0
5345,1823,0,0,0,0,0,0,0,0,0
5346,1823,0,0,0,0,0,0,0,0,0
5347,1823,0,0,0,0,0,0,0,0,0
5348,1823,0,0,0,0,0,0,0,0,0
5349,1823,0,0,0,0,0,0,0,0,0
5350,1823,0,0,0,0,0,0,0,0,0
5351,1823,1,0,0,0,0,0,0,0,0
5352,1823,0,0,0,0,0,0,0,0,0
5353,1823,0,0,0,0,0,0,0,0,0
5354,1823,0,0,0,0,0,0,0,0,0
5355,1823,0,0,0,0,0,0,0,0,0
5356,1823,0,0,0,0,0,0,0,0,0
5357,1823,0,0,0,0,0,0,0,0,0
5358,1823,0,0,0,0,0,0,0,0,0
5359,1823,0,0,0,0,0,0,0,0,0
5360,1823,0,0,0,0,0,0,0,0,0
5361,1823,0,0,0,0,0,0,0,0,0
5362,1823,0,0,0,0,0,0,0,0,0
5363,1823,0,0,0,0,0,0,0,0,0
5364,1823,0,0,0,0,0,0,0,0,0
5365,1823,0,0,0,0,0,0,0,0,0
5366,1823,0,0,0,0,0,0,0,0,0
5367,1823,0,0,0,0,0,0,0,0,0
5368,1823,0,0,0,0,0,0,0,0,0
5369,1823,0,0,0,0,0,0,0,0,0
5370,1823,0,0,0,0,0,0,0,0,0
5371,1823,0,0,0,0,0,0,0,0,0
5372,1823,0,0,0,0,0,0,0,0,0
5373,1823,0,0,0,0,0,0,0,0,0
5374,1823,0,0,0,0,0,0,0,0,0
5375,1823,0,0,0,0,0,0,0,0,0
5376,1823,0,0,0,0,0,0,0,0,0
5377,1823,0,0,0,0,0,0,0,0,0
5378,1823,0,0,0,0,0,0,0,0,0
5379,1823,0,0,0,0,0,0,0,0,0
5380,1823,0,0,0,0,0,0,0,0,0
5381,1823,0,0,1,0,0,0,0,0,0
5382,1823,0,0,0,0,0,0,0,0,0
5383,1823,0,0,0,0,0,0,0,0,0
5384,1823,0,0,0,0,0,0,0,0,0
5385,1823,0,0,0,0,0,0,0,0,0
5386,1823,0,0,0,0,0,0,0,0,0
5387,1823,0,0,0,0,0,0,0,0,0
5388,1823,0,0,0,0,0,0,0,0,0
5389,1823,0,0,0,0,0,0,0,0,0
5390,1823,0,0,0,0,0,0,0,0,0
5391,1823,0,0,0,0,0,0,0,0,0
5392,1823,0,0,0,0,0,0,0,0,0
5393,1823,0,0,0,0,0,0,0,0,0
5394,1823,0,0,0,0,0,0,0,0,0
5395,1823,0,0,0,0,0,0,0,0,0
5396,1823,0,0,0,0,0,0,0,0,0
5397,1823,0,0,0,0,0,0,0,0,0
5398,1823,0,0,0,0,0,0,0,0,0
5399,1823,0,0,0,0,0,0,0,0,0
5400,1823,0,0,0,0,0,0,0,0,0
5401,1823,0,0,0,0,0,0,0,0,0
5402,1823,0,0,0,0,0,0,0,0,0
5403,1823,0,0,0,0,0,0,0,0,0
5404,1823,0,0,0,0,0,0,0,0,0
5405,1823,0,0,0,0,0,0,0,0,0
5406,1823,0,0,0,0,0,0,0,0,0
5407,1823,0,0,0,0,0,0,0,0,0
5408,1823,0,0,0,0,0,0,0,0,0
5409,1823,0,0,0,0,0,0,0,0,0
5410,1823,0,0,0,0,0,0,0,0,0
5411,1823,0,0,0,0,0,0,0,0,0
5412,1823,0,0,0,0,0,0,0,0,0
5413,1823,0,0,0,0,0,0,0,0,0
5414,1823,0,0,0,0,0,0,0,0,0
5415,1823,0,0,0,0,0,0,0,0,0
5416,1823,0,0,0,0,0,0,0,0,0
5417,1823,0,0,0,0,0,0,0,0,0
5418,1823,0,0,0,0,0,0,0,0,0
5419,1823,0,0,0,0,0,0,0,0,0
5420,1823,0,0,0,0,0,0,0,0,0
5421,1823,0,0,0,0,0,0,0,0,0
5422,1823,0,0,0,0,0,0,0,0,0
5423,1823,0,0,0,0,0,0,0,0,0
5424,1823,0,0,0,0,0,0,0,0,0
5425,1823,0,0,0,0,0,0,0,0,0
5426,1823,0,0,0,0,0,0,0,0,0
5427,1823,0,0,0,0,0,0,0,0,0
5428,1823,0,0,0,0,0,0,0,0,0
5429,1823,0,0,0,0,0,0,0,0,0
5430,1823,0,1,0,0,0,0,0,0,0
5431,1823,0,0,0,0,0,0,0,0,0
5432,1823,0,0,0,0,0,0,0,0,0
5433,1823,0,0,0,0,0,0,0,0,0
5434,1823,0,0,0,0,0,0,0,0,0
5435,1823,0,0,0,0,0,0,0,0,0
5436,1823,0,0,0,0,0,0,0,0,0
5437,1823,0,0,0,0,0,0,0,0,0
5438,1823,0,0,0,0,0,0,0,0,0
5439,1823,0,0,0,0,0,0,0,0,0
5440,1823,0,0,0,0,0,0,0,0,0
5441,1823,0,0,0,0,0,0,0,0,0
5442,1823,0,0,0,0,0,0,0,0,0
5443,1823,0,0,0,1,0,0,0,0,0
5444,1823,0,0,0,0,0,0,0,0,0
5445,1823,0,0,0,0,0,0,0,0,0
5446,1823,0,0,0,0,0,0,0,0,0
5447,1823,0,0,0,0,0,0,0,0,0
5448,1823,0,0,0,0,0,0,0,0,0
5449,1823,0,0,0,0,0,0,1,0,0
5450,1823,0,0,0,0,0,0,0,0,0
5451,1823,0,0,0,0,0,0,0,0,0
5452,1823,0,0,0,0,0,0,0,0,0
5453,1823,0,0,0,0,0,0,0,0,0
5454,1823,0,0,0,0,0,0,0,0,0
5455,1823,0,0,0,0,0,0,0,0,0
5456,1823,0,0,0,0,0,0,0,0,0
5457,1823,0,0,0,0,0,0,0,0,0
5458,1823,0,0,0,0,0,0,0,0,0
5459,1823,0,0,0,0,0,0,0,0,0
5460,1823,0,0,0,0,0,0,0,0,0
5461,1823,0,0,0,0,0,0,0,0,0
5462,1823,0,0,0,0,0,0,0,0,0
5463,1823,0,0,0,0,0,0,0,0,0
5464,1823,0,0,0,0,0,0,0,0,0
5465,1823,0,0,0,0,0,0,0,0,0
5466,1823,0,0,0,0,0,0,0,0,0
5467,1823,0,0,0,0,0,0,0,0,0
5468,1823,0,0,0,0,0,0,0,0,0
5469,1823,0,0,0,0,0,0,0,0,0
5470,1823,0,0,0,0,0,0,0,0,0
5471,1823,0,0,0,0,0,0,0,0,0
5472,1823,0,0,0,0,0,0,0,0,0
5473,1823,0,0,0,0,0,0,0,0,0
5474,1823,0,0,0,0,0,0,0,0,0
5475,1823,0,0,0,0,0,0,0,0,0
5476,1823,0,0,0,0,0,0,0,0,0
5477,1823,0,0,0,0,0,0,0,0,0
5478,1823,0,0,0,0,0,0,0,0,0
5479,1823,0,0,0,0,0,0,0,0,0
5480,1823,1,0,0,0,0,0,0,0,0
5481,1823,0,0,0,0,0,0,0,0,0
5482,1823,0,0,0,0,0,0,0,0,0
5483,1823,0,0,0,0,0,0,0,0,0
5484,1823,0,0,0,0,0,0,0,0,0
5485,1823,0,0,0,0,0,0,0,0,0
5486,1823,0,0,0,0,0,0,0,0,0
5487,1823,0,0,0,0,0,0,0,0,0
5488,1823,0,0,0,0,0,0,0,0,0
5489,1823,0,0,0,0,0,0,0,0,0
5490,1823,0,0,0,0,0,0,0,0,0
5491,1823,0,0,0,0,0,0,0,0,0
5492,1823,0,0,0,0,0,0,0,0,0
5493,1823,0,0,0,0,0,0,0,0,0
5494,1823,0,0,0,0,0,0,0,0,0
5495,1823,0,0,0,0,0,0,0,0,0
5496,1823,0,0,0,0,0,0,0,0,0
5497,1823,0,0,0,0,0,0,0,0,0
5498,1823,0,0,0,0,0,0,0,0,0
5499,1823,0,0,0,0,0,0,0,0,0
5500,1823,0,0,0,0,0,0,0,0,0
5501,1823,0,0,0,0,0,0,0,0,0
5502,1823,0,0,0,0,0,0,0,0,0
5503,1823,0,0,0,0,0,0,0,0,0
5504,1823,0,0,0,0,0,0,0,0,0
5505,1823,0,0,0,0,0,0,0,0,0
5506,1823,0,0,0,0,0,0,0,0,0
5507,1823,0,0,0,0,0,0,0,0,0
5508,1823,0,0,0,0,0,0,0,0,0
5509,1823,0,0,0,0,0,0,0,0,0
5510,1823,0,0,0,0,0,0,0,0,0
5511,1823,0,0,0,0,0,0,0,0,0
5512,1823,0,0,0,0,0,0,0,0,0
5513,1823,0,0,0,0,0,0,0,0,0
5514,1823,0,0,0,0,0,0,0,0,0
5515,1823,0,0,0,0,0,0,0,0,0
5516,1823,0,0,0,0,0,0,0,0,0
5517,1823,0,0,0,0,0,0,0,0,0
5518,1823,0,0,0,0,0,0,0,0,0
5519,1823,0,0,0,0,0,0,0,0,0
5520,1823,0,0,0,0,0,0,0,0,0
5521,1823,0,0,0,0,0,0,0,0,0
5522,1823,0,0,0,0,0,0,0,0,0
5523,1823,0,0,0,0,0,0,0,0,0
5524,1823,0,0,0,0,0,0,0,0,0
5525,1823,0,0,0,0,0,0,0,0,0
5526,1823,0,0,0,0,0,0,0,0,0
5527,1823,0,0,0,0,0,0,0,0,0
5528,1823,0,0,0,0,0,0,0,0,0
5529,1823,0,0,0,0,0,0,0,0,0
5530,1823,0,0,0,0,0,0,0,0,0
5531,1823,0,0,0,0,0,0,1,0,0
5532,1823,0,0,0,0,0,0,0,0,0
5533,1823,0,0,0,0,0,0,0,0,0
5534,1823,0,0,0,0,0,0,0,0,0
5535,1823,0,0,0,0,0,0,0,0,0
5536,1823,0,0,0,0,0,0,0,0,0
5537,1823,0,0,0,0,0,0,0,0,0
5538,1823,0,0,0,0,0,0,0,0,0
5539,1823,0,0,0,0,0,0,0,0,0
5540,1823,1,0,0,0,0,0,0,0,0
5541,1823,0,0,0,0,0,0,0,0,0
5542,1823,0,0,0,0,0,0,0,0,0
5543,1823,0,0,0,0,0,0,0,0,0
5544,1823,0,0,0,0,0,0,0,0,0
5545,1823,0,0,0,0,0,0,0,0,0
5546,1823,0,0,0,0,0,0,0,0,0
5547,1823,0,0,0,0,0,0,0,0,0
5548,1823,0,0,0,0,0,0,0,0,0
5549,1823,0,0,0,0,0,0,0,0,0
5550,1823,0,0,0,0,0,0,0,0,0
5551,1823,0,0,0,0,0,0,0,0,0
5552,1823,0,0,0,0,0,0,0,0,0
5553,1823,0,0,0,0,0,0,0,0,0
5554,1823,0,0,0,0,0,0,0,0,0
5555,1823,0,0,0,0,0,0,0,0,0
5556,1823,0,0,0,0,0,0,0,0,0
5557,1823,0,0,0,0,0,0,0,0,0
5558,1823,0,0,0,0,0,0,0,0,0
5559,1823,0,0,1,0,0,0,0,0,0
5560,1823,0,0,0,0,0,0,0,0,0
5561,1823,0,0,0,0,0,0,0,0,0
5562,1823,0,0,0,0,0,0,0,0,0
5563,1823,0,0,0,0,0,0,0,0,0
5564,1823,0,0,0,0,0,0,0,0,0
5565,1823,0,0,0,0,0,0,0,0,0
5566,1823,0,0,0,0,0,0,0,0,0
5567,1823,0,0,0,0,0,0,0,0,0
5568,1823,0,0,0,0,0,0,0,0,0
5569,1823,0,0,0,0,0,0,0,0,0
5570,1823,0,0,0,0,0,0,0,0,0
5571,1823,0,0,0,0,0,0,0,0,0
5572,1823,0,0,0,0,0,0,0,0,0
5573,1823,0,0,0,0,0,0,0,0,0
5574,1823,0,0,0,0,0,0,0,0,0
5575,1823,0,0,0,0,0,0,0,0,0
5576,1823,0,0,0,0,0,0,0,0,0
5577,1823,0,0,0,0,0,0,0,0,0
5578,1823,0,0,1,0,0,0,0,0,0
5579,1823,0,0,0,0,0,0,0,0,0
5580,1823,0,0,0,0,0,0,0,0,0
5581,1823,0,0,0,0,0,0,0,0,0
5582,1823,0,0,1,0,0,0,0,0,0
5583,1823,0,0,0,0,0,0,0,0,0
5584,1823,0,0,0,0,0,0,0,0,0
5585,1823,0,0,0,0,0,0,0,0,0
5586,1823,0,0,0,0,0,0,0,0,0
5587,1823,0,0,0,0,0,0,0,0,0
5588,1823,0,0,0,0,0,0,0,0,0
5589,1823,0,0,0,0,0,0,0,0,0
5590,1823,0,0,0,0,0,0,0,0,0
5591,1823,0,0,0,0,0,0,0,0,0
5592,1823,0,0,0,0,0,0,0,0,0
5593,1823,0,0,0,0,0,0,0,0,0
5594,1823,0,0,0,0,0,0,0,0,0
5595,1823,0,0,1,0,0,0,0,0,0
5596,1823,0,0,0,0,0,0,0,0,0
5597,1823,0,0,0,0,0,0,0,0,0
5598,1823,0,0,0,0,0,0,0,0,0
5599,1823,0,0,0,0,0,0,0,0,0
5600,1823,0,0,0,0,0,0,0,0,0
5601,1823,0,0,0,0,0,0,0,0,0
5602,1823,0,0,0,0,0,0,0,0,0
5603,1823,0,0,0,0,0,0,0,0,0
5604,1823,0,0,0,0,0,0,0,0,0
5605,1823,0,0,0,0,0,0,0,0,0
5606,1823,0,0,0,0,0,0,0,0,0
5607,1823,0,0,0,0,0,0,0,0,0
5608,1823,0,0,0,0,0,0,0,0,0
5609,1823,0,0,0,0,0,0,0,0,0
5610,1823,1,0,0,0,0,0,0,0,0
5611,1823,0,0,0,0,0,0,0,0,0
5612,1823,1,0,0,0,0,0,0,0,0
5613,1823,0,0,0,0,0,0,0,0,0
5614,1823,0,0,0,0,0,0,0,0,0
5615,1823,0,0,0,0,0,0,0,0,0
5616,1823,0,0,0,0,0,0,0,0,0
5617,1823,0,0,0,0,0,0,0,0,0
5618,1823,0,0,0,0,0,0,0,0,0
5619,1823,0,0,0,0,0,0,0,0,0
5620,1823,0,0,0,0,0,0,0,0,0
5621,1823,0,0,0,0,0,0,0,0,0
5622,1823,0,0,0,0,0,0,0,0,0
5623,1823,0,0,0,0,0,0,0,0,0
5624,1823,0,0,0,0,0,0,0,0,0
5625,1823,0,0,0,0,0,0,0,0,0
5626,1823,0,0,0,0,0,1,0,0,0
5627,1823,0,0,0,0,0,0,0,0,0
5628,1823,0,0,0,0,0,0,0,0,0
5629,1823,0,0,0,0,0,0,0,0,0
5630,1823,0,0,0,0,0,0,0,0,0
5631,1823,0,0,0,0,0,0,0,0,0
5632,1823,0,0,0,0,0,1,0,0,0
5633,1823,0,0,0,0,0,0,0,0,0
5634,1823,0,0,0,0,0,0,0,0,0
5635,1823,0,0,0,0,0,0,0,0,0
5636,1823,0,0,0,0,0,0,0,0,0
5637,1823,0,0,0,0,0,0,0,0,0
5638,1823,0,0,0,0,0,0,0,0,0
5639,1823,0,0,0,0,0,0,0,0,0
5640,1823,0,0,0,0,0,0,0,0,0
5641,1823,0,0,0,0,0,0,0,0,0
5642,1823,0,0,0,0,0,0,0,0,0
5643,1823,0,0,0,0,0,0,0,0,0
5644,1823,0,0,0,0,0,0,0,0,0
5645,1823,0,0,0,0,0,0,0,0,0
5646,1823,0,0,0,0,0,0,0,0,0
5647,1823,0,0,0,0,0,0,0,0,0
5648,1823,0,0,0,0,0,0,0,0,0
5649,1823,0,0,0,0,0,0,0,0,0
5650,1823,0,0,0,0,0,0,0,0,0
5651,1823,0,0,0,0,0,0,1,0,0
5652,1823,0,0,0,0,0,0,0,0,0
5653,1823,0,0,0,0,0,0,0,0,0
5654,1823,0,0,0,0,0,0,0,0,0
5655,1823,0,0,0,0,0,0,0,0,0
5656,1823,0,0,0,0,0,0,0,0,0
5657,1823,0,0,0,0,0,0,0,0,0
5658,1823,0,0,0,0,0,0,0,0,0
5659,1823,0,0,0,0,0,0,0,0,0
5660,1823,0,0,0,0,0,0,0,0,0
5661,1823,0,0,0,0,0,0,0,0,0
5662,1823,0,0,0,0,0,0,0,0,0
5663,1823,0,0,0,0,0,0,0,0,0
5664,1823,0,0,0,0,0,0,0,0,0
5665,1823,0,0,0,0,0,0,0,0,0
5666,1823,0,0,0,0,0,0,0,0,0
5667,1823,0,0,0,0,0,0,1,0,0
5668,1823,0,0,0,0,0,0,0,0,0
5669,1823,0,0,0,0,0,0,0,0,0
5670,1823,0,0,0,0,0,0,0,0,0
5671,1823,0,0,0,0,0,0,0,0,0
5672,1823,0,0,0,0,0,0,0,0,0
5673,1823,0,0,0,0,0,0,0,0,0
5674,1823,0,0,0,0,0,0,0,0,0
5675,1823,0,0,0,0,0,0,0,0,0
5676,1823,0,0,0,0,0,0,0,0,0
5677,1823,0,0,0,0,0,0,0,0,0
5678,1823,0,0,0,0,0,0,0,0,0
5679,1823,0,0,0,0,0,0,0,0,0
5680,1823,0,0,0,0,0,0,0,0,0
5681,1823,0,0,0,0,0,0,0,0,0
5682,1823,1,0,0,0,0,0,0,0,0
5683,1823,0,0,0,0,0,0,0,0,0
5684,1823,0,0,0,0,0,0,0,0,0
5685,1823,0,0,0,0,0,0,0,0,0
5686,1823,0,0,0,0,0,0,0,0,0
5687,1823,0,0,0,0,0,0,0,0,0
5688,1823,0,0,0,0,0,0,0,0,0
5689,1823,0,0,0,0,0,0,0,0,0
5690,1823,0,0,0,0,0,0,0,0,0
5691,1823,0,0,0,0,0,0,0,0,1
5692,1823,0,0,0,0,0,0,0,0,0
5693,1823,0,0,0,0,0,0,0,0,0
5694,1823,0,0,0,0,0,0,0,0,0
5695,1823,0,0,0,0,0,0,0,0,0
5696,1823,0,0,0,0,0,0,0,0,0
5697,1823,0,0,0,0,0,0,0,0,0
5698,1823,0,0,0,1,0,0,0,0,0
5699,1823,0,0,0,0,0,0,0,0,0
5700,1823,0,0,0,0,0,0,0,0,0
5701,1823,0,0,0,0,0,0,0,0,0
5702,1823,0,0,0,0,0,0,0,0,0
5703,1823,0,0,0,0,0,0,0,0,0
5704,1823,0,0,0,0,0,0,0,0,0
5705,1823,0,0,0,0,0,0,0,0,0
5706,1823,0,0,0,0,0,0,0,0,0
5707,1823,0,0,0,0,0,0,0,0,0
5708,1823,0,0,0,0,0,0,0,0,0
5709,1823,0,0,0,0,0,0,0,0,0
5710,1823,0,0,0,0,0,0,0,0,0
5711,1823,0,0,0,0,0,0,1,0,0
5712,1823,0,0,0,0,0,0,0,0,0
5713,1823,0,0,0,0,0,0,0,0,0
5714,1823,0,0,0,0,0,0,0,0,0
5715,1823,0,0,0,0,0,0,0,0,0
5716,1823,0,0,0,0,0,0,0,0,0
5717,1823,0,0,0,0,0,0,0,0,0
5718,1823,0,0,0,0,0,0,0,0,0
5719,1823,0,0,0,0,0,0,0,0,0
5720,1823,0,0,0,0,0,0,0,0,0
5721,1823,0,0,0,0,0,0,0,0,0
5722,1823,0,0,0,0,0,0,0,0,0
5723,1823,0,0,0,0,0,0,0,0,0
5724,1823,0,0,0,0,0,0,0,0,0
5725,1823,0,0,0,0,0,0,0,0,0
5726,1823,0,0,0,0,0,0,0,0,0
5727,1823,0,0,0,0,0,0,0,0,0
5728,1823,0,0,0,0,0,0,0,0,0
5729,1823,0,0,0,0,0,0,0,0,0
5730,1823,0,0,0,0,0,0,0,0,0
5731,1823,0,0,0,0,0,0,0,0,0
5732,1823,0,0,0,0,0,0,0,0,0
5733,1823,0,0,0,0,0,0,0,0,0
5734,1823,0,0,0,0,0,0,0,0,0
5735,1823,0,0,0,0,0,0,0,0,0
5736,1823,0,0,0,0,0,0,0,0,0
5737,1823,0,0,0,0,0,0,0,0,0
5738,1823,0,0,0,0,0,1,0,0,0
5739,1823,0,0,0,0,0,0,0,0,0
5740,1823,0,0,0,0,0,0,0,0,0
5741,1823,0,0,0,0,0,0,0,0,0
5742,1823,0,0,0,0,0,0,0,0,0
5743,1823,0,0,0,0,0,0,0,0,0
5744,1823,0,0,0,0,0,0,0,0,0
5745,1823,0,0,0,0,0,0,0,0,0
5746,1823,0,0,0,0,0,0,0,0,0
5747,1823,0,0,0,0,0,0,0,0,0
5748,1823,0,0,0,0,0,0,0,0,0
5749,1823,0,0,0,0,0,0,0,0,0
5750,1823,0,0,0,0,0,0,0,0,0
5751,1823,0,0,0,0,0,0,0,0,0
5752,1823,0,0,0,0,0,0,0,0,0
5753,1823,0,0,0,0,0,0,0,0,0
5754,1823,0,0,0,0,0,0,0,0,0
5755,1823,0,0,0,0,0,0,0,0,0
5756,1823,0,0,0,0,0,0,0,0,0
5757,1823,0,0,0,0,0,0,0,0,0
5758,1823,0,0,0,0,0,0,0,0,0
5759,1823,0,0,0,0,0,0,0,0,0
5760,1823,0,0,0,0,0,0,0,0,0
5761,1823,0,0,0,0,0,0,0,0,0
5762,1823,0,0,0,0,0,0,0,0,0
5763,1823,0,0,0,0,0,0,0,0,0
5764,1823,0,0,0,0,0,0,0,0,0
5765,1823,0,0,0,0,0,0,0,0,0
5766,1823,0,0,0,0,0,0,0,0,0
5767,1823,0,0,0,0,0,0,0,0,0
5768,1823,0,0,0,0,0,0,0,0,0
5769,1823,0,0,0,0,0,0,0,0,0
5770,1823,0,0,0,0,0,0,0,0,0
5771,1823,0,0,0,0,0,0,0,0,0
5772,1823,0,0,0,0,0,0,0,0,0
5773,1823,0,0,0,0,0,0,0,0,0
5774,1823,0,0,0,0,0,0,0,0,0
5775,1823,0,0,0,0,0,0,0,0,0
5776,1823,0,0,0,0,0,0,0,0,0
5777,1823,0,0,0,0,0,0,0,0,0
5778,1823,0,0,0,0,0,0,0,0,0
5779,1823,0,0,0,0,0,0,0,0,0
5780,1823,0,0,0,0,0,0,0,0,0
5781,1823,0,0,0,0,0,0,0,0,0
5782,1823,0,0,0,0,0,0,0,0,0
5783,1823,0,0,0,0,0,0,0,0,0
5784,1823,0,0,0,0,0,0,0,0,0
5785,1823,0,0,0,0,0,0,0,0,0
5786,1823,0,0,0,0,0,0,0,0,0
5787,1823,0,0,0,0,0,0,0,0,0
5788,1823,0,0,0,0,0,0,0,0,0
5789,1823,0,0,0,0,0,0,0,0,0
5790,1823,0,0,0,0,0,0,0,0,0
5791,1823,0,0,0,0,0,0,0,0,0
5792,1823,0,0,0,0,0,0,0,0,0
5793,1823,0,0,0,0,0,0,0,0,0
5794,1823,0,0,0,0,0,0,0,0,0
5795,1823,0,0,0,0,0,0,0,0,0
5796,1823,0,0,0,0,0,0,0,0,0
5797,1823,0,0,0,0,0,0,0,0,0
5798,1823,0,0,0,0,0,0,0,0,0
5799,1823,0,0,0,0,0,0,0,0,0
5800,1823,0,0,0,0,0,0,0,0,0
5801,1823,0,0,0,0,0,0,0,0,0
5802,1823,0,0,0,0,0,0,0,0,0
5803,1823,0,0,0,0,0,0,0,0,0
5804,1823,0,0,0,0,0,0,0,0,0
5805,1823,0,0,0,0,0,0,0,0,0
5806,1823,0,0,0,0,0,0,0,0,0
5807,1823,0,0,0,1,0,0,0,0,0
5808,1823,0,0,0,0,0,0,0,0,0
5809,1823,0,0,0,0,0,0,0,0,0
5810,1823,0,0,0,0,0,0,0,0,0
5811,1823,0,0,0,0,0,0,0,0,0
5812,1823,0,0,1,0,0,0,0,0,0
5813,1823,0,0,0,0,0,0,0,0,0
5814,1823,0,0,0,0,0,0,0,0,0
5815,1823,0,0,0,0,0,0,0,0,0
5816,1823,0,0,0,0,0,0,0,0,0
5817,1823,0,0,0,0,0,0,0,0,0
5818,1823,0,0,0,0,0,0,0,0,0
5819,1823,0,0,0,0,0,0,0,0,0
5820,1823,0,0,0,0,0,0,0,0,0
5821,1823,0,0,0,0,0,0,0,0,0
5822,1823,0,0,0,0,0,0,0,0,0
5823,1823,0,0,0,0,0,1,0,0,0
5824,1823,0,0,0,0,0,0,0,0,0
5825,1823,0,0,0,0,0,0,0,0,0
5826,1823,0,0,0,0,0,0,0,0,0
5827,1823,0,0,0,0,0,0,0,0,0
5828,1823,0,0,0,0,0,0,0,0,0
5829,1823,0,0,0,0,0,0,0,0,0
5830,1823,0,0,0,0,0,0,0,0,0
5831,1823,0,0,0,0,0,0,0,0,0
5832,1823,0,0,0,0,0,0,0,0,0
5833,1823,0,0,0,0,0,0,0,0,0
5834,1823,0,0,0,0,0,0,0,0,0
5835,1823,0,0,0,0,0,0,0,0,0
5836,1823,0,0,0,0,0,0,0,0,0
5837,1823,0,0,0,0,0,0,0,0,0
5838,1823,0,0,0,0,0,1,0,0,0
5839,1823,0,0,0,0,0,0,0,0,0
5840,1823,0,0,0,0,0,0,0,0,0
5841,1823,0,0,0,1,0,0,0,0,0
5842,1823,0,0,0,0,0,0,0,0,0
5843,1823,0,0,0,0,0,0,0,0,0
5844,1823,0,0,0,0,0,0,0,0,0
5845,1823,0,0,0,0,0,0,0,0,0
5846,1823,0,0,0,0,0,0,0,0,0
5847,1823,0,0,0,0,0,0,0,0,0
5848,1823,0,0,0,0,0,0,0,0,0
5849,1823,0,0,0,0,0,0,0,0,0
5850,1823,0,0,0,0,0,0,0,0,0
5851,1823,0,0,0,0,0,0,0,0,0
5852,1823,0,0,0,0,0,1,0,0,0
5853,1823,0,0,0,0,0,0,0,0,0
5854,1823,0,0,0,0,0,0,0,0,0
5855,1823,0,0,0,0,0,0,0,0,0
5856,1823,0,0,0,0,0,0,0,0,0
5857,1823,0,0,0,0,0,0,0,0,0
5858,1823,0,0,0,0,0,0,0,0,0
5859,1823,0,0,0,0,0,0,0,0,0
5860,1823,0,0,0,0,0,0,0,0,0
5861,1823,0,0,0,0,0,0,0,0,0
5862,1823,0,0,0,0,0,0,0,0,0
5863,1823,0,0,0,0,0,0,0,0,0
5864,1823,0,0,0,0,0,0,0,0,0
5865,1823,0,0,0,0,0,0,0,0,0
5866,1823,0,0,0,0,0,0,0,0,0
5867,1823,0,0,0,0,0,0,0,0,0
5868,1823,0,0,0,0,0,0,0,0,0
5869,1823,0,0,0,0,0,0,0,0,0
5870,1823,0,0,0,0,0,0,0,0,1
5871,1823,0,0,0,0,0,0,0,0,0
5872,1823,0,0,0,0,0,0,0,0,0
5873,1823,0,0,0,0,0,0,0,0,0
5874,1823,0,0,0,0,0,0,0,0,0
5875,1823,0,0,0,0,0,0,0,0,0
5876,1823,0,0,0,0,0,0,0,0,0
5877,1823,0,0,0,0,0,0,0,0,0
5878,1823,0,0,0,0,0,0,0,0,0
5879,1823,0,0,0,0,0,0,0,0,0
5880,1823,0,0,0,0,0,0,0,0,0
5881,1823,0,0,0,0,0,0,0,0,0
5882,1823,0,0,0,0,0,0,0,0,0
5883,1823,0,0,0,0,0,0,0,0,0
5884,1823,0,0,0,0,0,0,0,0,0
5885,1823,0,0,0,0,0,0,0,0,0
5886,1823,0,0,0,0,0,0,0,0,0
5887,1823,0,0,0,0,0,0,0,0,0
5888,1823,0,0,0,0,0,0,0,0,0
5889,1823,0,0,0,0,0,0,0,0,0
5890,1823,0,0,0,0,0,0,0,0,0
5891,1823,0,0,0,0,0,0,0,0,0
5892,1823,0,0,0,0,0,0,0,0,0
5893,1823,0,0,0,0,0,0,0,0,0
5894,1823,0,0,0,0,0,0,0,0,0
5895,1823,0,0,0,0,0,0,0,0,0
5896,1823,0,0,0,0,0,0,0,0,0
5897,1823,0,0,0,0,0,0,0,0,0
5898,1823,0,0,0,0,0,0,0,0,0
5899,1823,0,0,0,0,0,0,0,0,0
5900,1823,0,0,0,0,0,0,0,0,0
5901,1823,0,0,0,0,0,0,0,0,0
5902,1823,0,0,0,0,0,0,0,0,0
5903,1823,0,0,0,0,0,0,0,0,0
5904,1823,0,0,0,0,0,0,0,0,0
5905,1823,0,0,0,1,0,0,0,0,0
5906,1823,0,0,0,0,0,0,0,0,0
5907,1823,0,0,0,0,0,0,0,0,0
5908,1823,0,0,0,0,0,0,0,0,0
5909,1823,0,0,0,0,0,0,0,0,0
5910,1823,0,0,0,0,0,1,0,0,0
5911,1823,0,0,0,0,0,0,0,0,0
5912,1823,0,0,0,0,0,0,0,0,0
5913,1823,0,0,0,0,0,0,0,0,0
5914,1823,0,0,0,0,0,0,0,0,0
5915,1823,0,0,1,0,0,0,0,0,0
5916,1823,0,0,0,0,0,0,0,0,0
5917,1823,0,0,0,0,0,0,0,0,0
5918,1823,0,0,0,0,0,0,0,0,0
5919,1823,0,0,0,0,0,0,0,0,0
5920,1823,0,0,0,0,0,0,0,0,0
5921,1823,0,0,0,0,0,0,1,0,0
5922,1823,0,0,0,0,0,0,0,0,0
5923,1823,0,0,0,0,0,0,0,0,0
5924,1823,0,0,0,0,0,0,0,0,0
5925,1823,0,0,0,0,0,0,0,0,0
5926,1823,0,0,0,0,0,0,0,0,0
5927,1823,0,0,0,0,0,0,0,0,0
5928,1823,0,0,0,0,0,0,0,0,0
5929,1823,0,0,0,0,0,0,0,0,0
5930,1823,0,0,0,0,0,0,0,0,0
5931,1823,0,0,0,0,0,0,0,0,0
5932,1823,0,0,0,0,0,0,0,0,0
5933,1823,0,0,0,0,0,0,0,0,0
5934,1823,0,0,0,0,0,0,0,0,0
5935,1823,0,0,0,0,0,0,0,0,0
5936,1823,0,0,0,0,0,0,0,0,0
5937,1823,0,0,0,0,0,0,0,0,0
5938,1823,0,0,0,0,0,0,0,0,0
5939,1823,0,0,0,0,0,0,0,0,0
5940,1823,0,0,0,0,0,0,0,0,0
5941,1823,0,0,0,0,0,0,0,0,0
5942,1823,0,0,0,0,0,0,0,0,0
5943,1823,0,0,0,0,0,0,0,0,0
5944,1823,0,0,0,0,0,0,0,0,0
5945,1823,0,0,0,0,0,0,0,0,0
5946,1823,0,0,1,0,0,0,0,0,0
5947,1823,0,0,0,0,0,0,0,0,0
5948,1823,0,0,0,1,0,0,0,0,0
5949,1823,0,0,0,0,0,0,0,0,0
5950,1823,0,0,0,0,0,0,0,0,0
5951,1823,0,0,0,0,0,0,0,0,0
5952,1823,0,0,0,0,0,0,0,0,0
5953,1823,0,0,0,0,0,0,0,0,0
5954,1823,0,0,0,0,0,0,0,0,0
5955,1823,0,0,0,0,0,0,0,0,0
5956,1823,0,0,0,0,0,0,0,0,0
5957,1823,0,0,0,0,0,0,0,0,0
5958,1823,0,0,0,0,0,0,0,0,0
5959,1823,0,0,0,0,0,0,0,0,0
5960,1823,0,0,0,0,0,0,0,0,0
5961,1823,0,0,0,0,0,0,0,0,0
5962,1823,0,0,0,0,0,0,0,0,0
5963,1823,0,0,0,0,0,0,0,0,0
5964,1823,0,0,0,0,0,0,0,0,0
5965,1823,0,0,0,1,0,0,0,0,0
5966,1823,0,0,0,0,0,0,0,0,0
5967,1823,0,0,0,0,0,0,0,0,0
5968,1823,0,0,0,0,0,0,0,0,0
5969,1823,0,0,0,0,0,0,0,0,0
5970,1823,0,0,0,0,0,0,0,0,0
5971,1823,0,0,0,0,0,0,1,0,0
5972,1823,0,0,0,0,0,0,0,0,0
5973,1823,0,0,0,0,0,0,0,0,0
5974,1823,0,0,0,0,0,0,0,0,0
5975,1823,0,0,0,0,0,0,0,0,0
5976,1823,0,0,0,0,0,0,0,0,0
5977,1823,0,0,0,0,0,0,0,0,0
5978,1823,0,0,0,0,0,0,0,0,0
5979,1823,0,0,0,0,0,0,0,0,0
5980,1823,0,0,0,0,0,0,0,0,0
5981,1823,0,0,0,0,0,0,0,0,0
5982,1823,0,0,0,0,0,0,0,0,0
5983,1823,0,0,0,0,0,0,0,0,0
5984,1823,0,0,0,0,0,0,0,0,0
5985,1823,0,0,0,0,0,0,0,0,0
5986,1823,0,0,0,0,0,0,0,0,0
5987,1823,0,0,0,0,0,0,0,0,0
5988,1823,0,0,0,0,0,0,0,0,0
5989,1823,0,0,0,0,0,0,0,0,0
5990,1823,0,0,0,0,0,0,0,0,0
5991,1823,0,0,0,0,0,0,0,0,0
5992,1823,0,0,0,0,0,0,0,0,0
5993,1823,0,0,0,0,0,0,0,0,0
5994,1823,0,0,0,0,0,0,0,0,0
5995,1823,0,0,0,0,0,0,0,0,0
5996,1823,0,0,0,1,0,0,0,0,0
5997,1823,0,0,0,0,0,0,0,0,0
5998,1823,0,0,0,0,0,0,0,0,0
5999,1823,0,0,0,0,0,0,0,0,0
6000,1823,0,0,0,0,0,0,0,0,0
6001,1823,0,0,0,0,0,0,0,0,0
6002,1823,0,0,0,0,0,0,0,0,0
6003,1823,0,0,0,0,0,0,0,0,0
6004,1823,0,0,0,0,0,0,0,0,0
6005,1823,0,0,0,0,0,0,0,0,0
6006,1823,0,0,0,0,0,0,0,0,0
6007,1823,0,0,0,0,0,0,0,0,0
6008,1823,0,0,0,0,0,0,0,0,0
6009,1823,0,0,0,0,0,0,0,0,0
6010,1823,0,0,0,0,0,0,0,0,0
6011,1823,0,0,0,0,0,0,0,0,0
6012,1823,0,0,0,0,0,0,0,0,0
6013,1823,0,0,0,0,0,0,0,0,0
6014,1823,0,0,0,0,0,0,0,0,0
6015,1823,0,0,0,0,0,0,0,0,0
6016,1823,0,0,0,0,0,0,0,0,0
6017,1823,0,0,0,0,0,0,0,0,0
6018,1823,0,0,0,0,0,0,0,0,0
6019,1823,0,0,0,0,0,0,0,0,0
6020,1823,0,0,0,0,0,0,0,0,0
6021,1823,0,0,1,0,0,0,0,0,0
6022,1823,0,0,0,0,0,0,0,0,0
6023,1823,0,0,0,0,0,0,0,0,0
6024,1823,0,0,0,0,0,0,0,0,0
6025,1823,0,0,0,0,0,0,0,0,0
6026,1823,0,0,0,0,0,0,0,0,0
6027,1823,0,0,0,0,0,0,0,0,0
6028,1823,0,0,0,0,0,0,0,0,0
6029,1823,0,0,0,0,0,0,0,0,0
6030,1823,0,0,0,0,0,0,0,0,0
6031,1823,0,0,0,0,0,0,0,0,0
6032,1823,0,0,0,0,0,0,0,0,0
6033,1823,0,0,0,0,0,0,0,0,0
6034,1823,0,0,0,0,0,0,0,0,0
6035,1823,0,0,0,0,0,0,0,0,0
6036,1823,0,0,0,0,0,0,0,0,0
6037,1823,1,0,0,0,0,0,0,0,0
6038,1823,0,0,0,0,0,0,0,0,0
6039,1823,0,0,0,1,0,0,1,0,0
6040,1823,0,0,0,0,0,0,0,0,0
6041,1823,0,0,0,0,0,0,0,0,0
6042,1823,0,0,0,0,0,0,0,0,0
6043,1823,0,0,0,0,0,0,0,0,0
6044,1823,0,0,0,0,0,0,0,0,0
6045,1823,0,0,0,0,0,0,0,0,0
6046,1823,0,0,0,0,0,0,0,0,0
6047,1823,0,0,0,0,0,0,0,0,0
6048,1823,0,0,0,0,0,0,0,0,0
6049,1823,0,0,0,0,0,0,0,0,0
6050,1823,0,0,0,0,0,0,0,0,0
6051,1823,0,0,0,0,0,0,0,0,0
6052,1823,0,0,0,0,0,0,0,0,0
6053,1823,0,0,0,0,0,0,0,0,0
6054,1823,0,0,0,0,0,0,0,0,0
6055,1823,0,0,0,0,0,0,0,0,0
6056,1823,0,0,0,1,0,0,0,0,0
6057,1823,0,0,0,0,0,0,0,0,0
6058,1823,0,0,0,0,0,0,0,0,0
6059,1823,0,0,0,0,0,0,0,0,0
6060,1823,0,0,1,0,0,0,0,0,0
6061,1823,0,0,0,0,0,0,0,0,0
6062,1823,0,0,0,0,0,0,0,0,0
6063,1823,0,0,0,0,0,0,0,0,0
6064,1823,0,0,0,0,0,0,0,0,0
6065,1823,0,0,0,0,0,0,0,0,0
6066,1823,0,0,0,0,0,0,0,0,0
6067,1823,0,0,0,0,0,0,0,0,0
6068,1823,0,0,0,0,0,0,0,0,0
6069,1823,0,0,0,0,0,0,0,0,0
6070,1823,0,0,0,0,0,0,0,0,0
6071,1823,0,0,0,0,0,0,0,0,0
6072,1823,0,0,0,0,0,0,0,0,0
6073,1823,0,0,0,0,0,0,0,0,0
6074,1823,0,0,0,0,0,0,0,0,0
6075,1823,0,0,0,0,0,0,0,0,0
6076,1823,0,0,0,0,0,0,0,0,0
6077,1823,0,0,0,0,0,0,0,0,0
6078,1823,0,0,0,0,0,0,0,0,0
6079,1823,0,0,0,0,0,0,0,0,0
6080,1823,0,0,0,0,0,0,0,0,0
6081,1823,0,0,0,0,0,0,0,0,0
6082,1823,0,0,0,0,0,0,0,0,0
6083,1823,0,0,0,0,0,0,0,0,0
6084,1823,0,0,0,0,0,0,0,0,0
6085,1823,0,0,0,0,0,0,0,0,0
6086,1823,0,0,0,0,0,0,0,0,0
6087,1823,0,0,0,0,0,0,0,0,0
6088,1823,0,0,0,0,0,0,0,0,0
6089,1823,0,0,0,0,0,0,0,0,0
6090,1823,0,0,0,0,0,0,0,0,0
6091,1823,0,0,0,0,0,0,0,0,0
6092,1823,0,0,0,0,0,0,0,0,0
6093,1823,0,0,0,0,0,0,0,0,0
6094,1823,0,0,0,0,0,0,0,0,0
6095,1823,0,0,0,0,0,0,0,0,0
6096,1823,0,0,0,0,0,0,0,0,0
6097,1823,0,0,0,0,0,0,0,0,0
6098,1823,0,0,0,0,0,0,0,0,0
6099,1823,0,0,0,0,0,0,0,0,0
6100,1823,0,0,0,0,0,0,0,0,0
6101,1823,0,0,0,0,0,0,0,0,0
6102,1823,0,0,0,0,0,0,0,0,0
6103,1823,0,0,0,0,0,0,0,0,0
6104,1823,0,0,0,0,0,0,0,0,0
6105,1823,0,0,0,0,0,0,0,0,0
6106,1823,0,0,0,0,0,0,0,0,0
6107,1823,0,0,0,0,0,0,0,0,0
6108,1823,0,0,0,0,0,0,0,0,0
6109,1823,0,0,0,0,0,0,0,0,0
6110,1823,0,0,0,0,0,0,0,0,0
6111,1823,0,0,0,0,0,0,0,0,0
6112,1823,0,0,0,0,0,0,0,0,0
6113,1823,0,0,0,1,0,0,0,0,0
6114,1823,0,0,0,0,0,0,0,0,0
6115,1823,0,0,0,0,0,0,0,0,0
6116,1823,0,0,0,0,0,0,0,0,0
6117,1823,0,0,0,0,0,0,0,0,0
6118,1823,0,0,0,0,0,0,0,0,0
6119,1823,0,0,0,0,0,0,0,0,0
6120,1823,0,0,0,0,0,0,0,0,0
6121,1823,0,0,0,0,0,0,0,0,0
6122,1823,0,0,0,0,0,0,0,0,0
6123,1823,0,0,0,0,0,0,0,0,0
6124,1823,0,0,0,0,0,0,0,0,0
6125,1823,0,0,1,0,0,0,0,0,0
6126,1823,0,0,0,0,0,0,0,0,0
6127,1823,0,0,0,0,0,0,0,0,0
6128,1823,0,0,0,0,0,0,0,0,0
6129,1823,0,0,0,0,0,0,0,0,0
6130,1823,0,0,0,0,0,0,0,0,0
6131,1823,0,0,0,0,0,0,0,0,0
6132,1823,0,0,0,0,0,0,0,0,0
6133,1823,0,0,0,0,0,0,0,0,0
6134,1823,0,0,0,0,0,0,0,0,0
6135,1823,0,0,0,0,0,0,0,0,0
6136,1823,0,0,0,0,0,0,0,0,0
6137,1823,0,0,0,0,0,0,0,0,0
6138,1823,0,0,0,0,0,0,0,0,0
6139,1823,0,0,0,0,0,0,0,0,0
6140,1823,0,0,0,0,0,0,0,0,0
6141,1823,0,0,0,0,0,0,0,0,0
6142,1823,0,0,0,0,0,0,0,0,0
6143,1823,0,0,0,0,0,0,0,0,0
6144,1823,0,0,0,0,0,0,0,0,0
6145,1823,0,0,0,1,0,0,0,0,0
6146,1823,0,0,0,0,0,0,0,0,0
6147,1823,0,0,0,0,0,0,0,0,0
6148,1823,0,0,0,0,0,0,0,0,0
6149,1823,0,0,0,0,0,0,0,0,0
6150,1823,0,0,0,0,0,0,0,0,0
6151,1823,0,0,0,0,0,0,0,0,0
6152,1823,0,0,0,0,0,0,0,0,0
6153,1823,0,0,0,0,0,0,0,0,0
6154,1823,0,0,0,0,0,0,0,0,0
6155,1823,0,0,0,0,0,0,0,0,0
6156,1823,0,0,0,1,0,0,1,0,0
6157,1823,0,0,0,0,0,0,0,0,0
6158,1823,0,0,0,0,0,0,0,0,0
6159,1823,0,0,0,0,0,0,0,0,0
6160,1823,0,0,0,0,0,0,0,0,0
6161,1823,0,0,0,0,0,0,0,0,0
6162,1823,0,0,0,0,0,0,0,0,0
6163,1823,0,0,0,0,0,0,0,0,0
6164,1823,0,0,0,0,0,0,0,0,0
6165,1823,0,0,0,0,0,0,0,0,0
6166,1823,0,0,0,0,0,0,0,0,0
6167,1823,0,0,0,0,0,0,0,0,0
6168,1823,0,0,0,0,0,0,0,0,0
6169,1823,0,0,0,0,0,0,0,0,0
6170,1823,0,0,0,1,0,0,0,0,0
6171,1823,0,0,0,0,0,0,0,0,0
6172,1823,0,0,0,0,0,0,0,0,0
6173,1823,0,0,0,0,0,0,0,0,0
6174,1823,0,0,0,0,0,0,0,0,0
6175,1823,0,0,0,0,0,0,0,0,0
6176,1823,0,0,0,0,0,0,0,0,0
6177,1823,0,0,0,0,0,0,0,0,0
6178,1823,0,0,0,0,0,0,0,0,0
6179,1823,1,0,0,0,0,0,0,0,0
6180,1823,0,0,0,0,0,0,0,0,0
6181,1823,0,0,0,0,0,0,0,0,0
6182,1823,0,0,0,0,0,0,0,0,0
6183,1823,0,0,0,0,0,0,0,0,0
6184,1823,0,1,0,0,0,0,0,0,0
6185,1823,0,0,0,0,0,0,0,0,0
6186,1823,0,0,0,0,0,0,0,0,0
6187,1823,0,0,0,0,0,0,0,0,0
6188,1823,0,0,0,0,0,0,0,0,0
6189,1823,0,0,0,0,0,0,0,0,0
6190,1823,0,0,0,0,0,0,0,0,0
6191,1823,0,0,0,0,0,0,0,0,0
6192,1823,0,0,0,0,0,0,0,0,0
6193,1823,0,0,1,0,0,0,0,0,0
6194,1823,0,0,0,0,0,0,0,0,0
6195,1823,0,0,0,0,0,0,0,0,0
6196,1823,0,0,0,0,0,0,0,0,0
6197,1823,0,0,0,0,0,0,0,0,0
6198,1823,0,0,0,0,0,0,0,0,0
6199,1823,0,0,0,0,0,0,0,0,0
6200,1823,0,0,0,0,0,0,1,0,0
6201,1823,0,0,0,0,0,0,0,0,0
6202,1823,0,0,0,0,0,0,0,0,0
6203,1823,0,0,0,0,0,0,0,0,0
6204,1823,0,0,0,0,0,0,0,0,0
6205,1823,0,0,0,0,0,0,0,0,0
6206,1823,0,0,0,0,0,0,0,0,0
6207,1823,0,0,0,0,0,0,0,0,0
6208,1823,0,0,0,0,0,0,0,0,0
6209,1823,0,0,0,0,0,0,0,0,0
6210,1823,0,0,0,0,0,0,0,0,0
6211,1823,0,0,0,0,0,0,0,0,0
6212,1823,0,0,0,0,0,0,0,0,0
6213,1823,0,0,1,0,0,0,0,0,0
6214,1823,0,0,0,0,0,0,0,0,0
6215,1823,0,0,0,0,0,0,0,0,0
6216,1823,0,0,0,0,0,0,0,0,0
6217,1823,0,0,0,0,0,0,0,0,0
6218,1823,0,0,0,0,0,0,0,0,0
6219,1823,0,0,0,0,0,0,0,0,0
6220,1823,0,0,0,0,0,0,0,0,0
6221,1823,0,0,0,1,0,0,0,0,0
6222,1823,0,0,0,0,0,0,0,0,0
6223,1823,0,0,0,0,0,0,0,0,0
6224,1823,0,0,0,0,0,0,0,0,0
6225,1823,0,0,0,0,0,0,0,0,0
6226,1823,0,0,0,0,0,0,0,0,0
6227,1823,0,0,0,0,0,0,0,0,0
6228,1823,0,0,0,0,0,0,0,0,0
6229,1823,0,0,0,0,0,0,0,0,0
6230,1823,0,0,0,0,0,0,0,0,0
6231,1823,0,0,0,0,0,0,0,0,0
6232,1823,0,0,0,0,0,0,0,0,0
6233,1823,0,0,0,0,0,0,0,0,0
6234,1823,0,0,0,0,0,0,0,0,0
6235,1823,0,0,0,0,0,0,0,0,0
6236,1823,0,0,0,0,0,0,0,0,0
6237,1823,0,0,0,0,0,0,0,0,0
6238,1823,0,0,0,0,0,0,0,0,0
6239,1823,0,0,0,0,0,0,1,0,0
6240,1823,1,0,0,0,0,0,0,0,0
6241,1823,0,0,0,0,0,0,0,0,0
6242,1823,0,0,0,0,0,0,0,0,0
6243,1823,0,0,0,0,0,0,0,0,0
6244,1823,0,0,0,0,0,0,0,0,0
6245,1823,0,0,0,0,0,0,0,0,0
6246,1823,0,0,0,0,0,0,0,0,0
6247,1823,0,0,0,0,0,0,0,0,0
6248,1823,0,0,0,0,0,0,0,0,0
6249,1823,0,0,0,0,0,0,0,0,0
6250,1823,0,0,0,0,0,0,0,0,0
6251,1823,0,0,0,0,0,0,0,0,0
6252,1823,0,0,0,0,0,0,0,0,0
6253,1823,0,0,0,0,0,0,0,0,0
6254,1823,0,0,0,0,0,0,0,0,0
6255,1823,0,0,0,0,0,0,0,0,0
6256,1823,0,0,0,0,0,0,0,0,0
6257,1823,0,0,0,0,0,0,0,0,0
6258,1823,0,0,0,0,0,0,0,0,0
6259,1823,0,0,0,0,0,0,0,0,0
6260,1823,0,0,0,0,0,0,0,0,0
6261,1823,0,0,0,0,0,0,0,0,0
6262,1823,0,0,0,0,0,0,0,0,0
6263,1823,0,0,0,0,0,0,0,0,0
6264,1823,0,0,0,0,0,0,0,0,0
6265,1823,0,0,0,0,0,0,0,0,0
6266,1823,0,0,0,0,0,0,0,0,0
6267,1823,0,0,0,0,0,0,0,0,0
6268,1823,0,0,0,0,0,0,0,0,0
6269,1823,0,0,0,0,0,0,0,0,0
6270,1823,0,0,0,0,0,0,0,0,0
6271,1823,0,0,0,0,0,0,0,0,0
6272,1823,0,0,0,0,0,0,0,0,0
6273,1823,0,0,0,0,0,0,0,0,0
6274,1823,0,0,0,0,0,0,1,0,0
6275,1823,0,0,0,0,0,0,0,0,0
6276,1823,0,0,0,0,0,0,0,0,0
6277,1823,0,0,0,0,0,0,0,0,0
6278,1823,0,0,0,0,0,0,0,0,0
6279,1823,0,0,0,0,0,0,0,0,0
6280,1823,0,0,0,0,0,0,0,0,0
6281,1823,1,0,0,0,0,0,0,0,0
6282,1823,0,0,0,0,0,0,0,0,0
6283,1823,0,0,0,0,0,0,0,0,0
6284,1823,0,0,0,0,0,0,0,0,0
6285,1823,0,0,0,0,0,0,0,0,0
6286,1823,0,0,0,0,0,0,0,0,0
6287,1823,0,0,0,0,0,0,0,0,0
6288,1823,0,0,0,0,0,0,0,0,0
6289,1823,0,0,0,0,0,0,0,0,0
6290,1823,0,0,0,0,0,0,0,0,0
6291,1823,0,0,0,0,0,0,0,0,0
6292,1823,0,0,0,0,0,0,0,0,0
6293,1823,0,0,0,0,0,0,0,0,0
6294,1823,0,0,0,0,0,0,0,0,0
6295,1823,0,0,0,0,0,0,0,0,0
6296,1823,0,0,0,0,0,0,0,0,0
6297,1823,0,0,0,0,0,0,0,0,0
6298,1823,0,0,0,0,0,0,0,0,0
6299,1823,0,0,0,0,0,0,0,0,0
6300,1823,0,0,1,0,0,0,0,0,0
6301,1823,1,0,0,1,0,0,0,0,0
6302,1823,0,0,0,0,0,0,0,0,0
6303,1823,0,0,0,0,0,0,0,0,0
6304,1823,0,0,0,0,0,0,0,0,0
6305,1823,0,0,0,0,0,0,0,0,0
6306,1823,0,0,0,0,0,0,0,0,0
6307,1823,0,0,0,0,0,0,0,0,0
6308,1823,0,0,0,0,0,0,0,0,0
6309,1823,0,0,0,0,0,0,0,0,0
6310,1823,0,0,0,0,0,0,0,0,0
6311,1823,0,0,0,0,0,0,0,0,0
6312,1823,0,0,0,0,0,0,0,0,0
6313,1823,0,0,0,0,0,0,0,0,0
6314,1823,0,0,0,0,0,0,0,0,0
6315,1823,0,0,0,0,0,0,0,0,0
6316,1823,0,0,0,0,0,0,0,0,0
6317,1823,0,0,0,0,0,0,0,0,0
6318,1823,0,0,0,0,0,0,0,0,0
6319,1823,0,0,0,0,0,0,0,0,0
6320,1823,1,0,0,0,0,0,0,0,0
6321,1823,0,0,0,0,0,0,0,0,0
6322,1823,0,0,0,0,0,0,0,0,0
6323,1823,0,0,0,0,0,0,0,0,0
6324,1823,0,0,0,0,0,0,0,0,0
6325,1823,0,0,0,0,0,0,0,0,0
6326,1823,0,0,0,0,0,0,0,0,0
6327,1823,0,0,0,0,0,0,0,0,0
6328,1823,0,0,0,0,0,0,0,0,0
6329,1823,0,0,0,0,0,0,0,0,0
6330,1823,0,0,0,0,0,0,0,0,0
6331,1823,0,0,0,0,0,0,0,0,0
6332,1823,0,0,0,0,0,0,0,0,0
6333,1823,0,0,0,0,0,0,0,0,0
6334,1823,0,0,0,0,0,0,0,0,0
6335,1823,0,0,0,0,0,0,0,0,0
6336,1823,0,0,0,0,0,0,0,0,0
6337,1823,0,0,0,0,0,0,0,0,0
6338,1823,0,0,0,0,0,0,0,0,0
6339,1823,0,0,0,0,0,0,0,0,0
6340,1823,0,0,0,0,0,0,0,0,0
6341,1823,0,0,0,0,0,1,0,0,0
6342,1823,0,0,0,0,0,0,0,0,0
6343,1823,0,0,0,0,0,0,1,0,0
6344,1823,0,0,0,0,0,0,0,0,0
6345,1823,0,0,0,0,0,0,0,0,0
6346,1823,0,0,0,0,0,0,0,0,0
6347,1823,0,0,0,0,0,0,0,0,0
6348,1823,0,0,0,0,0,0,0,0,0
6349,1823,0,0,0,0,0,0,0,0,0
6350,1823,0,0,0,0,0,0,1,0,0
6351,1823,0,0,0,0,0,0,0,0,0
6352,1823,0,0,0,0,0,0,0,0,0
6353,1823,0,0,0,0,0,0,0,0,0
6354,1823,0,0,0,0,0,0,0,0,0
6355,1823,0,0,0,0,0,0,0,0,0
6356,1823,0,0,0,0,0,0,0,0,0
6357,1823,0,0,0,0,0,0,0,0,0
6358,1823,0,0,0,0,0,0,0,0,0
6359,1823,0,0,0,0,0,0,0,0,0
6360,1823,0,0,0,0,0,0,0,0,0
6361,1823,0,0,0,0,0,0,0,0,0
6362,1823,0,0,0,0,0,0,0,0,0
6363,1823,0,0,0,0,0,0,0,0,0
6364,1823,0,0,0,0,0,0,0,0,0
6365,1823,0,0,0,0,0,0,0,0,0
6366,1823,0,0,1,0,0,0,0,0,0
6367,1823,0,0,0,0,0,0,0,0,0
6368,1823,0,0,0,0,0,0,0,0,0
6369,1823,0,0,0,0,0,0,0,0,0
6370,1823,0,0,0,0,0,0,0,0,0
6371,1823,0,0,0,0,0,0,0,0,0
6372,1823,0,0,0,0,0,0,0,0,0
6373,1823,0,0,0,0,0,0,0,0,0
6374,1823,0,0,0,0,0,0,0,0,0
6375,1823,0,0,0,0,0,0,0,0,0
6376,1823,0,0,0,0,0,0,0,0,0
6377,1823,0,0,0,0,0,0,0,0,0
6378,1823,0,0,0,0,0,0,0,0,0
6379,1823,0,0,0,0,0,0,0,0,0
6380,1823,0,0,0,0,0,0,0,0,0
6381,1823,0,0,0,0,0,0,0,0,0
6382,1823,0,0,0,0,0,0,0,0,0
6383,1823,0,0,0,0,0,0,0,0,0
6384,1823,0,0,0,0,0,0,0,0,0
6385,1823,0,0,0,0,0,0,0,0,0
6386,1823,0,0,0,0,0,0,0,0,0
6387,1823,0,0,0,0,0,0,0,0,0
6388,1823,0,0,0,0,0,0,0,0,0
6389,1823,0,0,0,0,0,0,0,0,0
6390,1823,0,0,0,0,0,0,0,0,0
6391,1823,0,0,0,0,0,0,0,0,0
6392,1823,0,0,0,0,0,0,0,0,0
6393,1823,0,0,0,0,0,0,0,0,0
6394,1823,0,0,0,0,0,0,0,0,0
6395,1823,0,0,0,0,0,0,0,0,0
6396,1823,0,0,0,0,0,0,0,0,0
6397,1823,0,0,0,0,0,0,0,0,0
6398,1823,0,0,0,0,0,0,0,0,0
6399,1823,0,0,0,0,0,0,0,0,0
6400,1823,0,0,0,0,0,0,0,0,0
6401,1823,1,0,0,0,0,0,0,0,0
6402,1823,0,0,0,0,0,0,0,0,0
6403,1823,0,0,0,0,0,0,0,0,0
6404,1823,0,0,0,0,0,0,0,0,0
6405,1823,0,0,0,0,0,0,0,0,0
6406,1823,0,0,0,0,0,0,0,0,0
6407,1823,0,0,0,0,0,0,0,0,0
6408,1823,0,0,0,0,0,0,0,0,0
6409,1823,0,0,0,0,0,0,0,0,0
6410,1823,0,0,0,0,0,0,0,0,0
6411,1823,0,0,0,0,0,0,0,0,0
6412,1823,0,0,0,0,0,0,0,0,0
6413,1823,0,0,0,0,0,0,0,0,0
6414,1823,0,0,0,0,0,0,0,0,0
6415,1823,0,0,0,0,0,0,0,0,0
6416,1823,0,0,0,0,0,0,0,0,0
6417,1823,0,0,0,0,0,0,0,0,0
6418,1823,0,0,0,0,0,0,0,0,0
6419,1823,0,0,0,0,0,0,0,0,0
6420,1823,0,0,0,0,0,0,0,0,0
6421,1823,0,0,0,0,0,0,0,0,0
6422,1823,0,0,0,0,0,0,0,0,0
6423,1823,0,0,0,0,0,0,0,0,0
6424,1823,0,0,0,0,0,0,0,0,0
6425,1823,0,0,0,0,0,0,0,0,0
6426,1823,0,0,0,0,0,0,0,0,0
6427,1823,0,0,0,0,0,0,0,0,0
6428,1823,0,0,0,0,0,0,0,0,0
6429,1823,0,0,0,0,0,0,0,0,0
6430,1823,0,0,0,0,0,0,0,0,0
6431,1823,0,0,0,0,0,0,0,0,0
6432,1823,0,0,0,0,0,0,0,0,0
6433,1823,0,0,0,0,0,0,0,0,0
6434,1823,1,0,0,0,0,0,0,0,0
6435,1823,0,0,0,0,0,0,0,0,0
6436,1823,0,0,0,0,0,0,0,0,0
6437,1823,0,0,0,0,0,0,0,0,0
6438,1823,0,0,0,0,0,0,0,0,0
6439,1823,0,0,0,0,0,0,0,0,0
6440,1823,0,0,0,0,0,0,0,0,0
6441,1823,0,0,0,0,0,0,0,0,0
6442,1823,0,0,0,0,0,0,0,0,0
6443,1823,0,0,0,0,0,0,0,0,0
6444,1823,0,0,0,0,0,0,0,0,0
6445,1823,0,0,0,0,0,0,0,0,0
6446,1823,0,0,0,0,0,0,0,0,0
6447,1823,0,0,0,0,0,0,0,0,0
6448,1823,0,0,0,0,0,0,0,0,0
6449,1823,0,0,0,0,0,0,0,0,0
6450,1823,0,0,0,0,0,0,0,0,0
6451,1823,0,0,0,0,0,0,0,0,0
6452,1823,0,0,0,1,0,0,0,0,0
6453,1823,0,0,0,0,0,0,0,0,0
6454,1823,0,0,0,0,0,0,0,0,0
6455,1823,0,0,0,0,0,0,0,0,0
6456,1823,0,0,0,0,0,0,0,0,0
6457,1823,0,0,0,0,0,0,0,0,0
6458,1823,0,0,0,0,0,0,0,0,0
6459,1823,0,0,0,0,0,0,0,0,0
6460,1823,0,0,0,0,0,0,0,0,0
6461,1823,0,0,0,0,0,0,0,0,0
6462,1823,0,0,0,0,0,0,0,0,0
6463,1823,0,0,0,0,0,0,0,0,0
6464,1823,0,0,0,0,0,0,0,0,0
6465,1823,0,0,0,0,0,0,0,0,0
6466,1823,0,0,0,0,0,0,0,0,0
6467,1823,0,0,0,0,0,0,0,0,0
6468,1823,1,0,0,0,0,0,0,0,0
6469,1823,0,0,0,0,0,0,0,0,0
6470,1823,0,0,0,0,0,0,0,0,0
6471,1823,0,0,0,0,0,0,0,0,0
6472,1823,0,0,0,0,0,0,0,0,0
6473,1823,0,0,0,0,0,0,0,0,0
6474,1823,0,0,0,0,0,0,0,0,0
6475,1823,0,0,0,0,0,0,0,0,0
6476,1823,0,0,0,0,0,0,0,0,0
6477,1823,0,0,0,0,0,0,0,0,0
6478,1823,0,0,0,0,0,0,0,0,0
6479,1823,0,0,0,0,0,0,0,0,0
6480,1823,0,0,0,0,0,0,0,0,0
6481,1823,0,0,0,0,0,0,0,0,0
6482,1823,0,0,0,0,0,0,0,0,0
6483,1823,0,0,0,0,0,0,0,0,1
6484,1823,0,0,0,0,0,0,0,0,0
6485,1823,0,0,0,0,0,0,0,0,0
6486,1823,0,0,0,0,0,0,0,0,0
6487,1823,0,0,0,0,0,0,0,0,0
6488,1823,0,0,0,0,0,0,0,0,0
6489,1823,0,0,0,0,0,0,0,0,0
6490,1823,0,0,0,0,0,0,0,0,0
6491,1823,0,0,0,0,0,0,0,0,0
6492,1823,0,0,0,0,0,0,0,0,0
6493,1823,0,0,0,0,0,0,0,0,0
6494,1823,0,0,0,0,0,0,0,0,0
6495,1823,0,0,0,0,0,0,0,0,0
6496,1823,0,0,0,0,0,0,0,0,0
6497,1823,0,0,0,0,0,0,0,0,0
6498,1823,0,0,0,0,0,0,0,0,0
6499,1823,0,0,0,0,0,0,0,0,0
6500,1823,0,0,0,0,0,0,0,0,0
6501,1823,0,0,0,0,0,0,0,0,0
6502,1823,0,0,0,0,0,0,0,0,0
6503,1823,0,0,0,0,0,0,0,0,0
6504,1823,0,0,0,0,0,0,0,0,0
6505,1823,0,0,0,0,0,0,0,0,0
6506,1823,0,0,0,0,0,0,0,0,0
6507,1823,0,0,0,0,0,0,0,0,0
6508,1823,0,0,0,1,0,0,0,0,0
6509,1823,0,0,0,0,0,0,0,0,0
6510,1823,0,0,0,0,0,0,0,0,0
6511,1823,0,0,0,0,0,0,0,0,0
6512,1823,0,0,0,0,0,0,0,0,0
6513,1823,0,0,0,0,0,0,0,0,0
6514,1823,0,0,0,0,0,0,0,0,0
6515,1823,0,0,0,0,0,0,0,0,0
6516,1823,0,0,0,0,0,0,0,0,0
6517,1823,0,0,0,0,0,0,0,0,0
6518,1823,0,0,0,0,0,0,0,0,0
6519,1823,0,0,0,0,0,1,0,0,0
6520,1823,0,0,0,0,0,0,0,0,0
6521,1823,0,0,0,0,0,0,0,0,0
6522,1823,0,0,0,0,0,0,0,0,0
6523,1823,0,0,0,0,0,0,0,0,0
6524,1823,0,0,0,0,0,0,0,0,0
6525,1823,0,0,0,0,0,0,0,0,0
6526,1823,0,0,0,0,0,0,0,0,0
6527,1823,0,0,0,0,0,0,0,0,0
6528,1823,0,0,0,0,0,0,0,0,0
6529,1823,0,0,0,0,0,0,0,0,0
6530,1823,0,0,0,0,0,0,0,0,0
6531,1823,0,0,0,0,0,0,0,0,0
6532,1823,0,0,0,0,0,0,0,0,0
6533,1823,0,0,0,0,0,0,0,0,0
6534,1823,0,0,0,0,0,0,0,0,0
6535,1823,0,0,0,0,0,0,0,0,0
6536,1823,0,0,0,0,0,0,0,0,0
6537,1823,0,0,0,0,0,0,0,0,0
6538,1823,0,0,0,0,0,0,0,0,0
6539,1823,0,0,0,0,0,0,0,0,0
6540,1823,0,0,0,0,0,0,0,0,0
6541,1823,0,0,0,0,0,0,0,0,0
6542,1823,0,0,0,0,0,0,0,0,0
6543,1823,0,0,0,0,0,0,0,0,0
6544,1823,0,0,0,0,0,0,0,0,0
6545,1823,0,0,0,0,0,0,0,0,0
6546,1823,0,0,0,0,0,0,0,0,0
6547,1823,0,0,0,0,0,0,0,0,0
6548,1823,0,0,0,0,0,0,0,0,0
6549,1823,0,0,0,0,0,0,0,0,0
6550,1823,0,0,0,0,0,0,0,0,0
6551,1823,0,0,0,0,0,0,0,0,0
6552,1823,0,0,0,0,0,0,0,0,0
6553,1823,0,0,0,0,0,0,0,0,0
6554,1823,0,0,0,0,0,0,0,0,0
6555,1823,0,0,0,0,0,0,0,0,0
6556,1823,0,0,0,0,0,0,0,0,0
6557,1823,0,0,0,0,0,0,0,0,0
6558,1823,0,0,0,0,0,0,0,0,0
6559,1823,0,0,0,0,0,0,0,0,0
6560,1823,0,0,0,0,0,0,0,0,0
6561,1823,0,0,0,0,0,0,0,0,0
6562,1823,0,0,0,0,0,0,0,0,0
6563,1823,0,0,0,0,0,0,0,0,0
6564,1823,0,0,0,0,0,0,0,0,0
6565,1823,0,0,0,0,0,0,0,0,0
6566,1823,0,0,0,0,0,0,0,0,0
6567,1823,0,0,0,0,0,0,1,0,0
6568,1823,0,0,0,0,0,0,0,0,0
6569,1823,0,0,0,0,0,0,0,0,0
6570,1823,0,0,0,0,0,0,0,0,0
6571,1823,0,0,0,0,0,0,0,0,0
6572,1823,0,0,0,0,0,0,0,0,0
6573,1823,0,0,0,0,0,0,0,0,0
6574,1823,0,0,0,0,0,0,0,0,0
6575,1823,0,0,0,0,0,0,0,0,0
6576,1823,0,0,0,0,0,0,0,0,0
6577,1823,0,0,0,0,0,0,0,0,0
6578,1823,1,0,0,0,0,0,0,0,0
6579,1823,0,0,0,0,0,0,0,0,0
6580,1823,0,0,0,0,0,0,0,0,0
6581,1823,0,0,0,0,0,0,0,0,0
6582,1823,0,0,0,0,0,0,0,0,0
6583,1823,0,0,0,0,0,0,0,0,0
6584,1823,0,0,0,0,0,0,0,0,0
6585,1823,1,0,0,0,0,0,0,0,0
6586,1823,0,0,0,0,0,0,0,0,0
6587,1823,0,0,0,0,0,0,0,0,0
6588,1823,0,0,0,0,0,0,0,0,0
6589,1823,0,0,0,0,0,0,0,0,0
6590,1823,0,0,0,0,0,0,0,0,0
6591,1823,0,0,0,0,0,0,0,0,0
6592,1823,0,0,0,0,0,0,0,0,0
6593,1823,0,0,0,0,0,0,0,0,0
6594,1823,0,0,0,0,0,0,0,0,0
6595,1823,0,0,1,0,0,0,0,0,0
6596,1823,0,0,0,0,0,0,0,0,0
6597,1823,0,0,0,0,0,0,0,0,0
6598,1823,0,0,0,0,0,0,0,0,0
6599,1823,0,0,0,1,0,0,1,0,0
6600,1823,0,0,0,0,0,0,0,0,0
6601,1823,0,0,0,0,0,0,0,0,0
6602,1823,0,0,0,0,0,0,0,0,0
6603,1823,0,0,0,0,0,0,0,0,0
6604,1823,0,0,0,0,0,0,0,0,0
6605,1823,0,0,0,0,0,0,0,0,0
6606,1823,0,0,0,0,0,0,0,0,0
6607,1823,0,0,0,0,0,0,0,0,0
6608,1823,0,0,0,0,0,0,0,0,0
6609,1823,0,0,0,0,0,0,0,0,0
6610,1823,1,0,0,0,0,0,0,0,0
6611,1823,0,0,0,1,0,0,0,0,0
6612,1823,0,0,0,1,0,0,0,0,0
6613,1823,0,0,0,0,0,0,0,0,0
6614,1823,0,0,0,0,0,0,0,0,0
6615,1823,0,0,0,0,0,0,0,0,0
6616,1823,0,0,0,0,0,0,0,0,0
6617,1823,0,0,0,0,0,0,0,0,0
6618,1823,0,0,0,0,0,0,0,0,0
6619,1823,0,0,0,0,0,0,0,0,0
6620,1823,0,0,0,0,0,0,0,0,0
6621,1823,0,0,0,0,0,0,0,0,0
6622,1823,0,0,0,0,0,0,0,0,0
6623,1823,0,0,0,0,0,0,0,0,0
6624,1823,0,0,0,0,0,0,0,0,0
6625,1823,0,0,0,0,0,0,0,0,0
6626,1823,0,0,0,0,0,0,0,0,0
6627,1823,0,0,0,0,0,0,0,0,0
6628,1823,0,0,0,0,0,0,0,0,0
6629,1823,0,0,0,0,0,0,0,0,0
6630,1823,0,0,0,0,0,0,0,0,0
6631,1823,0,0,0,0,0,0,0,0,0
6632,1823,0,0,1,0,0,0,0,0,0
6633,1823,0,0,0,0,0,0,0,0,0
6634,1823,0,0,0,0,0,0,0,0,0
6635,1823,0,0,0,0,0,0,0,0,0
6636,1823,0,0,0,0,0,0,0,0,0
6637,1823,0,0,0,0,0,0,0,0,0
6638,1823,0,0,0,0,0,0,0,0,0
6639,1823,0,0,0,0,0,0,0,0,0
6640,1823,0,0,0,0,0,0,0,0,0
6641,1823,0,0,0,0,0,0,1,0,0
6642,1823,0,0,0,0,0,0,0,0,0
6643,1823,0,0,0,0,0,0,0,0,0
6644,1823,0,0,0,0,0,0,0,0,0
6645,1823,0,0,0,0,0,0,0,0,0
6646,1823,0,0,0,0,0,0,0,0,0
6647,1823,0,0,0,0,0,0,0,0,0
6648,1823,0,0,0,0,0,0,0,0,0
6649,1823,0,0,0,0,0,0,0,0,0
6650,1823,0,0,0,0,0,0,0,0,0
6651,1823,0,0,0,0,0,0,0,0,0
6652,1823,0,0,0,0,0,0,0,0,0
6653,1823,0,0,0,0,0,0,0,0,0
6654,1823,0,0,0,0,0,0,0,0,0
6655,1823,0,0,0,0,0,0,0,0,0
6656,1823,0,0,0,0,0,0,0,0,0
6657,1823,0,0,0,0,0,0,0,0,0
6658,1823,0,0,0,0,0,0,0,0,0
6659,1823,0,0,0,0,0,0,0,0,0
6660,1823,0,0,0,0,0,0,0,0,0
6661,1823,0,0,0,0,0,0,0,0,0
6662,1823,0,0,0,0,0,0,0,0,0
6663,1823,0,0,0,0,0,0,0,0,0
6664,1823,0,0,0,0,0,0,0,0,0
6665,1823,0,0,0,0,0,0,0,0,0
6666,1823,0,0,0,0,0,0,0,0,0
6667,1823,0,1,0,0,0,0,0,0,0
6668,1823,0,0,0,0,0,0,0,0,0
6669,1823,0,0,0,0,0,0,0,0,0
6670,1823,0,0,0,0,0,0,0,0,0
6671,1823,0,0,0,0,0,0,0,0,0
6672,1823,0,0,0,0,0,0,0,0,0
6673,1823,0,0,0,0,0,0,0,0,0
6674,1823,0,0,0,0,0,0,0,0,0
6675,1823,0,0,0,0,0,0,0,0,0
6676,1823,0,0,0,0,0,0,0,0,0
6677,1823,0,0,0,0,0,0,0,0,0
6678,1823,0,0,0,0,0,0,0,0,0
6679,1823,0,0,0,0,0,0,0,0,0
6680,1823,0,0,0,0,0,0,0,0,0
6681,1823,0,0,0,0,0,0,0,0,0
6682,1823,0,0,0,0,0,0,0,0,0
6683,1823,0,0,0,0,0,0,0,0,0
6684,1823,0,0,0,0,0,0,0,0,0
6685,1823,0,0,0,0,0,0,0,0,0
6686,1823,0,0,0,0,0,0,0,0,0
6687,1823,0,0,0,0,0,0,0,0,0
6688,1823,0,0,0,0,0,0,0,0,0
6689,1823,0,0,0,0,0,0,0,0,0
6690,1823,0,0,0,0,0,0,0,0,0
6691,1823,0,0,0,0,0,0,0,0,0
6692,1823,0,0,0,0,0,0,0,0,0
6693,1823,0,0,0,0,0,0,0,0,0
6694,1823,0,0,0,0,0,0,0,0,0
6695,1823,0,0,0,0,0,0,0,0,0
6696,1823,0,0,0,0,0,0,0,0,0
6697,1823,0,0,0,0,0,0,0,0,0
6698,1823,0,0,0,0,0,0,0,0,0
6699,1823,0,0,0,0,0,0,0,0,0
6700,1823,0,0,0,0,0,0,0,0,0
6701,1823,0,0,0,0,0,0,0,0,0
6702,1823,0,0,0,0,0,0,0,0,0
6703,1823,0,0,0,0,0,0,0,0,0
6704,1823,0,0,0,0,0,0,0,0,0
6705,1823,0,0,0,0,0,0,0,0,0
6706,1823,0,0,0,0,0,0,0,0,0
6707,1823,0,0,0,0,0,0,0,0,0
6708,1823,0,0,0,0,0,0,0,0,0
6709,1823,0,0,0,0,0,1,0,0,0
6710,1823,0,0,0,0,0,0,0,0,0
6711,1823,0,0,0,0,0,0,0,0,0
6712,1823,0,0,0,0,0,0,0,0,0
6713,1823,0,0,0,0,0,0,0,0,0
6714,1823,0,0,0,0,0,0,0,0,0
6715,1823,0,0,0,0,0,0,0,0,0
6716,1823,0,0,0,0,0,0,0,0,0
6717,1823,0,0,0,0,0,0,0,0,0
6718,1823,0,0,0,0,0,0,0,0,0
6719,1823,0,0,0,0,0,0,0,0,0
6720,1823,0,0,0,0,0,0,0,0,0
6721,1823,0,0,0,0,0,0,0,0,0
6722,1823,0,0,0,0,0,0,0,0,0
6723,1823,0,0,0,0,0,0,0,0,0
6724,1823,0,0,0,0,0,0,0,0,0
6725,1823,0,0,0,0,0,0,0,0,0
6726,1823,0,0,1,0,0,0,0,0,0
6727,1823,0,0,0,0,0,0,0,0,0
6728,1823,0,0,0,0,0,0,0,0,0
6729,1823,0,0,0,0,0,0,0,0,0
6730,1823,0,0,0,0,0,0,0,0,0
6731,1823,0,0,0,0,0,0,0,0,0
6732,1823,0,0,0,0,0,0,0,0,0
6733,1823,0,0,0,0,0,0,0,0,0
6734,1823,0,0,0,0,0,0,0,0,0
6735,1823,0,0,0,0,0,0,0,0,0
6736,1823,0,0,0,0,0,0,0,0,0
6737,1823,0,0,1,0,0,0,0,0,0
6738,1823,0,0,0,0,0,0,0,0,0
6739,1823,0,0,0,0,0,0,0,0,0
6740,1823,0,0,0,1,0,0,0,0,0
6741,1823,0,0,0,0,0,0,0,0,0
6742,1823,0,0,0,0,0,0,0,0,0
6743,1823,0,0,0,0,0,0,0,0,0
6744,1823,0,0,0,0,0,0,0,0,0
6745,1823,0,0,0,0,0,0,0,0,0
6746,1823,0,0,0,0,0,0,0,0,0
6747,1823,0,0,0,0,0,0,0,0,0
6748,1823,0,0,0,0,0,0,0,0,0
6749,1823,0,0,0,0,0,0,0,0,0
6750,1823,0,0,0,0,0,0,0,0,0
6751,1823,0,0,0,0,0,0,0,0,0
6752,1823,0,0,0,0,0,0,0,0,0
6753,1823,0,0,0,1,0,0,0,0,0
6754,1823,0,0,0,0,0,0,0,0,0
6755,1823,0,0,0,0,0,0,1,0,0
6756,1823,0,0,0,0,0,0,0,0,0
6757,1823,0,0,0,0,0,0,0,0,0
6758,1823,0,0,0,0,0,0,0,0,0
6759,1823,0,0,0,0,0,0,0,0,0
6760,1823,0,0,0,0,0,0,1,0,0
6761,1823,0,0,0,0,0,0,0,0,0
6762,1823,0,0,0,0,0,0,0,0,0
6763,1823,0,0,0,0,0,0,0,0,0
6764,1823,0,0,0,1,0,0,0,0,0
6765,1823,0,0,0,0,0,0,0,0,0
6766,1823,0,0,0,0,0,0,0,0,0
6767,1823,0,0,0,0,0,0,1,0,0
6768,1823,0,0,0,0,0,0,0,0,0
6769,1823,0,0,0,0,0,0,0,0,0
6770,1823,0,0,0,0,0,0,0,0,0
6771,1823,0,0,0,0,0,0,0,0,0
6772,1823,0,0,1,0,0,0,0,0,0
6773,1823,0,0,0,0,0,0,0,0,0
6774,1823,0,0,0,0,0,0,0,0,0
6775,1823,0,0,0,0,0,0,0,0,0
6776,1823,0,0,0,0,0,0,0,0,0
6777,1823,0,0,0,0,0,0,0,0,0
6778,1823,0,0,0,0,0,0,0,0,0
6779,1823,0,0,0,0,0,0,0,0,0
6780,1823,0,0,0,0,0,0,0,0,0
6781,1823,0,0,0,0,0,0,0,0,0
6782,1823,0,0,0,0,0,0,0,0,0
6783,1823,0,0,0,0,0,0,0,0,0
6784,1823,0,0,0,0,0,0,0,0,0
6785,1823,0,0,0,0,0,0,0,0,0
6786,1823,0,0,0,0,0,0,0,0,0
6787,1823,0,0,0,0,0,0,0,0,0
6788,1823,0,0,0,0,0,0,0,0,0
6789,1823,0,0,0,0,0,0,0,0,0
6790,1823,0,0,0,0,0,0,0,0,0
6791,1823,0,0,0,0,0,0,0,0,0
6792,1823,0,0,0,0,0,0,0,0,0
6793,1823,0,0,0,0,0,0,0,0,0
6794,1823,0,0,0,0,0,0,0,0,0
6795,1823,0,0,0,0,0,0,0,0,0
6796,1823,0,0,0,0,0,0,0,0,0
6797,1823,0,0,0,0,0,0,0,0,0
6798,1823,0,0,0,0,0,0,0,0,0
6799,1823,0,0,0,0,0,0,0,0,0
6800,1823,0,0,0,0,0,0,0,0,0
6801,1823,0,0,0,0,0,1,0,0,0
6802,1823,0,0,0,0,0,0,0,0,0
6803,1823,0,0,0,0,0,0,0,0,0
6804,1823,0,0,0,0,0,0,0,0,0
6805,1823,0,0,0,0,0,0,0,0,0
6806,1823,0,0,0,0,0,0,0,0,0
6807,1823,0,0,0,0,0,0,0,0,0
6808,1823,0,0,0,0,0,0,0,0,0
6809,1823,0,0,0,0,0,0,0,0,0
6810,1823,0,0,0,0,0,0,0,0,0
6811,1823,0,0,0,0,0,0,0,0,0
6812,1823,0,0,0,0,0,0,0,0,0
6813,1823,0,0,0,0,0,0,0,0,0
6814,1823,0,0,0,0,0,0,0,0,0
6815,1823,0,0,0,0,0,0,0,0,0
6816,1823,0,0,0,0,0,0,0,0,0
6817,1823,0,0,0,0,0,0,0,0,0
6818,1823,0,0,0,0,0,0,0,0,0
6819,1823,0,0,0,0,0,0,0,0,0
6820,1823,0,0,0,0,0,0,0,0,0
6821,1823,0,0,0,0,0,0,0,0,0
6822,1823,0,0,0,0,0,0,0,0,0
6823,1823,0,0,0,0,0,0,0,0,0
6824,1823,0,0,0,0,0,0,0,0,0
6825,1823,0,0,0,0,0,0,0,0,0
6826,1823,0,0,0,0,0,0,0,0,0
6827,1823,0,0,0,0,0,0,0,0,0
6828,1823,0,0,0,0,0,0,0,0,0
6829,1823,0,0,0,0,0,0,0,0,0
6830,1823,0,0,0,0,0,0,0,0,0
6831,1823,0,0,0,0,0,0,0,0,0
6832,1823,0,0,0,0,0,0,0,0,0
6833,1823,0,0,0,0,0,0,0,0,0
6834,1823,0,0,0,0,0,0,0,0,0
6835,1823,0,0,0,0,0,0,0,0,0
6836,1823,0,0,0,0,0,0,0,0,0
6837,1823,0,0,0,0,0,0,0,0,0
6838,1823,0,0,0,0,0,0,0,0,0
6839,1823,0,0,0,0,0,0,0,0,0
6840,1823,0,0,0,0,0,0,0,0,0
6841,1823,0,0,0,0,0,0,0,0,0
6842,1823,0,0,0,0,0,0,0,0,0
6843,1823,0,0,0,0,0,0,0,0,0
6844,1823,0,0,0,0,0,0,0,0,0
6845,1823,0,0,0,0,0,0,0,0,0
6846,1823,0,0,0,0,0,0,0,0,0
6847,1823,0,0,0,0,0,0,0,0,0
6848,1823,0,0,0,0,0,0,0,0,0
6849,1823,0,0,0,0,0,0,0,0,0
6850,1823,0,0,0,0,0,0,0,0,0
6851,1823,0,0,0,0,0,0,0,0,0
6852,1823,0,0,0,0,0,0,0,0,0
6853,1823,0,0,0,0,0,0,0,0,0
6854,1823,0,0,0,1,0,0,0,0,0
6855,1823,0,0,0,0,0,0,0,0,0
6856,1823,0,0,0,0,0,0,0,0,0
6857,1823,0,0,0,0,0,0,0,0,0
6858,1823,0,0,0,0,0,0,0,0,0
6859,1823,0,0,0,0,0,0,0,0,0
6860,1823,0,0,0,0,0,0,0,0,0
6861,1823,0,0,0,0,0,0,0,0,0
6862,1823,0,0,0,0,0,0,0,0,0
6863,1823,0,0,1,0,0,0,0,0,0
6864,1823,0,0,0,0,0,0,0,0,0
6865,1823,0,0,0,0,0,0,0,0,0
6866,1823,0,0,0,0,0,0,0,0,0
6867,1823,0,0,1,0,0,0,0,0,0
6868,1823,0,0,0,0,0,0,0,0,0
6869,1823,0,0,0,0,0,0,0,0,0
6870,1823,0,0,0,0,0,0,0,0,0
6871,1823,0,0,0,0,0,0,0,0,0
6872,1823,0,0,0,0,0,0,0,0,0
6873,1823,0,0,0,0,0,0,0,0,0
6874,1823,0,0,0,0,0,0,0,0,0
6875,1823,0,0,0,0,0,0,0,0,0
6876,1823,0,0,0,0,0,0,1,0,0
6877,1823,0,0,0,0,0,0,0,0,0
6878,1823,0,0,0,0,0,0,0,0,0
6879,1823,0,0,0,0,0,0,0,0,0
6880,1823,0,0,0,0,0,0,0,0,0
6881,1823,0,0,0,0,0,0,0,0,0
6882,1823,0,0,0,0,0,0,0,0,0
6883,1823,0,0,0,0,0,0,0,0,0
6884,1823,0,0,0,0,0,0,0,0,0
6885,1823,0,0,0,0,0,0,0,0,0
6886,1823,0,0,0,0,0,0,0,0,0
6887,1823,0,0,0,0,0,0,0,0,0
6888,1823,0,0,0,0,0,0,0,0,0
6889,1823,0,0,0,0,0,0,0,0,0
6890,1823,0,0,0,0,0,0,0,0,0
6891,1823,0,0,0,0,0,0,0,0,0
6892,1823,0,0,0,0,0,0,0,0,0
6893,1823,0,0,0,0,0,0,0,0,0
6894,1823,0,0,0,0,0,0,0,0,0
6895,1823,0,0,0,0,0,0,0,0,0
6896,1823,0,0,0,0,0,0,0,0,0
6897,1823,0,0,0,0,0,0,0,0,0
6898,1823,0,0,0,0,0,0,0,0,0
6899,1823,0,0,0,1,0,0,0,0,0
6900,1823,0,0,0,0,0,0,0,0,0
6901,1823,0,0,0,0,0,0,0,0,0
6902,1823,0,0,0,0,0,0,0,0,0
6903,1823,0,0,0,0,0,0,0,0,0
6904,1823,0,0,0,0,0,0,0,0,0
6905,1823,0,0,0,0,0,0,0,0,0
6906,1823,0,0,0,0,0,0,0,0,0
6907,1823,0,0,0,0,0,0,0,0,0
6908,1823,0,0,0,0,0,0,0,0,0
6909,1823,1,0,1,0,0,0,0,0,0
6910,1823,0,0,0,0,0,0,0,0,0
6911,1823,0,0,0,0,0,0,0,0,0
6912,1823,0,0,0,0,0,0,0,0,0
6913,1823,0,0,0,0,0,0,0,0,0
6914,1823,0,0,0,0,0,0,0,0,0
6915,1823,0,0,0,0,0,0,0,0,0
6916,1823,0,0,0,0,0,0,0,0,0
6917,1823,0,0,0,0,0,0,0,0,0
6918,1823,0,0,0,0,0,0,0,0,0
6919,1823,0,0,0,0,0,0,0,0,0
6920,1823,0,0,0,0,0,0,0,0,0
6921,1823,0,0,0,0,0,0,0,0,0
6922,1823,0,0,0,0,0,0,0,0,0
6923,1823,0,0,0,0,0,0,0,0,0
6924,1823,0,0,0,0,0,0,0,0,0
6925,1823,0,0,0,0,0,0,0,0,0
6926,1823,0,0,0,0,0,0,0,0,0
6927,1823,0,0,0,0,0,0,0,0,0
6928,1823,0,0,0,0,0,0,0,0,0
6929,1823,0,0,0,0,0,0,0,0,0
6930,1823,0,0,0,0,0,0,0,0,0
6931,1823,0,0,0,0,0,0,0,0,0
6932,1823,0,0,0,0,0,0,0,0,0
6933,1823,0,0,0,0,0,0,0,0,0
6934,1823,0,0,0,0,0,0,0,0,0
6935,1823,0,0,0,0,0,0,0,0,0
6936,1823,0,0,0,0,0,0,0,0,0
6937,1823,0,0,0,1,0,0,0,0,0
6938,1823,0,0,0,0,0,0,0,0,0
6939,1823,0,0,0,0,0,0,1,0,0
6940,1823,0,0,0,0,0,0,0,0,0
6941,1823,0,0,0,0,0,0,0,0,0
6942,1823,0,0,0,0,0,0,0,0,0
6943,1823,0,0,0,0,0,0,0,0,0
6944,1823,0,0,0,0,0,0,0,0,0
6945,1823,0,0,1,0,0,0,0,0,0
6946,1823,0,0,0,0,0,0,0,0,0
6947,1823,0,0,0,0,0,0,0,0,0
6948,1823,0,0,0,0,0,0,0,0,0
6949,1823,0,0,0,0,0,0,0,0,0
6950,1823,0,0,0,0,0,0,0,0,0
6951,1823,0,0,0,0,0,0,0,0,0
6952,1823,0,0,0,0,0,0,0,0,0
6953,1823,0,0,0,0,0,0,0,0,0
6954,1823,0,0,0,0,0,0,0,0,0
6955,1823,0,0,0,0,0,0,0,0,0
6956,1823,0,0,0,0,0,0,0,0,0
6957,1823,0,0,0,0,0,0,0,0,0
6958,1823,0,0,0,0,0,0,0,0,0
6959,1823,0,0,0,0,0,0,0,0,0
6960,1823,0,0,0,0,0,0,0,0,0
6961,1823,0,0,0,0,0,0,0,0,0
6962,1823,0,0,0,0,0,0,0,0,0
6963,1823,0,0,0,0,0,0,0,0,0
6964,1823,0,0,0,0,0,0,0,0,0
6965,1823,0,0,0,0,0,0,0,0,0
6966,1823,0,0,0,0,0,0,0,0,0
6967,1823,0,0,0,0,0,0,0,0,0
6968,1823,0,0,0,0,0,0,0,0,0
6969,1823,0,0,0,0,0,0,0,0,0
6970,1823,0,0,0,0,0,0,1,0,0
6971,1823,0,0,0,0,0,0,0,0,0
6972,1823,0,0,0,0,0,0,0,0,0
6973,1823,0,0,0,0,0,0,0,0,0
6974,1823,0,0,0,0,0,0,0,0,0
6975,1823,0,0,0,0,0,0,0,0,0
6976,1823,0,0,0,0,0,0,0,0,0
6977,1823,0,0,0,0,0,0,0,0,0
6978,1823,0,0,0,0,0,0,0,0,0
6979,1823,0,0,0,0,0,0,0,0,0
6980,1823,0,0,0,0,0,0,0,0,0
6981,1823,0,0,0,0,0,0,0,0,0
6982,1823,0,0,0,0,0,0,0,0,0
6983,1823,0,0,1,0,0,0,0,0,0
6984,1823,0,0,0,0,0,0,0,0,0
6985,1823,0,0,0,0,0,0,0,0,0
6986,1823,0,0,0,0,0,0,0,0,0
6987,1823,0,0,0,0,0,0,0,0,0
6988,1823,0,0,0,0,0,0,0,0,0
6989,1823,0,0,0,0,0,0,0,0,0
6990,1823,0,0,0,0,0,0,0,0,0
6991,1823,0,0,0,0,0,0,0,0,0
6992,1823,0,0,0,0,0,0,0,0,0
6993,1823,0,0,0,0,0,0,0,0,0
6994,1823,0,0,0,0,0,0,0,0,0
6995,1823,0,0,0,0,0,0,0,0,0
6996,1823,0,0,0,0,0,0,0,0,0
6997,1823,0,0,0,0,0,0,0,0,0
6998,1823,0,0,0,0,0,0,0,0,0
6999,1823,0,0,0,0,0,0,0,0,0
7000,1823,0,0,0,0,0,0,0,0,0
7001,1823,0,0,0,0,0,0,0,0,0
7002,1823,0,0,0,0,0,0,0,0,0
7003,1823,0,0,0,0,0,0,0,0,0
7004,1823,0,0,0,0,0,0,0,0,0
7005,1823,0,0,0,0,0,0,0,0,0
7006,1823,0,0,0,0,0,0,0,0,0
7007,1823,0,0,0,0,0,0,0,0,0
7008,1823,0,0,0,0,0,0,0,0,0
7009,1823,0,0,0,0,0,0,0,0,0
7010,1823,0,0,0,0,0,0,0,0,0
7011,1823,0,0,0,0,0,0,0,0,0
7012,1823,0,0,0,0,0,0,0,0,0
7013,1823,0,0,0,0,0,0,0,0,0
7014,1823,0,0,0,0,0,0,0,0,0
7015,1823,0,0,0,0,0,0,1,0,0
7016,1823,0,0,0,0,0,0,0,0,0
7017,1823,0,0,0,0,0,0,0,0,0
7018,1823,0,0,0,0,0,0,0,0,0
7019,1823,0,0,0,0,0,0,0,0,0
7020,1823,0,0,0,0,0,0,0,0,0
7021,1823,0,0,0,0,0,0,0,0,0
7022,1823,0,0,0,0,0,0,0,0,0
7023,1823,0,0,0,0,0,0,0,0,0
7024,1823,0,0,0,0,0,0,0,0,0
7025,1823,0,0,0,0,0,0,0,0,0
7026,1823,0,0,0,0,0,0,0,0,0
7027,1823,0,0,0,0,0,0,0,0,0
7028,1823,0,0,0,0,0,0,0,0,0
7029,1823,0,0,0,0,0,0,0,0,0
7030,1823,0,0,0,0,0,0,0,0,0
7031,1823,0,0,0,0,0,0,0,0,0
7032,1823,0,0,0,0,0,0,0,0,0
7033,1823,0,0,0,0,0,0,0,0,0
7034,1823,0,0,1,0,0,0,0,0,0
7035,1823,0,0,0,0,0,0,0,0,0
7036,1823,0,0,0,0,0,0,0,0,0
7037,1823,0,0,0,0,0,0,0,0,0
7038,1823,0,0,0,0,0,0,0,0,0
7039,1823,0,0,0,0,0,0,0,0,0
7040,1823,0,0,0,0,0,0,0,0,0
7041,1823,0,0,0,0,0,0,0,0,0
7042,1823,0,0,0,0,0,0,0,0,0
7043,1823,0,0,0,0,0,0,0,0,0
7044,1823,0,0,0,0,0,0,0,0,0
7045,1823,0,0,0,0,0,0,0,0,0
7046,1823,0,0,0,0,0,0,0,0,0
7047,1823,0,0,0,0,0,0,0,0,0
7048,1823,0,0,0,0,0,0,0,0,0
7049,1823,0,0,0,0,0,0,0,0,0
7050,1823,0,0,0,0,0,0,0,0,0
7051,1823,0,0,0,0,0,0,1,0,0
7052,1823,0,0,0,1,0,0,0,0,0
7053,1823,0,0,0,0,0,0,0,0,0
7054,1823,0,0,0,0,0,0,0,0,0
7055,1823,0,0,0,0,0,0,0,0,0
7056,1823,0,0,0,0,0,0,0,0,0
7057,1823,0,0,0,0,0,0,0,0,0
7058,1823,0,0,0,0,0,0,0,0,0
7059,1823,0,0,0,0,0,0,0,0,0
7060,1823,0,0,0,0,0,0,0,0,0
7061,1823,0,0,0,0,0,0,0,0,0
7062,1823,0,0,0,0,0,0,0,0,0
7063,1823,0,0,0,0,0,0,0,0,0
7064,1823,0,0,0,0,0,0,0,0,0
7065,1823,0,0,0,0,0,0,0,0,0
7066,1823,0,0,0,0,0,0,0,0,0
7067,1823,0,0,0,0,0,0,0,0,0
7068,1823,0,0,1,0,0,0,0,0,0
7069,1823,0,0,0,0,0,0,0,0,0
7070,1823,0,0,0,0,0,0,0,0,0
7071,1823,0,0,0,0,0,0,0,0,0
7072,1823,0,0,0,0,0,0,0,0,0
7073,1823,0,0,0,0,0,0,0,0,0
7074,1823,0,0,0,0,0,0,0,0,0
7075,1823,0,0,0,0,0,0,0,0,0
7076,1823,0,0,0,0,0,0,0,0,0
7077,1823,0,0,0,0,0,0,0,0,0
7078,1823,0,0,0,0,0,0,0,0,0
7079,1823,0,0,0,0,0,0,0,0,0
7080,1823,0,0,0,0,0,0,0,0,0
7081,1823,0,0,0,0,0,0,0,0,0
7082,1823,1,0,0,0,0,0,0,0,0
7083,1823,0,0,0,0,0,0,0,0,0
7084,1823,0,0,0,0,0,0,0,0,0
7085,1823,1,0,0,0,0,0,0,0,0
7086,1823,0,0,0,0,0,0,0,0,0
7087,1823,0,0,0,0,0,0,0,0,0
7088,1823,0,0,0,0,0,0,0,0,0
7089,1823,0,0,0,0,0,0,0,0,0
7090,1823,0,0,0,0,0,0,1,0,0
7091,1823,0,0,0,0,0,0,0,0,0
7092,1823,0,0,0,0,0,0,0,0,0
7093,1823,0,0,0,0,0,0,0,0,0
7094,1823,0,0,0,0,0,0,0,0,0
7095,1823,0,0,0,0,0,0,0,0,0
7096,1823,0,0,0,0,0,0,0,0,0
7097,1823,0,0,0,0,0,0,0,0,0
7098,1823,0,0,0,0,0,0,0,0,0
7099,1823,0,0,0,0,0,0,0,0,0
7100,1823,0,0,0,0,0,0,0,0,0
7101,1823,0,0,0,0,0,0,0,0,0
7102,1823,0,0,0,0,0,0,0,0,0
7103,1823,0,0,0,0,0,0,0,0,0
7104,1823,0,0,0,0,0,0,0,0,0
7105,1823,0,0,1,0,0,0,0,0,0
7106,1823,0,0,0,0,0,0,0,0,0
7107,1823,0,0,0,0,0,0,0,0,0
7108,1823,0,0,0,0,0,0,0,0,0
7109,1823,0,0,0,0,0,0,0,0,0
7110,1823,0,0,0,0,0,0,0,0,0
7111,1823,0,0,0,0,0,0,0,0,0
7112,1823,0,0,0,0,0,0,0,0,0
7113,1823,0,0,0,0,0,0,0,0,0
7114,1823,0,0,0,0,0,0,0,0,0
7115,1823,0,0,0,0,0,0,0,0,0
7116,1823,0,0,0,0,0,0,0,0,0
7117,1823,0,0,0,0,0,0,0,0,0
7118,1823,0,0,0,0,0,0,0,0,0
7119,1823,0,0,1,0,0,0,0,0,0
7120,1823,0,0,0,0,0,0,0,0,0
7121,1823,0,0,0,0,0,0,0,0,0
7122,1823,0,0,0,1,0,0,0,0,0
7123,1823,0,0,0,0,0,0,0,0,0
7124,1823,0,0,0,0,0,0,0,0,0
7125,1823,0,0,0,0,0,0,0,0,0
7126,1823,0,0,0,0,0,0,0,0,0
7127,1823,0,0,0,0,0,0,0,0,0
7128,1823,0,0,0,0,0,0,0,0,0
7129,1823,0,0,0,0,0,0,0,0,0
7130,1823,0,0,0,0,0,0,0,0,0
7131,1823,0,0,0,0,0,0,0,0,0
7132,1823,0,0,0,0,0,0,0,0,0
7133,1823,0,0,0,0,0,0,0,0,0
7134,1823,0,0,0,0,0,0,0,0,0
7135,1823,0,0,0,0,0,0,0,0,0
7136,1823,0,0,0,0,0,0,0,0,0
7137,1823,0,0,0,0,0,0,0,0,0
7138,1823,0,0,0,0,0,0,0,0,0
7139,1823,0,0,0,0,0,0,0,0,0
7140,1823,0,0,0,0,0,0,0,0,0
7141,1823,0,0,1,0,0,0,0,0,0
7142,1823,0,0,0,0,0,0,0,0,0
7143,1823,0,0,0,0,0,0,0,0,0
7144,1823,0,0,0,0,0,0,0,0,0
7145,1823,0,0,0,0,0,0,0,0,0
7146,1823,0,0,0,0,0,0,0,0,0
7147,1823,0,0,0,0,0,0,0,0,0
7148,1823,0,0,0,0,0,0,0,0,0
7149,1823,0,0,0,0,0,0,0,0,0
7150,1823,0,0,0,0,0,0,0,0,0
7151,1823,0,0,0,0,0,0,0,0,0
7152,1823,0,0,0,0,0,0,0,0,0
7153,1823,0,0,0,0,0,0,0,0,0
7154,1823,0,0,0,0,0,0,0,0,0
7155,1823,1,0,0,0,0,0,0,0,1
7156,1823,0,0,0,0,0,0,0,0,0
7157,1823,0,0,0,0,0,0,0,0,0
7158,1823,0,0,0,0,0,0,0,0,0
7159,1823,0,0,0,0,0,0,0,0,0
7160,1823,0,0,0,0,0,0,0,0,0
7161,1823,0,0,0,0,0,0,0,0,0
7162,1823,0,0,0,0,0,0,0,0,0
7163,1823,0,0,0,0,0,0,0,0,0
7164,1823,0,0,0,0,0,0,0,0,0
7165,1823,0,0,0,0,0,0,0,0,0
7166,1823,0,0,0,0,0,0,0,0,0
7167,1823,0,0,0,0,0,0,0,0,0
7168,1823,0,0,0,0,0,0,0,0,0
7169,1823,0,0,0,0,0,0,0,0,0
7170,1823,0,0,0,0,0,0,0,0,0
7171,1823,0,0,0,0,0,0,0,0,0
7172,1823,0,0,0,0,0,0,0,0,0
7173,1823,0,0,0,0,0,0,0,0,0
7174,1823,0,0,0,0,0,0,0,0,0
7175,1823,0,0,0,0,0,0,0,0,0
7176,1823,0,0,0,0,0,0,0,0,0
7177,1823,0,0,0,0,0,0,0,0,0
7178,1823,0,0,0,0,0,0,0,0,0
7179,1823,0,0,0,0,0,0,0,0,0
7180,1823,0,0,0,0,0,0,0,0,0
7181,1823,0,0,0,0,0,0,0,0,0
7182,1823,0,0,0,0,0,0,0,0,0
7183,1823,0,0,0,0,0,0,0,0,0
7184,1823,0,0,0,0,0,0,0,0,0
7185,1823,0,0,0,0,0,0,0,0,0
7186,1823,0,0,0,0,0,0,0,0,0
7187,1823,0,0,0,0,0,0,0,0,0
7188,1823,0,0,0,0,0,0,0,0,0
7189,1823,0,0,0,0,0,0,0,0,0
7190,1823,0,0,0,0,0,0,0,0,0
7191,1823,0,0,0,0,0,0,0,0,0
7192,1823,0,0,0,0,0,0,0,0,0
7193,1823,0,0,0,0,0,0,0,0,1
7194,1823,0,0,0,0,0,0,0,0,0
7195,1823,0,0,0,0,0,0,0,0,0
7196,1823,0,0,0,0,0,0,0,0,0
7197,1823,0,0,0,0,0,0,0,0,0
7198,1823,0,0,0,0,0,0,0,0,0
7199,1823,0,0,0,0,0,0,0,0,0
7200,1823,0,0,0,0,0,0,0,0,0
7201,1823,0,0,0,0,0,0,0,0,0
7202,1823,0,0,0,0,0,0,0,0,0
7203,1823,0,0,0,0,0,0,0,0,0
7204,1823,0,0,0,0,0,0,0,0,0
7205,1823,0,0,0,0,0,0,0,0,0
7206,1823,0,0,0,0,0,0,0,0,0
7207,1823,0,0,0,0,0,0,0,0,0
7208,1823,0,0,0,0,0,0,0,0,0
7209,1823,0,0,0,0,0,0,0,0,0
7210,1823,0,0,0,0,0,0,0,0,0
7211,1823,0,0,0,0,0,0,0,0,0
7212,1823,0,0,0,0,0,0,0,0,0
7213,1823,0,0,0,0,0,0,0,0,0
7214,1823,0,0,0,0,0,0,0,0,0
7215,1823,0,0,0,0,0,0,0,0,0
7216,1823,0,0,0,0,0,0,0,0,0
7217,1823,0,0,0,0,0,0,0,0,0
7218,1823,0,0,0,0,0,0,0,0,0
7219,1823,0,0,0,0,0,0,0,0,0
7220,1823,0,0,0,0,0,0,0,0,0
7221,1823,0,0,0,0,0,0,0,0,0
7222,1823,0,0,0,0,0,0,0,0,0
7223,1823,0,0,0,0,0,0,0,0,0
7224,1823,0,0,1,0,0,0,1,0,0
7225,1823,0,0,0,0,0,0,0,0,0
7226,1823,0,0,0,0,0,0,0,0,0
7227,1823,0,0,0,0,0,0,0,0,0
7228,1823,0,0,0,0,0,0,0,0,0
7229,1823,0,0,0,0,0,0,0,0,0
7230,1823,0,0,0,0,0,0,0,0,0
7231,1823,0,0,0,0,0,0,0,0,0
7232,1823,0,0,0,0,0,0,0,0,0
7233,1823,0,0,0,0,0,0,0,0,0
7234,1823,0,0,0,0,0,0,0,0,0
7235,1823,0,0,0,1,0,0,0,0,0
7236,1823,0,0,0,0,0,0,0,0,0
7237,1823,0,0,0,0,0,0,0,0,0
7238,1823,0,0,0,0,0,0,0,0,0
7239,1823,0,0,0,0,0,0,0,0,0
7240,1823,0,0,0,0,0,0,1,0,0
7241,1823,0,0,0,0,0,0,0,0,0
7242,1823,0,0,0,0,0,0,0,0,0
7243,1823,0,0,0,0,0,0,0,0,0
7244,1823,0,0,0,0,0,0,0,0,0
7245,1823,0,0,0,0,0,0,0,0,0
7246,1823,0,0,0,0,0,0,0,0,0
7247,1823,0,0,0,0,0,0,1,0,0
7248,1823,0,0,0,0,0,0,0,0,0
7249,1823,0,0,0,0,0,0,0,0,0
7250,1823,0,0,0,0,0,0,0,0,0
7251,1823,0,0,0,0,0,0,0,0,0
7252,1823,0,0,0,0,0,0,0,0,0
7253,1823,0,0,0,0,0,0,0,0,0
7254,1823,0,0,0,0,0,0,0,0,0
7255,1823,0,0,0,0,0,0,0,0,0
7256,1823,0,0,0,0,0,0,0,0,0
7257,1823,0,0,0,0,0,0,0,0,0
7258,1823,0,0,0,0,0,0,0,0,0
7259,1823,0,0,0,0,0,0,0,0,0
7260,1823,0,0,0,0,0,0,1,0,0
7261,1823,0,0,0,0,0,0,0,0,0
7262,1823,0,0,0,0,0,0,0,0,0
7263,1823,0,0,0,0,0,0,0,0,0
7264,1823,0,0,0,0,0,0,0,0,0
7265,1823,0,0,0,0,0,0,0,0,0
7266,1823,0,0,0,0,0,0,0,0,0
7267,1823,0,0,0,0,0,0,0,0,0
7268,1823,0,0,0,0,0,0,0,0,0
7269,1823,0,0,0,0,0,0,0,0,0
7270,1823,0,0,0,0,0,0,0,0,0
7271,1823,0,0,0,0,0,0,0,0,0
7272,1823,0,0,0,0,0,0,0,0,0
7273,1823,0,0,0,0,0,0,0,0,0
7274,1823,0,0,0,0,0,0,0,0,0
7275,1823,0,0,0,1,0,0,0,0,0
7276,1823,0,0,0,0,0,0,0,0,0
7277,1823,0,0,0,0,0,0,0,0,0
7278,1823,0,0,0,0,0,0,0,0,0
7279,1823,0,0,0,0,0,0,0,0,0
7280,1823,0,0,0,0,0,0,0,0,0
7281,1823,0,0,1,0,0,0,0,0,0
7282,1823,0,0,0,1,0,0,0,0,0
7283,1823,0,0,0,0,0,0,0,0,0
7284,1823,0,0,0,0,0,0,0,0,0
7285,1823,0,0,0,0,0,0,0,0,0
7286,1823,0,0,0,0,0,0,0,0,0
7287,1823,0,0,0,0,0,0,0,0,0
7288,1823,0,0,0,0,0,0,0,0,0
7289,1823,0,0,0,0,0,0,0,0,0
7290,1823,0,0,0,0,0,0,0,0,0
7291,1823,0,0,0,0,0,0,0,0,0
7292,1823,0,0,0,0,0,0,0,0,0
7293,1823,0,0,0,0,0,0,0,0,0
7294,1823,0,0,0,0,0,0,0,0,0
7295,1823,0,0,0,0,0,0,0,0,0
7296,1823,0,0,0,0,0,0,0,0,0
7297,1823,0,0,0,0,0,0,0,0,0
7298,1823,0,0,0,0,0,0,0,0,0
7299,1823,0,0,0,0,0,1,0,0,0
7300,1823,0,0,0,0,0,0,0,0,0
7301,1823,0,0,0,0,0,0,0,0,0
7302,1823,0,0,1,0,0,0,0,0,0
7303,1823,0,0,0,0,0,0,0,0,0
7304,1823,0,0,0,0,0,0,0,0,0
7305,1823,0,0,0,0,0,0,0,0,0
7306,1823,0,0,0,0,0,0,0,0,0
7307,1823,1,0,0,0,0,0,0,0,0
7308,1823,0,0,0,0,0,0,0,0,0
7309,1823,0,0,0,0,0,0,0,0,0
7310,1823,0,0,0,0,0,0,0,0,0
7311,1823,0,0,0,0,0,0,0,0,0
7312,1823,0,0,0,0,0,0,0,0,0
7313,1823,0,0,0,0,0,0,0,0,0
7314,1823,0,0,0,0,0,0,0,0,0
7315,1823,0,0,0,0,0,0,0,0,0
7316,1823,0,0,0,0,0,0,0,0,0
7317,1823,0,0,0,0,0,0,0,0,0
7318,1823,0,0,0,0,0,0,0,0,0
7319,1823,0,0,0,0,0,0,1,0,0
7320,1823,0,0,0,0,0,0,0,0,0
7321,1823,0,0,0,0,0,0,0,0,0
7322,1823,0,0,0,0,0,0,0,0,0
7323,1823,0,0,0,0,0,0,0,0,0
7324,1823,0,0,0,0,0,0,0,0,0
7325,1823,0,0,1,0,0,0,0,0,0
7326,1823,0,0,0,0,0,0,0,0,0
7327,1823,0,0,0,0,0,0,0,0,0
7328,1823,0,0,0,0,0,0,0,0,0
7329,1823,0,0,0,0,0,0,0,0,0
7330,1823,0,0,0,0,0,0,0,0,0
7331,1823,0,0,0,0,0,0,0,0,0
7332,1823,0,0,0,0,0,0,0,0,0
7333,1823,0,0,0,0,0,0,0,0,0
7334,1823,0,0,0,0,0,0,0,0,0
7335,1823,0,0,0,0,0,0,0,0,0
7336,1823,0,0,0,0,0,0,0,0,0
7337,1823,0,0,0,0,0,0,0,0,0
7338,1823,0,0,0,0,0,0,0,0,0
7339,1823,0,0,0,1,0,0,0,0,0
7340,1823,0,0,0,0,0,0,0,0,0
7341,1823,0,0,0,0,0,0,0,0,0
7342,1823,0,0,0,0,0,0,0,0,0
7343,1823,0,0,0,0,0,0,0,0,0
7344,1823,0,0,0,0,0,1,0,0,0
7345,1823,0,0,0,0,0,0,0,0,0
7346,1823,0,0,1,0,0,0,0,0,0
7347,1823,0,0,0,0,0,0,0,0,0
7348,1823,0,0,0,0,0,0,0,0,0
7349,1823,0,0,0,0,0,0,0,0,0
7350,1823,0,0,0,0,0,0,0,0,0
7351,1823,0,0,0,0,0,0,0,0,0
7352,1823,0,0,0,0,0,0,0,0,0
7353,1823,0,0,0,0,0,0,0,0,0
7354,1823,0,0,0,0,0,0,0,0,0
7355,1823,0,0,0,0,0,0,0,0,0
7356,1823,0,0,0,0,0,0,0,0,0
7357,1823,0,0,0,0,0,0,0,0,0
7358,1823,0,0,0,0,0,0,0,0,0
7359,1823,0,0,0,0,0,0,0,0,0
7360,1823,0,0,0,0,0,0,0,0,0
7361,1823,0,0,0,0,0,0,0,0,0
7362,1823,0,0,0,0,0,0,0,0,0
7363,1823,0,0,0,0,0,0,0,0,0
7364,1823,0,0,0,0,0,0,0,0,0
7365,1823,0,0,0,0,0,0,0,0,0
7366,1823,0,0,0,0,0,0,0,0,0
7367,1823,0,0,0,0,0,0,0,0,0
7368,1823,0,0,0,0,0,0,0,0,0
7369,1823,0,0,0,0,0,0,0,0,0
7370,1823,0,0,0,0,0,0,0,0,0
7371,1823,0,0,0,0,0,0,0,0,0
7372,1823,0,0,0,0,0,0,0,0,0
7373,1823,0,0,0,0,0,0,0,0,0
7374,1823,0,0,0,0,0,0,0,0,0
7375,1823,0,0,0,0,0,0,0,0,0
7376,1823,0,0,0,0,0,0,0,0,0
7377,1823,0,0,0,0,0,0,0,0,0
7378,1823,0,0,0,0,0,0,0,0,0
7379,1823,0,0,0,0,0,0,0,0,0
7380,1823,0,0,0,0,0,0,0,0,0
7381,1823,0,0,0,0,0,0,0,0,0
7382,1823,0,0,0,0,0,0,0,0,0
7383,1823,0,0,0,0,0,0,0,0,0
7384,1823,0,0,0,0,0,0,0,0,0
7385,1823,0,0,0,0,0,0,0,0,0
7386,1823,0,0,0,0,0,0,0,0,0
7387,1823,0,0,0,0,0,0,0,0,0
7388,1823,0,0,0,0,0,0,0,0,0
7389,1823,0,0,0,0,0,0,0,0,0
7390,1823,0,0,0,0,0,0,0,0,0
7391,1823,0,0,0,0,0,0,0,0,0
7392,1823,0,0,0,0,0,0,0,0,0
7393,1823,0,0,0,0,0,0,0,0,0
7394,1823,0,0,0,0,0,0,0,0,0
7395,1823,0,0,0,0,0,0,0,0,0
7396,1823,0,0,0,0,0,0,0,0,0
7397,1823,0,0,0,0,0,0,0,0,0
7398,1823,0,0,0,0,0,0,0,0,0
7399,1823,0,0,0,0,0,0,0,0,0
7400,1823,0,0,0,0,0,0,0,0,0
7401,1823,0,0,0,0,0,0,0,0,0
7402,1823,0,0,0,0,0,0,0,0,0
7403,1823,0,0,0,0,0,0,0,0,0
7404,1823,0,0,0,0,0,0,0,0,0
7405,1823,0,0,0,0,0,0,0,0,0
7406,1823,0,0,0,0,0,0,0,0,0
7407,1823,0,0,0,0,0,0,0,0,0
7408,1823,0,0,0,0,0,0,0,0,0
7409,1823,0,0,0,0,0,0,0,0,0
7410,1823,0,0,0,0,0,0,0,0,0
7411,1823,0,0,0,0,0,0,0,0,0
7412,1823,0,0,0,0,0,0,0,0,0
7413,1823,0,0,0,0,0,0,0,0,0
7414,1823,0,0,0,0,0,0,0,0,0
7415,1823,0,0,0,0,0,0,0,0,0
7416,1823,0,0,0,0,0,0,0,0,0
7417,1823,0,0,0,0,0,0,0,0,0
7418,1823,0,0,0,0,0,0,0,0,0
7419,1823,0,0,0,0,0,0,0,0,0
7420,1823,0,0,0,0,0,0,0,0,0
7421,1823,0,0,0,0,0,0,0,0,0
7422,1823,0,0,0,0,0,0,0,0,0
7423,1823,0,0,0,0,0,0,0,0,0
7424,1823,0,0,0,0,0,0,0,0,0
7425,1823,0,0,0,0,0,0,0,0,0
7426,1823,0,0,0,0,0,0,0,0,0
7427,1823,0,0,0,0,0,0,0,0,0
7428,1823,0,0,0,0,0,0,0,0,0
7429,1823,0,0,0,0,0,0,0,0,0
7430,1823,0,0,0,0,0,0,0,0,0
7431,1823,0,0,0,0,0,0,0,0,0
7432,1823,0,0,0,0,0,0,0,0,0
7433,1823,0,0,0,0,0,0,0,0,0
7434,1823,0,0,0,0,0,0,0,0,0
7435,1823,0,0,0,0,0,0,0,0,0
7436,1823,0,0,0,0,0,0,0,0,0
7437,1823,0,0,0,0,0,0,0,0,0
7438,1823,0,0,0,0,0,0,0,0,0
7439,1823,0,0,1,0,0,0,0,0,0
7440,1823,0,0,0,0,0,0,0,0,0
7441,1823,0,0,0,0,0,0,0,0,0
7442,1823,0,0,0,0,0,0,0,0,0
7443,1823,0,0,0,0,0,0,0,0,0
7444,1823,0,0,0,0,0,0,0,0,0
7445,1823,0,0,0,0,0,0,0,0,0
7446,1823,0,0,0,0,0,0,0,0,1
7447,1823,0,0,1,0,0,0,0,0,0
7448,1823,0,0,0,0,0,0,0,0,0
7449,1823,0,0,0,0,0,0,0,0,0
7450,1823,0,0,0,0,0,0,0,0,0
7451,1823,0,0,0,0,0,0,0,0,0
7452,1823,0,0,0,0,0,0,0,0,0
7453,1823,0,0,0,0,0,0,0,0,0
7454,1823,0,0,0,1,0,0,0,0,0
7455,1823,0,0,0,0,0,0,0,0,0
7456,1823,0,0,0,0,0,0,0,0,0
7457,1823,0,0,0,0,0,0,0,0,0
7458,1823,0,0,0,0,0,0,0,0,0
7459,1823,0,0,0,0,0,0,0,0,0
7460,1823,0,0,0,0,0,0,0,0,0
7461,1823,0,0,0,0,0,0,0,0,0
7462,1823,0,0,0,0,0,0,0,0,0
7463,1823,0,0,0,0,0,0,0,0,0
7464,1823,0,0,0,0,0,0,0,0,0
7465,1823,0,0,0,0,0,0,0,0,0
7466,1823,0,0,0,0,0,0,0,0,0
7467,1823,0,0,0,0,0,0,0,0,0
7468,1823,0,0,1,0,0,0,0,0,0
7469,1823,0,0,0,0,0,0,0,0,0
7470,1823,0,0,0,0,0,0,0,0,0
7471,1823,0,0,0,0,0,0,0,0,0
7472,1823,0,0,0,0,0,0,0,0,0
7473,1823,0,0,0,0,0,0,0,0,0
7474,1823,0,0,0,0,0,0,0,0,0
7475,1823,0,0,0,0,0,0,0,0,0
7476,1823,0,0,1,0,0,0,0,0,0
7477,1823,0,0,0,0,0,0,0,0,0
7478,1823,0,0,0,0,0,0,0,0,0
7479,1823,0,0,0,0,0,0,0,0,0
7480,1823,0,0,0,0,0,0,0,0,0
7481,1823,0,0,0,0,0,0,0,0,0
7482,1823,0,0,0,0,0,0,0,0,0
7483,1823,0,0,0,0,0,0,0,0,0
7484,1823,0,0,0,0,0,0,1,0,0
7485,1823,0,0,0,0,0,0,0,0,0
7486,1823,0,0,0,0,0,0,0,0,0
7487,1823,0,0,0,0,0,0,0,0,0
7488,1823,0,0,0,0,0,0,0,0,0
7489,1823,0,0,0,1,0,0,0,0,0
7490,1823,0,0,0,0,0,0,0,0,0
7491,1823,0,0,0,0,0,0,0,0,0
7492,1823,0,0,0,1,0,0,0,0,0
7493,1823,0,0,0,0,0,0,0,0,0
7494,1823,0,0,0,0,0,0,0,0,0
7495,1823,0,0,0,0,0,0,0,0,0
7496,1823,0,0,0,0,0,0,0,0,0
7497,1823,0,0,0,0,0,0,0,0,0
7498,1823,0,0,0,0,0,0,0,0,0
7499,1823,0,0,0,0,0,0,0,0,0
7500,1823,0,0,0,0,0,0,0,0,0
7501,1823,0,0,0,0,0,0,0,0,0
7502,1823,0,0,0,0,0,0,0,0,0
7503,1823,0,0,0,0,0,0,0,0,0
7504,1823,0,0,0,0,0,0,0,0,0
7505,1823,0,0,0,0,0,0,0,0,0
7506,1823,0,0,0,0,0,0,0,0,0
7507,1823,0,0,0,0,0,0,0,0,0
7508,1823,0,0,0,0,0,0,0,0,0
7509,1823,0,0,0,0,0,0,0,0,0
7510,1823,0,0,0,0,0,0,0,0,0
7511,1823,0,0,0,0,0,0,0,0,0
7512,1823,0,0,0,0,0,0,0,0,0
7513,1823,0,0,0,0,0,0,0,0,0
7514,1823,0,0,0,0,0,0,0,0,0
7515,1823,0,0,0,0,0,0,0,0,0
7516,1823,0,0,0,0,0,0,0,0,0
7517,1823,0,0,0,0,0,0,0,0,0
7518,1823,0,0,0,0,0,0,0,0,0
7519,1823,0,0,0,0,0,0,0,0,0
7520,1823,0,0,0,0,0,0,0,0,0
7521,1823,0,0,0,0,0,0,0,0,0
7522,1823,0,0,0,0,0,0,0,0,0
7523,1823,0,0,0,0,0,0,0,0,0
7524,1823,0,0,0,0,0,0,0,0,0
7525,1823,0,0,0,0,0,0,0,0,0
7526,1823,0,0,0,0,0,0,0,0,0
7527,1823,0,0,0,0,0,0,0,0,0
7528,1823,0,0,0,0,0,0,0,0,0
7529,1823,0,0,0,0,0,1,0,0,0
7530,1823,0,0,0,0,0,0,0,0,0
7531,1823,0,0,0,0,0,0,0,0,0
7532,1823,0,0,0,0,0,0,0,0,0
7533,1823,0,0,0,0,0,0,0,0,0
7534,1823,0,0,0,0,0,0,0,0,0
7535,1823,0,0,0,0,0,0,0,0,0
7536,1823,0,0,0,0,0,0,0,0,0
7537,1823,0,0,0,0,0,0,0,0,0
7538,1823,0,0,0,0,0,0,0,0,0
7539,1823,0,0,0,0,0,0,0,0,0
7540,1823,0,0,0,0,0,0,0,0,0
7541,1823,0,0,0,0,0,0,0,0,0
7542,1823,0,0,0,0,0,0,0,0,0
7543,1823,0,0,0,0,0,0,0,0,0
7544,1823,0,0,0,0,0,0,0,0,0
7545,1823,0,0,0,0,0,0,0,0,0
7546,1823,0,0,0,0,0,0,0,0,0
7547,1823,0,0,0,0,0,0,0,0,0
7548,1823,0,0,0,0,0,0,0,0,0
7549,1823,0,0,1,0,0,0,0,0,0
7550,1823,0,0,0,0,0,0,0,0,0
7551,1823,0,0,0,0,0,0,0,0,0
7552,1823,0,0,0,0,0,0,0,0,0
7553,1823,0,0,0,0,0,0,0,0,0
7554,1823,0,0,0,0,0,0,0,0,0
7555,1823,0,0,0,0,0,0,0,0,0
7556,1823,0,0,0,0,0,0,0,0,0
7557,1823,0,0,0,0,0,0,0,0,0
7558,1823,0,0,0,0,0,0,0,0,0
7559,1823,0,0,0,0,0,0,0,0,0
7560,1823,0,0,0,0,0,0,0,0,0
7561,1823,0,0,0,0,0,0,0,0,0
7562,1823,0,0,0,0,0,0,0,0,0
7563,1823,0,0,0,0,0,0,0,0,0
7564,1823,0,0,0,0,0,0,0,0,0
7565,1823,0,0,0,0,0,0,0,0,0
7566,1823,0,0,0,0,0,0,0,0,0
7567,1823,0,0,0,0,0,0,0,0,0
7568,1823,0,0,0,0,0,0,0,0,0
7569,1823,0,0,0,0,0,0,0,0,0
7570,1823,0,0,0,0,0,0,0,0,0
7571,1823,0,0,0,1,0,0,0,0,0
7572,1823,0,0,0,0,0,0,0,0,0
7573,1823,0,0,0,0,0,0,0,0,0
7574,1823,0,0,0,0,0,0,0,0,0
7575,1823,0,0,0,0,0,0,1,0,0
7576,1823,0,0,0,0,0,0,0,0,0
7577,1823,0,0,0,0,0,0,0,0,0
7578,1823,0,0,0,0,0,0,0,0,0
7579,1823,0,0,0,0,0,0,0,0,0
7580,1823,0,0,0,0,0,0,0,0,0
7581,1823,0,0,1,0,0,0,0,0,0
7582,1823,0,0,0,0,0,0,0,0,0
7583,1823,0,0,0,0,0,0,0,0,0
7584,1823,0,0,0,0,0,0,0,0,0
7585,1823,0,0,0,0,0,0,0,0,0
7586,1823,0,0,0,0,0,0,0,0,0
7587,1823,0,0,0,0,0,0,0,0,0
7588,1823,0,0,0,0,0,0,0,0,0
7589,1823,0,0,0,0,0,0,0,0,0
7590,1823,0,0,0,0,0,0,0,0,0
7591,1823,0,0,0,0,0,0,0,0,0
7592,1823,0,0,0,0,0,0,0,0,0
7593,1823,0,0,0,0,0,0,0,0,0
7594,1823,0,0,0,0,0,0,0,0,0
7595,1823,0,0,0,0,0,0,0,0,0
7596,1823,0,0,0,0,0,0,0,0,0
7597,1823,0,0,0,0,0,0,0,0,0
7598,1823,0,0,0,0,0,0,0,0,0
7599,1823,0,0,0,0,0,0,0,0,0
7600,1823,0,0,0,0,0,0,0,0,0
7601,1823,0,0,0,0,0,0,0,0,0
7602,1823,0,0,0,0,0,0,0,0,0
7603,1823,0,0,0,0,0,0,0,0,0
7604,1823,0,0,0,0,0,0,0,0,0
7605,1823,0,0,0,0,0,0,0,0,0
7606,1823,0,0,0,0,0,0,0,0,0
7607,1823,0,0,0,0,0,0,0,0,0
7608,1823,0,0,0,0,0,0,0,0,0
7609,1823,0,0,0,0,0,0,0,0,0
7610,1823,0,0,0,0,0,0,0,0,0
7611,1823,0,0,0,0,0,0,0,0,0
7612,1823,0,0,0,0,0,0,0,0,0
7613,1823,0,0,0,0,0,0,0,0,0
7614,1823,0,0,0,0,0,0,0,0,0
7615,1823,0,0,0,0,0,0,0,0,0
7616,1823,0,0,0,0,0,0,0,0,0
7617,1823,0,0,0,0,0,0,0,0,0
7618,1823,0,0,0,0,0,0,0,0,0
7619,1823,0,0,0,0,0,0,1,0,0
7620,1823,0,0,0,0,0,0,0,0,0
7621,1823,0,0,0,0,0,0,0,0,0
7622,1823,0,0,0,0,0,0,0,0,0
7623,1823,0,0,0,0,0,0,0,0,0
7624,1823,0,0,0,0,0,0,0,0,0
7625,1823,0,0,0,0,0,0,0,0,0
7626,1823,0,0,0,0,0,0,0,0,0
7627,1823,0,0,0,0,0,0,0,0,0
7628,1823,0,0,0,0,0,0,0,0,0
7629,1823,0,0,0,0,0,0,0,0,0
7630,1823,0,0,0,0,0,0,0,0,0
7631,1823,0,0,0,0,0,0,0,0,0
7632,1823,0,0,0,0,0,0,0,0,0
7633,1823,0,0,0,0,0,0,0,0,0
7634,1823,0,0,0,0,0,0,0,0,0
7635,1823,0,0,0,0,0,0,0,0,0
7636,1823,1,0,0,0,0,0,0,0,0
7637,1823,0,0,0,0,0,0,0,0,0
7638,1823,0,0,0,0,0,0,0,0,0
7639,1823,0,0,0,0,0,0,0,0,0
7640,1823,0,0,0,0,0,0,0,0,0
7641,1823,0,0,0,0,0,0,0,0,0
7642,1823,0,0,0,0,0,0,0,0,0
7643,1823,0,0,0,0,0,0,0,0,0
7644,1823,0,0,0,0,0,0,0,0,0
7645,1823,0,0,0,0,0,0,0,0,0
7646,1823,0,0,0,0,0,0,0,0,0
7647,1823,0,0,0,0,0,0,0,0,0
7648,1823,0,0,0,0,0,0,0,0,0
7649,1823,0,0,0,0,0,0,1,0,0
7650,1823,0,0,0,0,0,0,0,0,0
7651,1823,0,0,0,0,0,0,0,0,0
7652,1823,0,0,0,0,0,0,0,0,0
7653,1823,0,0,0,0,0,0,0,0,0
7654,1823,0,0,0,0,0,0,0,0,0
7655,1823,0,0,0,0,0,0,0,0,0
7656,1823,0,0,0,0,0,0,0,0,0
7657,1823,0,0,0,0,0,0,0,0,0
7658,1823,0,0,0,0,0,0,0,0,0
7659,1823,0,0,0,0,0,0,0,0,0
7660,1823,0,0,0,0,0,0,0,0,0
7661,1823,1,0,0,0,0,0,0,0,0
7662,1823,0,0,0,0,0,0,0,0,0
7663,1823,0,0,0,0,0,0,0,0,0
7664,1823,0,0,0,0,0,0,0,0,0
7665,1823,0,0,0,0,0,0,0,0,0
7666,1823,0,0,0,0,0,0,0,0,0
7667,1823,0,0,0,1,0,0,0,0,0
7668,1823,0,0,0,0,0,0,0,0,0
7669,1823,0,0,0,0,0,0,0,0,0
7670,1823,0,0,0,0,0,0,0,0,0
7671,1823,0,0,0,0,0,0,0,0,0
7672,1823,0,0,0,0,0,0,0,0,0
7673,1823,0,0,0,0,0,0,0,0,0
7674,1823,0,0,0,0,0,0,0,0,0
7675,1823,0,0,0,0,0,0,0,0,0
7676,1823,0,0,0,0,0,0,0,0,0
7677,1823,0,0,0,0,0,0,0,0,0
7678,1823,0,0,0,0,0,0,0,0,0
7679,1823,0,0,0,0,0,0,0,0,0
7680,1823,0,0,0,0,0,0,0,0,0
7681,1823,0,0,0,0,0,0,0,0,0
7682,1823,0,0,0,0,0,0,0,0,0
7683,1823,0,0,0,0,0,0,0,0,0
7684,1823,0,0,0,0,0,0,0,0,0
7685,1823,0,0,0,0,0,0,0,0,0
7686,1823,0,0,0,0,0,0,0,0,0
7687,1823,0,0,0,0,0,0,0,0,0
7688,1823,0,0,0,0,0,0,0,0,0
7689,1823,0,0,0,0,0,0,0,0,0
7690,1823,0,0,0,0,0,0,0,0,0
7691,1823,0,0,0,0,0,0,0,0,0
7692,1823,0,0,0,0,0,0,0,0,0
7693,1823,0,0,0,0,0,0,0,0,0
7694,1823,0,0,0,0,0,1,0,0,0
7695,1823,0,0,0,0,0,0,0,0,0
7696,1823,0,0,0,0,0,0,0,0,0
7697,1823,0,0,0,0,0,0,1,0,0
7698,1823,0,0,0,0,0,0,0,0,0
7699,1823,0,0,0,0,0,0,0,0,0
7700,1823,0,0,0,0,0,0,0,0,0
7701,1823,0,0,0,0,0,0,0,0,0
7702,1823,0,0,0,0,0,0,0,0,0
7703,1823,0,0,0,0,0,0,0,0,0
7704,1823,0,0,0,0,0,0,0,0,0
7705,1823,0,0,0,0,0,0,0,0,0
7706,1823,0,0,0,0,0,0,0,0,0
7707,1823,0,0,0,0,0,0,0,0,0
7708,1823,0,0,0,0,0,0,0,0,0
7709,1823,0,0,0,0,0,0,0,0,0
7710,1823,0,0,0,0,0,0,0,0,0
7711,1823,0,0,0,0,0,0,0,0,0
7712,1823,0,0,1,0,0,0,0,0,0
7713,1823,0,0,0,0,0,0,0,0,0
7714,1823,1,0,0,0,0,0,0,0,0
7715,1823,0,0,0,0,0,0,0,0,0
7716,1823,0,0,0,0,0,0,0,0,0
7717,1823,0,0,0,0,0,0,0,0,0
7718,1823,0,0,0,0,0,0,0,0,0
7719,1823,0,0,0,0,0,0,0,0,0
7720,1823,0,0,0,0,0,0,0,0,0
7721,1823,0,0,0,0,0,0,0,0,0
7722,1823,0,0,0,0,0,0,1,0,0
7723,1823,0,0,0,0,0,0,0,0,0
7724,1823,0,0,0,0,0,0,0,0,0
7725,1823,0,0,0,0,0,0,0,0,0
7726,1823,0,0,0,0,0,0,0,0,0
7727,1823,0,0,0,0,0,0,0,0,0
7728,1823,0,0,0,0,0,0,0,0,0
7729,1823,0,0,0,0,0,0,0,0,0
7730,1823,0,0,0,0,0,0,0,0,0
7731,1823,0,0,0,0,0,0,0,0,0
7732,1823,0,0,0,0,0,0,0,0,0
7733,1823,0,0,0,0,0,0,0,0,0
7734,1823,0,0,0,0,0,0,1,0,0
7735,1823,0,0,0,0,0,0,0,0,0
7736,1823,0,0,0,0,0,0,0,0,0
7737,1823,0,0,0,0,0,0,0,0,0
7738,1823,0,0,0,0,0,0,0,0,0
7739,1823,0,0,0,0,0,0,0,0,0
7740,1823,0,0,0,0,0,0,0,0,0
7741,1823,0,0,0,0,0,1,0,0,0
7742,1823,0,0,0,0,0,0,0,0,0
7743,1823,0,0,0,0,0,0,0,0,0
7744,1823,0,0,0,0,0,0,0,0,0
7745,1823,0,0,0,0,0,0,0,0,0
7746,1823,0,0,1,0,0,0,0,0,0
7747,1823,0,0,0,0,0,0,0,0,0
7748,1823,0,0,0,0,0,0,0,0,0
7749,1823,0,0,0,0,0,0,0,0,0
7750,1823,0,0,0,0,0,0,0,0,0
7751,1823,0,0,0,0,0,0,0,0,0
7752,1823,0,0,0,0,0,0,0,0,0
7753,1823,0,0,0,0,0,0,0,0,0
7754,1823,0,0,0,0,0,0,0,0,0
7755,1823,0,0,0,0,0,0,0,0,0
7756,1823,0,0,0,0,0,0,0,0,0
7757,1823,0,0,0,0,0,0,0,0,0
7758,1823,0,0,0,0,0,0,0,0,0
7759,1823,0,0,0,0,0,0,0,0,0
7760,1823,0,0,0,0,0,0,0,0,0
7761,1823,1,0,0,0,0,0,0,0,0
7762,1823,0,0,0,0,0,0,0,0,0
7763,1823,0,0,0,0,0,0,0,0,0
7764,1823,0,0,0,0,0,0,0,0,0
7765,1823,0,0,0,0,0,0,0,0,0
7766,1823,0,0,0,0,0,0,0,0,0
7767,1823,0,0,0,0,0,0,0,0,0
7768,1823,0,0,0,0,0,0,0,0,0
7769,1823,0,0,0,0,0,0,0,0,0
7770,1823,0,0,0,0,0,0,0,0,0
7771,1823,0,0,0,0,0,0,0,0,0
7772,1823,0,0,0,0,0,0,0,0,0
7773,1823,0,0,0,0,0,0,0,0,0
7774,1823,0,0,0,0,0,0,0,0,0
7775,1823,0,0,0,0,0,0,0,0,0
7776,1823,0,0,0,0,0,0,0,0,0
7777,1823,0,0,0,0,0,0,0,0,0
7778,1823,0,0,0,0,0,0,0,0,0
7779,1823,0,0,0,0,0,0,0,0,0
7780,1823,0,0,0,0,0,0,0,0,0
7781,1823,0,0,0,0,0,0,0,0,0
7782,1823,0,0,0,0,0,0,0,0,0
7783,1823,0,0,0,0,0,0,0,0,0
7784,1823,0,0,0,0,0,0,0,0,0
7785,1823,0,0,0,0,0,0,0,0,0
7786,1823,0,0,0,0,0,0,0,0,0
7787,1823,0,0,0,0,0,0,0,0,0
7788,1823,0,0,0,0,0,0,0,0,0
7789,1823,0,0,0,0,0,0,0,0,0
7790,1823,0,0,0,0,0,0,0,0,0
7791,1823,0,0,0,0,0,0,0,0,0
7792,1823,0,0,0,0,0,0,0,0,0
7793,1823,0,0,0,0,0,0,0,0,0
7794,1823,0,0,0,0,0,0,0,0,0
7795,1823,0,0,0,0,0,0,0,0,0
7796,1823,0,0,0,0,0,0,0,0,0
7797,1823,0,0,0,0,0,0,0,0,0
7798,1823,0,0,0,0,0,0,0,0,0
7799,1823,0,0,0,0,0,0,1,0,0
7800,1823,0,0,0,0,0,0,0,0,0
7801,1823,0,0,0,0,0,0,1,0,0
7802,1823,0,0,0,0,0,0,0,0,0
7803,1823,0,0,0,0,0,0,1,0,0
7804,1823,0,0,0,0,0,0,0,0,0
7805,1823,0,0,0,0,0,0,0,0,0
7806,1823,0,0,0,0,0,0,0,0,0
7807,1823,0,0,0,0,0,0,0,0,0
7808,1823,0,0,0,0,0,0,0,0,0
7809,1823,0,0,0,0,0,0,0,0,0
7810,1823,0,0,0,0,0,0,0,0,0
7811,1823,0,0,0,0,0,0,0,0,0
7812,1823,0,0,0,0,0,0,0,0,0
7813,1823,0,0,0,0,0,0,0,0,0
7814,1823,0,0,0,0,0,0,0,0,0
7815,1823,0,0,0,0,0,0,0,0,0
7816,1823,0,0,0,0,0,0,0,0,0
7817,1823,0,0,0,0,0,0,0,0,0
7818,1823,0,0,0,0,0,0,0,0,0
7819,1823,0,0,0,0,0,0,0,0,0
7820,1823,0,0,0,0,0,0,0,0,0
7821,1823,0,0,0,0,0,0,0,0,0
7822,1823,0,0,0,0,0,0,0,0,0
7823,1823,0,0,0,0,0,0,0,0,0
7824,1823,0,0,0,0,0,0,0,0,0
7825,1823,0,0,0,0,0,0,0,0,0
7826,1823,0,0,0,0,0,0,0,0,0
7827,1823,0,0,0,0,0,0,1,0,0
7828,1823,0,0,0,0,0,0,0,0,0
7829,1823,0,0,0,0,0,0,0,0,0
7830,1823,0,0,0,0,0,0,0,0,0
7831,1823,0,0,0,0,0,0,0,0,0
7832,1823,0,0,0,0,0,0,0,0,0
7833,1823,0,0,0,0,0,0,0,0,0
7834,1823,0,0,0,0,0,0,0,0,0
7835,1823,0,0,0,0,0,0,0,0,0
7836,1823,0,0,0,0,0,0,0,0,0
7837,1823,0,0,0,0,0,0,0,0,0
7838,1823,0,0,0,0,0,0,0,0,0
7839,1823,0,0,0,0,0,0,0,0,0
7840,1823,0,0,0,0,0,0,0,0,0
7841,1823,0,0,0,1,0,1,0,0,0
7842,1823,0,0,0,0,0,0,0,0,0
7843,1823,0,0,0,0,0,0,0,0,0
7844,1823,0,0,0,0,0,0,0,0,0
7845,1823,0,0,0,0,0,0,0,0,0
7846,1823,0,0,0,0,0,0,0,0,0
7847,1823,0,0,0,0,0,0,0,0,0
7848,1823,0,0,0,0,0,0,0,0,0
7849,1823,0,0,0,0,0,0,0,0,0
7850,1823,0,0,0,0,0,0,0,0,0
7851,1823,0,0,0,0,0,0,1,0,0
7852,1823,0,0,0,0,0,0,0,0,0
7853,1823,0,0,0,0,0,0,0,0,0
7854,1823,0,0,0,0,0,0,0,0,0
7855,1823,0,0,0,0,0,0,0,0,0
7856,1823,0,0,0,1,0,0,0,0,0
7857,1823,0,0,0,0,0,0,0,0,0
7858,1823,0,0,0,0,0,0,0,0,0
7859,1823,0,0,0,0,0,0,0,0,0
7860,1823,0,0,0,0,0,0,0,0,0
7861,1823,0,0,0,0,0,0,0,0,0
7862,1823,0,0,0,0,0,0,0,0,0
7863,1823,0,0,0,0,0,0,0,0,0
7864,1823,0,0,0,0,0,0,0,0,0
7865,1823,0,0,0,0,0,0,0,0,0
7866,1823,0,0,0,0,0,0,0,0,0
7867,1823,0,0,0,0,0,0,0,0,0
7868,1823,0,0,0,0,0,0,0,0,0
7869,1823,0,0,0,0,0,0,0,0,0
7870,1823,0,0,0,0,0,0,0,0,0
7871,1823,0,0,0,0,0,0,0,0,0
7872,1823,0,0,0,0,0,0,0,0,0
7873,1823,0,0,0,0,0,0,0,0,0
7874,1823,0,0,0,0,0,0,0,0,0
7875,1823,0,0,0,0,0,0,0,0,0
7876,1823,0,0,0,0,0,1,0,0,0
7877,1823,0,0,0,0,0,0,0,0,0
7878,1823,0,0,0,0,0,0,0,0,0
7879,1823,0,0,0,0,0,0,0,0,0
7880,1823,0,0,0,0,0,0,0,0,0
7881,1823,0,0,0,0,0,0,0,0,0
7882,1823,0,0,0,0,0,0,0,0,0
7883,1823,0,0,0,0,0,0,0,0,0
7884,1823,0,0,0,0,0,0,0,0,0
7885,1823,0,0,0,0,0,0,0,0,0
7886,1823,0,0,0,0,0,0,0,0,0
7887,1823,0,0,0,0,0,0,0,0,0
7888,1823,0,0,0,0,0,0,0,0,0
7889,1823,0,0,0,0,0,0,0,0,0
7890,1823,0,0,0,0,0,0,0,0,0
7891,1823,0,0,0,0,0,0,0,0,0
7892,1823,0,0,0,0,0,0,0,0,0
7893,1823,0,0,0,0,0,0,0,0,0
7894,1823,0,0,0,0,0,0,0,0,0
7895,1823,0,0,0,0,0,0,0,0,0
7896,1823,0,0,0,0,0,0,0,0,0
7897,1823,0,0,0,0,0,0,0,0,0
7898,1823,0,0,0,0,0,0,0,0,0
7899,1823,0,0,0,0,0,0,0,0,0
7900,1823,0,0,0,0,0,0,0,0,0
7901,1823,0,0,0,0,0,0,0,0,0
7902,1823,0,0,0,0,0,0,0,0,0
7903,1823,0,0,0,0,0,0,0,0,0
7904,1823,0,0,0,0,0,0,0,0,0
7905,1823,0,0,0,0,0,0,0,0,0
7906,1823,0,0,0,0,0,0,0,0,0
7907,1823,0,0,0,0,0,0,0,0,0
7908,1823,0,0,0,0,0,0,0,0,0
7909,1823,0,0,0,0,0,0,0,0,0
7910,1823,0,0,0,0,0,0,0,0,0
7911,1823,0,0,0,0,0,0,0,0,0
7912,1823,0,0,0,0,0,0,0,0,0
7913,1823,0,0,0,0,0,0,0,0,0
7914,1823,0,0,0,0,0,0,0,0,0
7915,1823,0,0,0,0,0,0,0,0,0
7916,1823,0,0,0,0,0,0,0,0,0
7917,1823,0,0,0,0,0,0,0,0,0
7918,1823,0,0,0,0,0,0,0,0,0
7919,1823,0,0,0,0,0,0,0,0,0
7920,1823,0,0,0,0,0,0,0,0,0
7921,1823,0,0,0,0,0,0,0,0,0
7922,1823,0,0,0,0,0,0,0,0,0
7923,1823,0,0,0,0,0,0,0,0,0
7924,1823,0,0,0,0,0,0,0,0,0
7925,1823,0,0,0,0,0,0,0,0,0
7926,1823,0,0,0,0,0,0,0,0,0
7927,1823,0,0,0,0,0,0,0,0,0
7928,1823,0,0,0,0,0,0,0,0,0
7929,1823,0,0,0,0,0,0,0,0,0
7930,1823,0,0,0,0,0,0,0,0,0
7931,1823,0,0,0,0,0,0,0,0,0
7932,1823,0,0,0,0,0,0,1,0,0
7933,1823,0,0,0,0,0,0,0,0,0
7934,1823,0,0,0,0,0,0,0,0,0
7935,1823,0,0,0,0,0,0,0,0,0
7936,1823,0,0,0,0,0,0,0,0,0
7937,1823,0,0,0,0,0,0,0,0,0
7938,1823,0,0,0,0,0,0,0,0,0
7939,1823,0,0,0,0,0,0,0,0,0
7940,1823,0,0,0,0,0,0,0,0,0
7941,1823,0,0,0,0,0,0,0,0,0
7942,1823,0,0,0,0,0,0,0,0,0
7943,1823,0,0,0,0,0,0,0,0,0
7944,1823,0,0,0,0,0,0,0,0,0
7945,1823,0,0,0,0,0,0,0,0,0
7946,1823,0,0,0,0,0,0,0,0,0
7947,1823,0,0,0,0,0,0,0,0,0
7948,1823,0,0,0,0,0,0,0,0,0
7949,1823,0,0,0,0,0,0,0,0,0
7950,1823,0,0,0,0,0,0,0,0,0
7951,1823,0,0,0,0,0,0,0,0,0
7952,1823,0,0,0,0,0,0,0,0,0
7953,1823,0,0,0,0,0,0,0,0,0
7954,1823,0,0,0,0,0,0,0,0,0
7955,1823,0,0,0,1,0,0,0,0,0
7956,1823,0,0,0,0,0,0,0,0,0
7957,1823,0,0,0,0,0,0,0,0,0
7958,1823,0,0,0,0,0,0,0,0,0
7959,1823,0,0,0,0,0,0,0,0,0
7960,1823,0,0,0,0,0,0,0,0,0
7961,1823,0,0,0,0,0,0,0,0,0
7962,1823,0,0,0,0,0,0,0,0,0
7963,1823,0,0,0,0,0,1,0,0,0
7964,1823,0,0,0,0,0,0,0,0,0
7965,1823,0,0,1,0,0,0,0,0,0
7966,1823,0,0,0,0,0,0,0,0,0
7967,1823,0,0,0,1,0,0,0,0,0
7968,1823,0,0,0,0,0,0,0,0,0
7969,1823,0,0,0,1,0,0,0,0,0
7970,1823,0,0,0,0,0,0,0,0,0
7971,1823,0,0,0,0,0,0,0,0,0
7972,1823,0,0,0,0,0,0,0,0,0
7973,1823,0,0,0,0,0,0,0,0,0
7974,1823,0,0,0,0,0,0,0,0,0
7975,1823,0,0,0,0,0,0,0,0,0
7976,1823,0,0,0,0,0,0,0,0,0
7977,1823,0,0,0,0,0,0,0,0,0
7978,1823,0,0,0,0,0,0,0,0,0
7979,1823,0,0,0,0,0,0,0,0,0
7980,1823,0,0,0,0,0,0,0,0,0
7981,1823,0,0,0,0,0,0,0,0,0
7982,1823,0,0,0,0,0,0,1,0,0
7983,1823,0,0,0,0,0,0,0,0,0
7984,1823,0,0,0,0,0,0,0,0,0
7985,1823,0,0,0,0,0,0,0,0,0
7986,1823,0,0,0,0,0,0,0,0,0
7987,1823,0,0,0,0,0,0,0,0,0
7988,1823,0,0,0,0,0,0,0,0,0
7989,1823,0,0,0,0,0,0,0,0,0
7990,1823,0,0,0,0,0,0,0,0,0
7991,1823,0,0,0,0,0,0,0,0,0
7992,1823,0,0,0,0,0,0,0,0,0
7993,1823,0,0,0,0,0,0,0,0,0
7994,1823,0,0,0,0,0,0,0,0,0
7995,1823,0,0,0,0,0,0,0,0,0
7996,1823,0,0,0,0,0,0,0,0,0
7997,1823,0,0,0,0,0,0,0,0,0
7998,1823,0,0,0,0,0,0,0,0,0
7999,1823,0,0,0,0,0,0,0,0,0
8000,1823,0,0,0,0,0,0,0,0,0
8001,1823,0,0,0,0,0,0,0,0,0
8002,1823,0,0,0,0,0,0,0,0,0
8003,1823,1,0,0,0,0,0,0,0,0
8004,1823,0,0,0,0,0,0,0,0,0
8005,1823,0,0,0,0,0,0,0,0,0
8006,1823,0,0,0,0,0,0,0,0,0
8007,1823,0,0,0,0,0,0,0,0,0
8008,1823,0,0,0,0,0,0,0,0,0
8009,1823,0,0,0,0,0,0,0,0,0
8010,1823,0,0,0,0,0,0,0,0,0
8011,1823,0,0,0,0,0,0,0,0,0
8012,1823,0,0,0,0,0,0,0,0,0
8013,1823,0,0,0,0,0,0,0,0,0
8014,1823,0,0,0,0,0,0,0,0,0
8015,1823,0,0,0,0,0,0,0,0,0
8016,1823,0,0,0,0,0,0,0,0,0
8017,1823,0,0,0,0,0,0,0,0,0
8018,1823,0,0,0,0,0,0,0,0,0
8019,1823,0,0,0,0,0,0,0,0,0
8020,1823,0,0,1,0,0,0,0,0,0
8021,1823,0,0,0,0,0,0,0,0,0
8022,1823,0,0,0,0,0,0,0,0,0
8023,1823,0,0,0,0,0,0,0,0,0
8024,1823,0,0,0,0,0,0,0,0,0
8025,1823,0,0,0,0,0,0,1,0,0
8026,1823,0,0,0,0,0,0,0,0,0
8027,1823,0,0,0,0,0,0,0,0,0
8028,1823,0,0,0,0,0,0,0,0,0
8029,1823,0,0,0,0,0,0,0,0,0
8030,1823,0,0,0,0,0,0,0,0,0
8031,1823,0,0,0,0,0,0,0,0,0
8032,1823,0,0,0,0,0,0,0,0,0
8033,1823,0,0,0,0,0,0,0,0,0
8034,1823,0,0,0,0,0,0,0,0,0
8035,1823,0,0,0,0,0,0,0,0,0
8036,1823,0,0,0,0,0,0,0,0,0
8037,1823,0,0,0,0,0,0,0,0,0
8038,1823,0,0,0,0,0,0,0,0,0
8039,1823,0,0,0,0,0,0,0,0,0
8040,1823,0,0,0,0,0,0,0,0,0
8041,1823,0,0,0,0,0,0,0,0,0
8042,1823,0,0,0,0,0,0,0,0,0
8043,1823,0,0,0,0,0,0,0,0,0
8044,1823,0,0,0,0,0,0,0,0,0
8045,1823,0,0,0,0,0,0,0,0,0
8046,1823,0,0,0,0,0,0,0,0,0
8047,1823,0,0,0,0,0,0,0,0,0
8048,1823,0,0,0,0,0,0,0,0,0
8049,1823,0,0,0,0,0,0,0,0,0
8050,1823,0,0,0,0,0,0,0,0,0
8051,1823,0,0,0,0,0,0,0,0,0
8052,1823,0,0,0,0,0,0,0,0,0
8053,1823,0,0,0,0,0,0,0,0,0
8054,1823,0,0,0,1,0,0,0,0,0
8055,1823,0,0,0,0,0,0,0,0,0
8056,1823,0,0,0,0,0,0,1,0,0
8057,1823,0,0,0,0,0,0,0,0,0
8058,1823,0,0,0,0,0,0,0,0,0
8059,1823,0,0,0,0,0,0,0,0,0
8060,1823,0,0,0,0,0,0,0,0,0
8061,1823,0,0,0,0,0,0,0,0,0
8062,1823,0,0,0,0,0,0,0,0,0
8063,1823,0,0,0,0,0,0,0,0,0
8064,1823,0,0,0,0,0,0,0,0,0
8065,1823,0,0,0,0,0,0,0,0,0
8066,1823,0,0,0,0,0,0,0,0,0
8067,1823,0,0,0,0,0,0,0,0,0
8068,1823,0,0,0,0,0,0,0,0,0
8069,1823,0,0,0,0,0,0,0,0,0
8070,1823,0,0,0,0,0,0,0,0,0
8071,1823,0,0,0,0,0,0,0,0,0
8072,1823,0,0,0,0,0,0,0,0,0
8073,1823,0,0,0,0,0,0,0,0,0
8074,1823,0,0,0,0,0,0,0,0,0
8075,1823,0,0,0,0,0,0,0,0,0
8076,1823,0,0,0,0,0,0,0,0,0
8077,1823,0,0,0,0,0,0,0,0,0
8078,1823,0,0,0,0,0,0,0,0,0
8079,1823,0,0,0,0,0,0,0,0,0
8080,1823,0,0,0,0,0,0,0,0,0
8081,1823,0,0,0,0,0,0,0,0,0
8082,1823,0,0,0,0,0,0,0,0,0
8083,1823,0,0,0,0,0,0,0,0,0
8084,1823,0,0,0,0,0,0,0,0,0
8085,1823,0,0,0,0,0,0,0,0,0
8086,1823,0,0,0,0,0,0,0,0,0
8087,1823,0,0,0,0,0,0,0,0,0
8088,1823,0,0,0,0,0,0,0,0,0
8089,1823,0,0,0,0,0,0,0,0,0
8090,1823,0,0,0,0,0,0,0,0,0
8091,1823,0,0,0,0,0,0,0,0,0
8092,1823,0,0,0,0,0,0,0,0,0
8093,1823,0,0,0,0,0,0,0,0,0
8094,1823,0,0,0,0,0,0,0,0,0
8095,1823,0,0,0,0,0,0,0,0,0
8096,1823,0,0,0,0,0,0,0,0,0
8097,1823,0,0,0,0,0,0,0,0,0
8098,1823,0,0,0,0,0,0,0,0,0
8099,1823,0,0,0,0,0,0,0,0,0
8100,1823,0,0,0,1,0,0,0,0,0
8101,1823,0,0,0,0,0,0,0,0,0
8102,1823,0,0,0,0,0,0,0,0,0
8103,1823,0,0,0,0,0,1,0,0,0
8104,1823,0,0,0,0,0,0,0,0,0
8105,1823,0,0,0,0,0,0,0,0,0
8106,1823,0,0,0,0,0,0,0,0,0
8107,1823,0,0,0,0,0,0,0,0,0
8108,1823,0,0,0,0,0,0,0,0,0
8109,1823,0,0,0,0,0,0,0,0,0
8110,1823,0,0,0,0,0,0,0,0,0
8111,1823,0,0,0,0,0,0,0,0,0
8112,1823,0,0,0,0,0,0,0,0,0
8113,1823,0,0,0,0,0,0,0,0,0
8114,1823,0,0,0,0,0,0,0,0,0
8115,1823,0,0,0,0,0,0,0,0,0
8116,1823,0,0,0,0,0,0,0,0,0
8117,1823,0,0,0,0,0,0,0,0,0
8118,1823,0,0,0,0,0,0,0,0,0
8119,1823,0,0,0,0,0,0,0,0,0
8120,1823,0,0,0,0,0,0,0,0,0
8121,1823,1,0,0,0,0,0,0,0,0
8122,1823,0,0,0,0,0,0,0,0,0
8123,1823,0,0,0,0,0,0,0,0,0
8124,1823,0,0,0,0,0,0,0,0,0
8125,1823,0,0,0,0,0,0,0,0,0
8126,1823,0,0,0,0,0,0,0,0,0
8127,1823,0,0,0,0,0,0,0,0,0
8128,1823,0,0,0,0,0,0,0,0,0
8129,1823,0,0,0,0,0,0,0,0,0
8130,1823,0,0,0,0,0,0,0,0,0
8131,1823,0,0,0,0,0,0,0,0,0
8132,1823,0,0,0,0,0,0,0,0,0
8133,1823,0,0,0,0,0,0,0,0,0
8134,1823,0,0,0,0,0,0,0,0,0
8135,1823,0,0,0,0,0,0,0,0,0
8136,1823,0,0,0,0,0,0,0,0,0
8137,1823,0,0,0,0,0,0,0,0,0
8138,1823,0,0,0,0,0,0,0,0,0
8139,1823,0,0,0,0,0,0,0,0,0
8140,1823,0,0,0,1,0,0,0,0,0
8141,1823,1,0,0,0,0,0,0,0,0
8142,1823,0,0,0,0,0,0,0,0,0
8143,1823,0,0,0,0,0,0,0,0,0
8144,1823,0,0,0,0,0,0,0,0,0
8145,1823,0,0,0,0,0,0,0,0,0
8146,1823,0,0,0,0,0,0,0,0,0
8147,1823,0,0,0,0,0,0,0,0,0
8148,1823,0,0,0,0,0,0,0,0,0
8149,1823,0,0,0,0,0,0,0,0,0
8150,1823,0,0,0,0,0,0,0,0,0
8151,1823,0,0,0,0,0,0,0,0,0
8152,1823,0,0,0,0,0,0,0,0,0
8153,1823,0,0,0,0,0,0,0,0,0
8154,1823,0,0,0,0,0,0,0,0,0
8155,1823,0,0,1,0,0,0,0,0,0
8156,1823,1,0,0,0,0,0,0,0,0
8157,1823,0,0,0,0,0,0,0,0,0
8158,1823,0,0,0,0,0,0,0,0,0
8159,1823,0,0,0,0,0,0,0,0,0
8160,1823,0,0,0,0,0,0,0,0,0
8161,1823,0,0,0,1,0,0,0,0,0
8162,1823,0,0,0,0,0,0,0,0,0
8163,1823,0,0,0,0,0,0,0,0,0
8164,1823,0,0,0,0,0,0,0,0,0
8165,1823,0,0,0,0,0,0,0,0,0
8166,1823,0,0,0,0,0,0,0,0,0
8167,1823,0,0,0,0,0,0,0,0,0
8168,1823,0,0,0,0,0,0,0,0,0
8169,1823,0,0,0,0,0,0,0,0,0
8170,1823,0,0,0,0,0,0,0,0,0
8171,1823,0,0,0,0,0,0,0,0,0
8172,1823,0,0,0,0,0,0,0,0,0
8173,1823,0,0,0,0,0,0,0,0,0
8174,1823,0,0,0,0,0,0,0,0,0
8175,1823,0,0,0,0,0,0,0,0,0
8176,1823,0,0,0,0,0,0,0,0,0
8177,1823,0,0,0,0,0,0,0,0,0
8178,1823,0,0,0,0,0,0,0,0,0
8179,1823,0,0,0,0,0,0,0,0,0
8180,1823,0,0,0,0,0,0,0,0,0
8181,1823,0,0,0,0,0,0,0,0,0
8182,1823,0,0,0,0,0,0,0,0,0
8183,1823,0,0,0,0,0,0,0,0,0
8184,1823,0,0,0,0,0,0,0,0,0
8185,1823,0,0,0,0,0,0,0,0,0
8186,1823,0,0,0,0,0,0,0,0,0
8187,1823,0,0,0,0,0,0,0,0,0
8188,1823,0,0,0,0,0,0,0,0,0
8189,1823,0,0,0,0,0,0,0,0,0
8190,1823,0,0,0,0,0,0,0,0,0
8191,1823,0,0,0,0,0,0,0,0,0
8192,1823,0,0,0,0,0,0,0,0,0
8193,1823,0,0,0,0,0,0,0,0,0
8194,1823,0,0,0,0,0,0,0,0,0
8195,1823,0,0,0,0,0,0,0,0,0
8196,1823,0,0,0,0,0,0,0,0,0
8197,1823,0,0,0,0,0,0,0,0,0
8198,1823,0,0,0,0,0,0,0,0,0
8199,1823,0,0,0,0,0,0,0,0,0
8200,1823,0,0,0,0,0,0,0,0,0
8201,1823,0,0,0,1,0,0,0,0,0
8202,1823,0,0,0,0,0,0,0,0,0
8203,1823,0,0,0,0,0,0,1,0,0
8204,1823,0,0,0,0,0,0,0,0,0
8205,1823,0,0,0,0,0,0,0,0,0
8206,1823,0,0,0,0,0,0,0,0,0
8207,1823,0,0,0,0,0,0,0,0,0
8208,1823,0,0,0,0,0,0,0,0,0
8209,1823,0,0,0,0,0,0,0,0,0
8210,1823,0,0,0,0,0,0,0,0,0
8211,1823,0,0,0,0,0,0,0,0,0
8212,1823,0,0,0,0,0,0,0,0,0
8213,1823,0,0,0,0,0,0,0,0,0
8214,1823,0,0,0,0,0,0,0,0,0
8215,1823,0,0,0,0,0,0,0,0,0
8216,1823,0,0,0,0,0,0,0,0,0
8217,1823,0,0,0,0,0,0,0,0,0
8218,1823,0,0,0,0,0,0,0,0,0
8219,1823,0,0,0,0,0,0,0,0,0
8220,1823,0,0,0,0,0,0,0,0,0
8221,1823,0,0,0,0,0,0,0,0,0
8222,1823,0,0,0,0,0,0,0,0,0
8223,1823,0,0,0,0,0,0,0,0,0
8224,1823,0,0,0,0,0,0,0,0,0
8225,1823,0,0,0,0,0,0,1,0,0
8226,1823,0,0,0,0,0,0,0,0,0
8227,1823,0,0,0,0,0,0,0,0,0
8228,1823,0,0,0,0,0,0,0,0,0
8229,1823,0,0,0,0,0,0,0,0,0
8230,1823,0,0,0,0,0,0,0,0,0
8231,1823,0,0,0,0,0,0,0,0,0
8232,1823,0,0,0,0,0,0,0,0,0
8233,1823,0,0,0,0,0,0,0,0,0
8234,1823,0,0,0,0,0,0,0,0,0
8235,1823,0,0,0,0,0,0,0,0,0
8236,1823,0,0,0,0,0,0,0,0,0
8237,1823,0,0,0,0,0,0,0,0,0
8238,1823,0,0,0,0,0,0,0,0,0
8239,1823,0,0,0,0,0,0,0,0,0
8240,1823,0,0,0,0,0,0,0,0,0
8241,1823,1,0,0,0,0,0,0,0,0
8242,1823,0,0,0,0,0,0,0,0,0
8243,1823,0,0,0,0,0,0,0,0,0
8244,1823,0,0,0,0,0,0,0,0,0
8245,1823,0,0,0,0,0,0,1,0,0
8246,1823,0,0,0,0,0,0,0,0,0
8247,1823,0,0,0,0,0,0,0,0,0
8248,1823,0,0,0,0,0,0,0,0,0
8249,1823,0,0,0,0,0,0,0,0,0
8250,1823,0,0,0,0,0,0,0,0,0
8251,1823,0,0,0,0,0,0,0,0,0
8252,1823,0,0,0,0,0,0,0,0,0
8253,1823,0,0,0,0,0,0,0,0,0
8254,1823,0,0,0,0,0,0,0,0,0
8255,1823,0,0,0,0,0,0,0,0,0
8256,1823,0,0,0,0,0,0,0,0,0
8257,1823,0,0,0,0,0,0,0,0,0
8258,1823,0,0,0,0,0,0,0,0,0
8259,1823,0,0,0,0,0,0,0,0,0
8260,1823,0,0,0,0,0,0,0,0,0
8261,1823,0,0,0,0,0,0,0,0,0
8262,1823,0,0,0,0,0,0,0,0,0
8263,1823,0,0,0,0,0,0,0,0,0
8264,1823,0,0,0,0,0,0,0,0,0
8265,1823,0,0,0,0,0,0,0,0,0
8266,1823,0,0,0,0,0,0,0,0,0
8267,1823,0,0,0,0,0,0,0,0,0
8268,1823,0,0,0,0,0,0,0,0,0
8269,1823,0,0,0,0,0,0,0,0,0
8270,1823,0,0,0,0,0,0,0,0,0
8271,1823,0,0,0,0,0,0,0,0,0
8272,1823,0,0,0,0,0,0,0,0,0
8273,1823,0,0,0,0,0,0,0,0,0
8274,1823,0,0,0,0,0,0,0,0,0
8275,1823,0,0,0,0,0,0,0,0,0
8276,1823,0,0,0,0,0,0,0,0,0
8277,1823,0,0,0,0,0,0,0,0,0
8278,1823,0,0,0,0,0,0,0,0,0
8279,1823,0,0,0,0,0,0,0,0,0
8280,1823,0,0,0,0,0,0,0,0,0
8281,1823,0,0,0,0,0,0,0,0,0
8282,1823,1,0,0,0,0,0,0,0,0
8283,1823,0,0,0,0,0,0,0,0,0
8284,1823,0,0,0,0,0,0,0,0,0
8285,1823,0,0,0,0,0,0,0,0,0
8286,1823,0,0,0,0,0,0,0,0,0
8287,1823,0,0,0,0,0,0,0,0,0
8288,1823,0,0,0,0,0,0,0,0,0
8289,1823,0,0,0,0,0,0,0,0,0
8290,1823,0,0,0,0,0,0,0,0,0
8291,1823,0,0,0,0,0,0,0,0,0
8292,1823,0,0,0,0,0,0,0,0,0
8293,1823,0,0,0,0,0,0,0,0,0
8294,1823,0,0,0,0,0,0,0,0,0
8295,1823,0,0,0,1,0,0,0,0,0
8296,1823,0,0,0,0,0,0,0,0,0
8297,1823,0,0,0,0,0,0,1,0,0
8298,1823,0,0,0,0,0,0,0,0,0
8299,1823,0,0,0,0,0,0,0,0,0
8300,1823,0,0,0,0,0,0,0,0,0
8301,1823,0,0,0,0,0,0,0,0,0
8302,1823,0,0,0,0,0,0,0,0,0
8303,1823,0,0,0,0,0,0,0,0,0
8304,1823,0,0,0,0,0,0,0,0,0
8305,1823,0,0,0,0,0,0,0,0,0
8306,1823,0,0,0,0,0,0,0,0,0
8307,1823,0,0,0,0,0,0,0,0,0
8308,1823,0,0,0,0,0,0,0,0,0
8309,1823,0,0,0,0,0,0,0,0,0
8310,1823,0,0,0,0,0,0,0,0,0
8311,1823,0,0,0,0,0,0,0,0,0
8312,1823,0,0,0,0,0,0,0,0,0
8313,1823,0,0,0,0,0,1,0,0,0
8314,1823,0,0,0,0,0,0,0,0,0
8315,1823,0,0,0,0,0,0,0,0,0
8316,1823,0,0,0,0,0,0,0,0,0
8317,1823,0,0,0,0,0,0,0,0,0
8318,1823,0,0,0,0,0,0,0,0,0
8319,1823,0,0,0,0,0,0,0,0,0
8320,1823,0,0,0,0,0,0,0,0,0
8321,1823,0,0,0,0,0,0,0,0,0
8322,1823,0,0,0,0,0,0,0,0,0
8323,1823,0,0,0,0,0,0,0,0,0
8324,1823,0,0,0,0,0,0,0,0,0
8325,1823,0,0,0,0,0,0,0,0,0
8326,1823,0,0,0,0,0,0,0,0,0
8327,1823,0,0,0,0,0,0,0,0,0
8328,1823,0,0,0,0,0,0,0,0,0
8329,1823,0,0,0,0,0,0,0,0,0
8330,1823,0,0,0,0,0,0,0,0,0
8331,1823,0,0,0,0,0,0,0,0,0
8332,1823,0,0,0,0,0,0,0,0,0
8333,1823,0,0,0,0,0,0,0,0,0
8334,1823,0,0,0,0,0,0,0,0,0
8335,1823,0,0,0,0,0,0,0,0,0
8336,1823,0,0,0,1,0,0,0,0,0
8337,1823,0,0,0,0,0,0,0,0,0
8338,1823,0,0,0,0,0,0,0,0,0
8339,1823,0,0,0,0,0,0,0,0,0
8340,1823,0,0,0,0,0,0,0,0,0
8341,1823,0,0,0,1,0,0,0,0,0
8342,1823,0,0,0,0,0,0,0,0,0
8343,1823,0,0,0,0,0,0,0,0,0
8344,1823,0,0,0,0,0,0,0,0,0
8345,1823,0,0,0,0,0,0,0,0,0
8346,1823,0,0,0,0,0,0,0,0,0
8347,1823,0,0,0,0,0,0,0,0,0
8348,1823,0,0,0,0,0,0,0,0,0
8349,1823,0,0,0,0,0,0,0,0,0
8350,1823,0,0,0,0,0,0,0,0,0
8351,1823,0,0,0,0,0,0,0,0,0
8352,1823,0,0,0,0,0,0,0,0,0
8353,1823,0,0,0,0,0,0,0,0,0
8354,1823,0,0,0,0,0,0,0,0,0
8355,1823,0,0,0,0,0,0,0,0,0
8356,1823,0,0,0,0,0,0,0,0,0
8357,1823,0,0,0,0,0,0,0,0,0
8358,1823,0,0,0,0,0,0,0,0,0
8359,1823,0,0,0,0,0,0,0,0,0
8360,1823,0,0,0,0,0,0,0,0,0
8361,1823,0,0,0,0,0,0,0,0,0
8362,1823,0,0,0,0,0,0,0,0,0
8363,1823,0,0,0,0,0,0,0,0,0
8364,1823,0,0,0,0,0,0,0,0,0
8365,1823,0,0,0,0,0,0,0,0,0
8366,1823,0,0,0,0,0,0,0,0,0
8367,1823,0,0,0,0,0,0,0,0,0
8368,1823,0,1,0,0,0,0,0,0,0
8369,1823,0,0,0,0,0,0,1,0,0
8370,1823,0,0,0,0,0,0,0,0,0
8371,1823,0,0,0,0,0,0,0,0,0
8372,1823,0,0,0,0,0,0,0,0,0
8373,1823,0,0,1,0,0,0,0,0,0
8374,1823,0,0,0,0,0,0,0,0,0
8375,1823,0,0,0,0,0,0,0,0,0
8376,1823,0,0,0,0,0,0,0,0,0
8377,1823,0,0,0,0,0,0,0,0,0
8378,1823,0,0,0,0,0,0,0,0,0
8379,1823,0,0,0,0,0,0,0,0,0
8380,1823,0,0,0,0,0,0,0,0,0
8381,1823,0,0,0,0,0,0,0,0,0
8382,1823,0,0,0,0,0,0,0,0,0
8383,1823,0,0,0,0,0,0,0,0,0
8384,1823,0,0,0,0,0,0,0,0,0
8385,1823,0,0,0,0,0,0,0,0,0
8386,1823,0,0,0,0,0,0,0,0,0
8387,1823,0,0,0,0,0,0,0,0,0
8388,1823,0,0,0,0,0,0,0,0,0
8389,1823,0,0,0,0,0,0,0,0,0
8390,1823,0,0,0,0,0,0,1,0,0
8391,1823,0,0,0,0,0,0,0,0,0
8392,1823,0,0,0,0,0,0,0,0,0
8393,1823,0,0,0,0,0,0,0,0,0
8394,1823,0,0,0,0,0,0,0,0,0
8395,1823,0,0,0,0,0,0,0,0,0
8396,1823,0,0,1,0,0,0,0,0,0
8397,1823,0,0,0,0,0,0,0,0,0
8398,1823,0,0,0,0,0,0,0,0,0
8399,1823,0,0,0,0,0,0,0,0,0
8400,1823,0,0,0,0,0,0,0,0,0
8401,1823,0,0,0,0,0,0,0,0,0
8402,1823,0,0,0,0,0,0,0,0,0
8403,1823,0,0,0,0,0,0,0,0,0
8404,1823,0,0,0,0,0,0,0,0,0
8405,1823,0,0,0,0,0,0,0,0,0
8406,1823,0,0,0,0,0,0,0,0,0
8407,1823,0,0,0,0,0,0,0,0,0
8408,1823,0,0,0,0,0,0,0,0,0
8409,1823,0,0,0,0,0,0,0,0,0
8410,1823,0,0,0,0,0,0,0,0,0
8411,1823,0,0,0,0,0,0,0,0,0
8412,1823,0,0,0,0,0,0,0,0,0
8413,1823,0,0,0,0,0,0,0,0,0
8414,1823,0,0,0,0,0,0,0,0,0
8415,1823,0,0,0,0,0,0,0,0,0
8416,1823,0,0,0,0,0,0,0,0,0
8417,1823,0,0,0,0,0,0,0,0,0
8418,1823,0,0,0,0,0,0,0,0,0
8419,1823,0,0,0,0,0,0,0,0,0
8420,1823,0,0,0,0,0,0,0,0,0
8421,1823,0,0,0,0,0,0,0,0,0
8422,1823,0,0,0,0,0,0,0,0,0
8423,1823,0,0,0,0,0,0,0,0,0
8424,1823,1,0,0,0,0,0,0,0,0
8425,1823,0,0,0,0,0,0,0,0,0
8426,1823,0,0,0,0,0,0,0,0,0
8427,1823,0,0,0,0,0,0,0,0,0
8428,1823,0,0,0,0,0,0,0,0,0
8429,1823,0,0,0,0,0,0,0,0,0
8430,1823,0,0,0,0,0,0,0,0,0
8431,1823,0,0,0,0,0,0,0,0,0
8432,1823,0,0,0,0,0,0,0,0,0
8433,1823,0,0,0,0,0,0,0,0,0
8434,1823,0,0,0,0,0,0,1,0,0
8435,1823,0,0,0,0,0,0,0,0,0
8436,1823,0,0,0,0,0,0,0,0,0
8437,1823,0,0,0,0,0,0,0,0,0
8438,1823,0,0,0,0,0,0,0,0,0
8439,1823,0,0,0,0,0,0,0,0,0
8440,1823,0,0,0,0,0,0,0,0,0
8441,1823,0,0,0,0,0,0,0,0,0
8442,1823,0,1,0,0,0,0,0,0,0
8443,1823,0,0,0,0,0,0,0,0,0
8444,1823,0,0,0,0,0,0,0,0,0
8445,1823,0,0,0,0,0,0,0,0,0
8446,1823,0,0,0,0,0,0,0,0,0
8447,1823,0,0,0,0,0,0,0,0,0
8448,1823,0,0,0,0,0,0,0,0,0
8449,1823,0,0,0,0,0,0,0,0,0
8450,1823,0,0,0,0,0,0,0,0,0
8451,1823,0,0,0,0,0,0,0,0,0
8452,1823,0,0,0,0,0,0,0,0,0
8453,1823,0,0,0,0,0,0,0,0,0
8454,1823,0,0,0,0,0,0,0,0,0
8455,1823,0,0,0,0,0,0,0,0,0
8456,1823,0,0,0,0,0,0,0,0,0
8457,1823,0,0,0,0,0,0,0,0,0
8458,1823,0,0,0,0,0,0,0,0,0
8459,1823,0,0,0,0,0,0,0,0,0
8460,1823,0,0,0,0,0,0,0,0,0
8461,1823,0,0,0,0,0,0,0,0,0
8462,1823,0,0,0,0,0,0,0,0,0
8463,1823,0,0,0,0,0,0,0,0,0
8464,1823,0,0,0,0,0,0,0,0,0
8465,1823,0,0,0,0,0,0,0,0,0
8466,1823,0,0,0,0,0,0,0,0,0
8467,1823,0,0,0,0,0,0,0,0,0
8468,1823,0,0,0,0,0,0,0,0,0
8469,1823,0,0,0,0,0,0,1,0,0
8470,1823,0,0,0,0,0,0,0,0,0
8471,1823,0,0,0,0,0,0,0,0,0
8472,1823,0,0,0,0,0,0,0,0,0
8473,1823,0,0,0,0,0,0,0,0,0
8474,1823,0,0,0,0,0,0,0,0,0
8475,1823,0,0,1,0,0,0,0,0,0
8476,1823,0,0,0,0,0,0,0,0,0
8477,1823,0,0,0,0,0,0,0,0,0
8478,1823,0,0,0,0,0,0,0,0,0
8479,1823,0,0,0,0,0,0,0,0,0
8480,1823,0,0,0,0,0,0,0,0,0
8481,1823,0,0,0,0,0,0,0,0,0
8482,1823,0,0,0,0,0,0,0,0,0
8483,1823,0,0,0,0,0,0,0,0,0
8484,1823,0,0,0,1,0,0,1,0,0
8485,1823,0,0,0,0,0,0,0,0,0
8486,1823,0,0,0,0,0,0,0,0,0
8487,1823,0,0,0,0,0,0,0,0,0
8488,1823,0,0,0,0,0,0,0,0,0
8489,1823,0,0,0,0,0,0,0,0,0
8490,1823,0,0,0,0,0,0,0,0,0
8491,1823,0,0,0,0,0,0,0,0,0
8492,1823,0,0,0,0,0,0,0,0,0
8493,1823,0,0,0,0,0,0,0,0,0
8494,1823,0,0,0,0,0,0,0,0,0
8495,1823,0,0,0,0,0,0,1,0,0
8496,1823,0,0,0,0,0,0,0,0,0
8497,1823,0,0,0,0,0,0,0,0,0
8498,1823,0,0,0,0,0,0,0,0,0
8499,1823,0,0,0,0,0,0,0,0,0
8500,1823,0,0,0,0,0,0,0,0,0
8501,1823,0,0,0,0,0,0,1,0,0
8502,1823,0,0,0,0,0,0,0,0,0
8503,1823,0,0,0,0,0,0,0,0,0
8504,1823,0,0,0,0,0,0,0,0,0
8505,1823,0,0,0,0,0,0,0,0,0
8506,1823,0,0,0,1,0,0,0,0,0
8507,1823,0,0,0,0,0,0,0,0,0
8508,1823,0,0,0,0,0,0,0,0,0
8509,1823,0,0,0,0,0,0,0,0,0
8510,1823,0,0,0,0,0,0,0,0,0
8511,1823,0,0,0,0,0,0,0,0,0
8512,1823,1,0,0,0,0,0,0,0,0
8513,1823,0,0,0,0,0,0,0,0,0
8514,1823,0,0,0,0,0,0,0,0,0
8515,1823,0,0,0,0,0,0,0,0,0
8516,1823,0,0,0,0,0,0,0,0,0
8517,1823,0,0,0,0,0,0,0,0,0
8518,1823,0,0,0,0,0,0,0,0,0
8519,1823,0,0,0,0,0,0,0,0,0
8520,1823,0,0,0,0,0,0,0,0,0
8521,1823,0,0,0,0,0,0,0,0,0
8522,1823,0,0,0,0,0,0,0,0,0
8523,1823,0,0,0,0,0,0,0,0,0
8524,1823,0,0,0,0,0,0,0,0,0
8525,1823,0,0,0,1,0,0,0,0,0
8526,1823,0,0,0,0,0,0,0,0,0
8527,1823,0,0,0,0,0,0,0,0,0
8528,1823,0,0,0,0,0,0,0,0,0
8529,1823,0,0,0,0,0,0,0,0,0
8530,1823,0,0,0,0,0,0,0,0,0
8531,1823,0,0,0,0,0,0,0,0,0
8532,1823,0,0,0,1,0,0,0,0,0
8533,1823,0,0,0,0,0,0,0,0,0
8534,1823,0,0,0,0,0,0,0,0,0
8535,1823,0,0,0,0,0,0,0,0,0
8536,1823,0,0,0,0,0,0,0,0,0
8537,1823,0,0,0,0,0,0,0,0,0
8538,1823,0,0,0,0,0,0,0,0,0
8539,1823,1,0,0,0,0,0,0,0,0
8540,1823,0,0,0,0,0,0,0,0,0
8541,1823,0,0,0,0,0,0,0,0,0
8542,1823,0,0,0,0,0,0,0,0,0
8543,1823,0,0,0,0,0,0,0,0,0
8544,1823,0,0,0,0,0,0,0,0,0
8545,1823,0,0,0,0,0,0,0,0,0
8546,1823,0,0,0,0,0,0,0,0,0
8547,1823,0,0,0,0,0,0,0,0,0
8548,1823,0,0,0,0,0,0,1,0,0
8549,1823,1,0,0,0,0,0,1,0,0
8550,1823,0,0,0,0,0,0,0,0,0
8551,1823,0,0,0,0,0,0,0,0,0
8552,1823,0,0,0,0,0,0,0,0,0
8553,1823,0,0,0,0,0,0,0,0,0
8554,1823,0,0,0,0,0,0,0,0,0
8555,1823,0,0,0,0,0,0,0,0,0
8556,1823,0,0,0,0,0,0,0,0,0
8557,1823,0,0,0,1,0,0,0,0,0
8558,1823,0,0,0,0,0,0,0,0,0
8559,1823,1,0,0,0,0,0,0,0,0
8560,1823,0,0,0,0,0,0,0,0,0
8561,1823,0,0,0,0,0,0,0,0,0
8562,1823,0,0,0,0,0,0,0,0,0
8563,1823,0,0,0,0,0,0,1,0,0
8564,1823,0,0,0,0,0,0,0,0,0
8565,1823,0,0,0,0,0,0,0,0,0
8566,1823,0,0,0,0,0,0,0,0,0
8567,1823,0,0,1,0,0,0,0,0,0
8568,1823,0,0,0,0,0,0,0,0,0
8569,1823,0,0,0,0,0,0,0,0,0
8570,1823,0,0,0,0,0,0,0,0,0
8571,1823,0,0,0,0,0,0,0,0,0
8572,1823,0,0,0,0,0,0,0,0,0
8573,1823,0,0,0,0,0,0,0,0,0
8574,1823,0,0,0,0,0,0,0,0,0
8575,1823,0,0,0,0,0,0,0,0,0
8576,1823,0,0,0,0,0,0,1,0,0
8577,1823,0,0,0,0,0,0,0,0,0
8578,1823,0,0,0,0,0,0,0,0,0
8579,1823,0,0,0,0,0,0,0,0,0
8580,1823,0,0,0,0,0,0,0,0,0
8581,1823,0,0,0,0,0,0,0,0,0
8582,1823,0,0,0,0,0,0,0,0,0
8583,1823,0,0,0,0,0,0,0,0,0
8584,1823,0,0,0,0,0,0,0,0,0
8585,1823,0,0,0,0,0,0,0,0,0
8586,1823,0,0,0,0,0,0,0,0,0
8587,1823,0,0,0,0,0,0,0,0,0
8588,1823,0,0,0,0,0,0,0,0,0
8589,1823,0,0,0,0,0,0,0,0,0
8590,1823,0,0,0,0,0,0,0,0,0
8591,1823,0,0,0,0,0,0,0,0,0
8592,1823,0,0,0,0,0,0,0,0,0
8593,1823,0,0,0,0,0,0,0,0,0
8594,1823,0,0,0,0,0,0,0,0,0
8595,1823,0,0,0,0,0,0,0,0,0
8596,1823,0,0,0,0,0,0,0,0,0
8597,1823,0,0,1,0,0,1,0,0,0
8598,1823,0,0,0,0,0,0,0,0,0
8599,1823,0,0,0,0,0,0,0,0,0
8600,1823,0,0,0,0,0,0,1,0,0
8601,1823,0,0,0,0,0,0,0,0,0
8602,1823,0,0,0,0,0,0,0,0,0
8603,1823,0,0,0,0,0,0,0,0,0
8604,1823,0,0,0,0,0,0,0,0,0
8605,1823,0,0,0,0,0,0,0,0,0
8606,1823,0,0,0,0,0,0,0,0,0
8607,1823,0,0,0,0,0,0,0,0,0
8608,1823,0,0,0,0,0,0,0,0,0
8609,1823,0,0,0,0,0,0,0,0,0
8610,1823,0,0,0,0,0,0,0,0,0
8611,1823,0,0,0,0,0,0,0,0,0
8612,1823,0,0,0,0,0,0,0,0,0
8613,1823,0,0,0,0,0,0,0,0,0
8614,1823,0,0,0,0,0,0,0,0,0
8615,1823,0,0,0,1,0,0,0,0,0
8616,1823,0,0,0,0,0,0,0,0,0
8617,1823,0,0,0,0,0,0,0,0,0
8618,1823,0,0,0,0,0,0,0,0,0
8619,1823,0,0,0,0,0,0,0,0,0
8620,1823,0,0,0,0,0,0,0,0,0
8621,1823,0,0,0,0,0,0,1,0,0
8622,1823,0,0,0,0,0,0,0,0,0
8623,1823,0,0,0,0,0,0,0,0,0
8624,1823,0,0,0,0,0,0,1,0,0
8625,1823,0,0,0,0,0,0,0,0,0
8626,1823,0,0,0,0,0,0,0,0,0
8627,1823,0,0,0,0,0,0,0,0,0
8628,1823,0,0,0,0,0,0,0,0,0
8629,1823,0,0,0,0,0,0,0,0,0
8630,1823,0,0,0,0,0,0,0,0,0
8631,1823,0,0,0,0,0,0,0,0,0
8632,1823,0,0,0,0,0,0,0,0,0
8633,1823,0,0,0,0,0,0,0,0,0
8634,1823,0,0,0,0,0,0,0,0,0
8635,1823,0,0,0,0,0,0,0,0,0
8636,1823,0,0,0,0,0,0,0,0,0
8637,1823,0,0,0,0,0,0,0,0,0
8638,1823,0,0,0,1,0,0,0,0,0
8639,1823,0,0,0,0,0,1,0,0,0
8640,1823,0,0,0,0,0,0,1,0,0
8641,1823,0,0,0,0,0,0,0,0,0
8642,1823,0,0,0,0,0,0,0,0,0
8643,1823,0,0,0,0,0,0,0,0,0
8644,1823,0,0,0,0,0,0,0,0,0
8645,1823,0,0,0,0,0,0,0,0,0
8646,1823,0,0,0,0,0,0,0,0,0
8647,1823,0,0,0,0,0,0,0,0,0
8648,1823,0,0,0,0,0,0,0,0,0
8649,1823,0,0,0,0,0,0,0,0,0
8650,1823,0,0,0,0,0,0,0,0,0
8651,1823,0,0,0,0,0,1,1,0,0
8652,1823,0,0,0,0,0,0,0,0,0
8653,1823,0,0,0,0,0,0,0,0,0
8654,1823,0,0,0,0,0,0,0,0,0
8655,1823,0,0,0,0,0,0,0,0,0
8656,1823,0,0,0,0,0,0,0,0,0
8657,1823,0,0,0,0,0,0,0,0,0
8658,1823,0,0,0,0,0,0,0,0,0
8659,1823,0,0,0,0,0,0,0,0,0
8660,1823,0,0,0,0,0,0,0,0,0
8661,1823,0,0,0,0,0,0,0,0,0
8662,1823,1,0,0,0,0,0,0,0,0
8663,1823,0,0,0,0,0,0,0,0,0
8664,1823,0,0,0,0,0,0,1,0,0
8665,1823,0,0,0,0,0,0,0,0,0
8666,1823,0,0,0,0,0,0,1,0,0
8667,1823,0,0,0,0,0,0,0,0,0
8668,1823,0,0,0,0,0,0,0,0,0
8669,1823,0,0,0,0,0,0,0,0,0
8670,1823,0,0,0,0,0,0,0,0,0
8671,1823,0,0,0,0,0,0,0,0,0
8672,1823,0,0,0,0,0,0,0,0,0
8673,1823,0,0,0,0,0,0,0,0,0
8674,1823,0,0,0,0,0,0,0,0,0
8675,1823,0,0,0,0,0,0,0,0,0
8676,1823,0,0,0,0,0,0,1,0,0
8677,1823,0,0,0,0,0,0,0,0,0
8678,1823,0,0,0,0,0,0,0,0,0
8679,1823,0,0,0,0,0,0,0,0,0
8680,1823,0,0,0,0,0,0,1,0,0
8681,1823,0,0,0,0,0,0,0,0,0
8682,1823,0,0,0,0,0,0,0,0,0
8683,1823,0,0,0,0,0,0,0,0,0
8684,1823,0,0,0,0,0,0,0,0,0
8685,1823,0,0,0,0,0,0,0,0,0
8686,1823,0,0,0,0,0,0,0,0,0
8687,1823,0,0,0,0,0,0,0,0,0
8688,1823,0,0,0,0,0,0,0,0,0
8689,1823,0,0,0,0,0,0,0,0,0
8690,1823,0,0,0,0,0,0,0,0,0
8691,1823,0,0,0,0,0,0,0,0,0
8692,1823,0,1,0,0,0,0,0,0,0
8693,1823,0,0,0,0,0,0,0,0,0
8694,1823,0,0,0,0,0,0,0,0,0
8695,1823,0,0,0,0,0,0,0,0,0
8696,1823,0,0,0,0,0,0,0,0,0
8697,1823,0,0,1,0,0,0,0,0,0
8698,1823,0,0,0,0,0,0,0,0,0
8699,1823,0,0,0,0,0,0,0,0,0
8700,1823,0,0,0,0,0,0,0,0,0
8701,1823,0,0,0,0,0,0,0,0,0
8702,1823,0,0,0,0,0,0,0,0,0
8703,1823,0,0,0,0,0,0,0,0,0
8704,1823,0,0,0,0,0,0,0,0,0
8705,1823,1,0,0,0,0,0,0,0,0
8706,1823,0,0,0,0,0,0,0,0,0
8707,1823,0,0,0,0,0,0,0,0,0
8708,1823,0,0,0,0,0,0,0,0,0
8709,1823,0,0,0,0,0,0,0,0,0
8710,1823,0,0,0,0,0,0,0,0,0
8711,1823,0,0,0,0,0,0,0,0,0
8712,1823,0,0,0,0,0,0,0,0,0
8713,1823,0,0,0,0,0,0,0,0,0
8714,1823,0,0,0,0,0,0,0,0,0
8715,1823,0,0,0,0,0,0,0,0,0
8716,1823,0,0,0,0,0,0,0,0,0
8717,1823,0,0,0,0,0,0,0,0,0
8718,1823,0,0,0,0,0,0,0,0,0
8719,1823,0,0,0,0,0,0,0,0,0
8720,1823,0,0,0,0,0,0,0,0,0
8721,1823,0,0,0,0,0,0,0,0,0
8722,1823,0,0,0,0,0,0,0,0,0
8723,1823,0,0,0,0,0,0,0,0,0
8724,1823,0,0,0,0,0,0,0,0,0
8725,1823,0,0,1,0,0,0,0,0,0
8726,1823,0,0,0,0,0,0,0,0,0
8727,1823,0,0,0,0,0,0,0,0,0
8728,1823,0,0,0,0,0,0,0,0,0
8729,1823,0,0,0,0,0,0,0,0,0
8730,1823,0,0,0,0,0,0,0,0,0
8731,1823,0,0,0,0,0,0,0,0,0
8732,1823,0,0,0,0,0,0,0,0,0
8733,1823,0,0,0,0,0,0,0,0,0
8734,1823,0,0,0,0,0,0,0,0,0
8735,1823,0,0,0,0,0,0,0,0,0
8736,1823,0,0,0,0,0,0,0,0,0
8737,1823,0,0,0,0,0,0,0,0,0
8738,1823,0,0,0,0,0,0,0,0,0
8739,1823,0,0,0,0,0,0,0,0,0
8740,1823,0,0,0,0,0,1,0,0,0
8741,1823,0,0,0,0,0,0,0,0,0
8742,1823,0,0,0,0,0,0,0,0,0
8743,1823,0,0,0,0,0,0,0,0,0
8744,1823,0,0,0,0,0,0,0,0,0
8745,1823,0,0,0,0,0,0,0,0,0
8746,1823,0,0,0,0,0,0,0,0,0
8747,1823,0,0,0,0,0,0,0,0,0
8748,1823,0,0,0,0,0,0,0,0,0
8749,1823,0,0,0,0,0,0,0,0,0
8750,1823,0,0,0,0,0,0,0,0,0
8751,1823,0,0,0,0,0,0,0,0,0
8752,1823,1,0,0,0,0,0,0,0,0
8753,1823,0,0,0,0,0,0,0,0,0
8754,1823,0,0,0,0,0,0,0,0,0
8755,1823,0,0,0,0,0,0,1,0,0
8756,1823,0,0,0,0,0,0,0,0,0
8757,1823,0,0,0,0,0,0,0,0,0
8758,1823,0,0,0,0,0,0,0,0,0
8759,1823,0,0,0,0,0,0,0,0,0
8760,1823,0,0,0,0,0,0,0,0,0
8761,1823,0,0,0,0,0,0,0,0,0
8762,1823,0,0,0,0,0,0,0,0,0
8763,1823,0,0,0,0,0,0,0,0,0
8764,1823,0,0,0,0,0,0,0,0,0
8765,1823,0,0,0,0,0,0,0,0,0
8766,1823,0,0,0,0,0,0,0,0,0
8767,1823,0,0,0,0,0,0,0,0,0
8768,1823,0,0,0,0,0,0,0,0,0
8769,1823,0,0,0,0,0,0,0,0,0
8770,1823,0,0,0,0,0,0,0,0,0
8771,1823,0,0,0,0,0,0,0,0,0
8772,1823,0,0,0,0,0,0,0,0,0
8773,1823,0,0,0,0,0,0,0,0,0
8774,1823,0,0,0,0,0,0,0,0,0
8775,1823,0,0,0,0,0,0,0,0,0
8776,1823,0,0,0,0,0,0,0,0,0
8777,1823,0,0,0,0,0,0,0,0,0
8778,1823,0,0,0,0,0,0,0,0,0
8779,1823,0,0,0,0,0,0,0,0,0
8780,1823,0,0,0,0,0,0,0,0,0
8781,1823,0,0,0,0,0,0,0,0,0
8782,1823,0,0,0,0,0,0,0,0,0
8783,1823,0,0,0,0,0,0,0,0,0
8784,1823,0,0,0,0,0,0,0,0,0
8785,1823,0,0,0,0,0,0,0,0,0
8786,1823,0,0,0,0,0,0,0,0,0
8787,1823,0,0,0,0,0,0,0,0,0
8788,1823,0,0,0,0,0,0,0,0,0
8789,1823,0,0,0,0,0,0,0,0,1
8790,1823,0,0,0,0,0,0,0,0,0
8791,1823,0,0,0,0,0,0,0,0,0
8792,1823,0,0,0,0,0,0,0,0,0
8793,1823,0,0,0,0,0,0,0,0,0
8794,1823,0,0,0,0,0,0,0,0,0
8795,1823,0,0,0,0,0,0,0,0,0
8796,1823,0,0,0,0,0,0,0,0,0
8797,1823,0,0,0,0,0,0,0,0,0
8798,1823,0,0,0,0,0,0,0,0,0
8799,1823,0,0,0,0,0,0,0,0,0
8800,1823,0,0,0,0,0,0,0,0,0
8801,1823,0,0,0,0,0,0,0,0,0
8802,1823,0,0,0,0,0,0,0,0,0
8803,1823,0,0,0,0,0,0,0,0,0
8804,1823,0,0,0,0,0,0,0,0,0
8805,1823,0,0,0,0,0,0,0,0,0
8806,1823,0,0,0,0,0,0,0,0,0
8807,1823,0,0,0,0,0,0,0,0,0
8808,1823,0,0,0,0,0,0,0,0,0
8809,1823,0,0,0,0,0,0,0,0,0
8810,1823,0,0,0,0,0,0,0,0,0
8811,1823,0,0,0,0,0,0,0,0,0
8812,1823,0,0,0,0,0,0,0,0,0
8813,1823,0,0,0,0,0,0,0,0,0
8814,1823,0,0,0,0,0,0,0,0,0
8815,1823,0,0,0,0,0,0,0,0,0
8816,1823,0,0,0,0,0,0,0,0,0
8817,1823,0,0,0,0,0,0,0,0,0
8818,1823,0,0,1,0,0,0,0,0,0
8819,1823,0,0,0,0,0,0,0,0,0
8820,1823,0,0,0,0,0,0,0,0,0
8821,1823,0,0,0,0,0,0,0,0,0
8822,1823,0,0,0,0,0,0,0,0,0
8823,1823,0,0,0,0,0,0,0,0,0
8824,1823,1,0,0,0,0,0,0,0,0
8825,1823,0,0,0,0,0,0,0,0,0
8826,1823,0,0,0,0,0,0,0,0,0
8827,1823,0,0,0,0,0,0,0,0,0
8828,1823,0,0,0,0,0,0,0,0,0
8829,1823,0,0,0,0,0,0,0,0,0
8830,1823,0,0,0,0,0,0,0,0,0
8831,1823,0,0,0,0,0,0,0,0,0
8832,1823,0,0,0,0,0,0,0,0,0
8833,1823,0,0,0,0,0,0,0,0,0
8834,1823,0,0,0,0,0,0,0,0,0
8835,1823,0,0,0,0,0,0,0,0,0
8836,1823,0,0,0,0,0,0,0,0,0
8837,1823,0,0,0,0,0,0,0,0,0
8838,1823,0,0,0,0,0,0,0,0,0
8839,1823,0,0,0,0,0,0,0,0,0
8840,1823,0,0,0,0,0,0,0,0,0
8841,1823,0,0,0,0,0,0,0,0,0
8842,1823,0,0,0,0,0,0,0,0,0
8843,1823,0,0,0,0,0,0,0,0,0
8844,1823,0,0,0,0,0,0,0,0,0
8845,1823,0,0,0,0,0,0,0,0,0
8846,1823,0,0,0,0,0,0,0,0,0
8847,1823,0,0,0,0,0,0,1,0,0
8848,1823,0,0,0,0,0,0,0,0,0
8849,1823,0,0,0,0,0,0,0,0,0
8850,1823,0,0,0,0,0,0,0,0,0
8851,1823,0,0,0,0,0,0,0,0,0
8852,1823,0,0,0,0,0,0,0,0,0
8853,1823,0,0,0,0,0,0,0,0,0
8854,1823,0,0,0,0,0,0,0,0,0
8855,1823,0,0,0,0,0,0,0,0,0
8856,1823,0,0,0,0,0,0,0,0,0
8857,1823,0,0,0,0,0,0,0,0,0
8858,1823,0,0,0,0,0,0,0,0,0
8859,1823,0,0,0,0,0,0,0,0,0
8860,1823,0,0,0,0,0,0,0,0,0
8861,1823,0,0,0,0,0,0,0,0,0
8862,1823,0,0,1,0,0,0,0,0,0
8863,1823,0,0,0,0,0,0,0,0,0
8864,1823,0,0,0,0,0,0,0,0,0
8865,1823,0,0,0,0,0,0,0,0,0
8866,1823,0,0,0,0,0,0,0,0,0
8867,1823,0,0,0,0,0,0,0,0,0
8868,1823,0,0,0,0,0,0,0,0,0
8869,1823,0,0,0,0,0,0,0,0,0
8870,1823,0,0,0,0,0,0,0,0,0
8871,1823,0,0,0,0,0,0,0,0,0
8872,1823,0,0,0,0,0,0,0,0,0
8873,1823,0,0,0,0,0,0,0,0,0
8874,1823,0,0,0,0,0,0,0,0,0
8875,1823,0,0,0,0,0,0,0,0,0
8876,1823,0,0,0,0,0,0,0,0,0
8877,1823,0,0,0,0,0,0,0,0,0
8878,1823,0,0,0,0,0,0,0,0,0
8879,1823,0,0,0,0,0,0,0,0,0
8880,1823,0,0,0,0,0,0,0,0,0
8881,1823,0,0,0,0,0,0,1,0,0
8882,1823,0,0,0,0,0,0,0,0,0
8883,1823,0,0,0,0,0,0,0,0,0
8884,1823,0,0,0,0,0,0,0,0,0
8885,1823,0,0,0,0,0,0,0,0,0
8886,1823,0,0,0,0,0,0,0,0,0
8887,1823,0,0,0,0,0,0,0,0,0
8888,1823,0,0,0,0,0,0,0,0,0
8889,1823,0,0,0,0,0,0,0,0,0
8890,1823,0,0,0,0,0,0,0,0,0
8891,1823,0,0,0,0,0,0,0,0,0
8892,1823,0,0,0,0,0,0,0,0,0
8893,1823,0,0,0,0,0,0,0,0,0
8894,1823,0,0,0,0,0,0,0,0,0
8895,1823,0,0,0,0,0,0,0,0,0
8896,1823,0,0,0,0,0,0,0,0,0
8897,1823,0,0,0,0,0,0,0,0,0
8898,1823,0,0,0,0,0,0,0,0,0
8899,1823,0,0,0,0,0,0,0,0,0
8900,1823,0,0,0,0,0,0,0,0,0
8901,1823,0,0,0,0,0,0,0,0,0
8902,1823,0,0,0,0,0,0,0,0,0
8903,1823,0,0,0,0,0,0,0,0,0
8904,1823,0,0,0,0,0,0,0,0,0
8905,1823,0,0,0,0,0,0,0,0,0
8906,1823,0,0,0,0,0,0,0,0,0
8907,1823,0,0,0,0,0,0,0,0,0
8908,1823,0,0,0,0,0,0,0,0,0
8909,1823,0,0,0,0,0,0,0,0,0
8910,1823,0,0,0,0,0,0,0,0,0
8911,1823,0,0,0,0,0,0,0,0,0
8912,1823,0,0,1,0,0,0,0,0,0
8913,1823,0,0,0,0,0,0,0,0,0
8914,1823,0,0,0,0,0,0,0,0,0
8915,1823,0,0,0,0,0,0,1,0,0
8916,1823,0,0,0,0,0,0,0,0,0
8917,1823,0,0,0,0,0,0,0,0,0
8918,1823,0,0,0,0,0,0,0,0,0
8919,1823,0,0,0,0,0,0,0,0,0
8920,1823,0,0,0,0,0,0,0,0,0
8921,1823,0,0,0,0,0,0,0,0,0
8922,1823,0,0,0,0,0,0,0,0,0
8923,1823,0,0,0,0,0,0,0,0,0
8924,1823,0,0,0,0,0,0,0,0,0
8925,1823,0,0,0,0,0,0,0,0,0
8926,1823,0,0,0,0,0,0,0,0,0
8927,1823,0,0,0,0,0,0,0,0,0
8928,1823,0,0,0,0,0,0,0,0,0
8929,1823,0,0,0,0,0,0,0,0,0
8930,1823,0,0,1,0,0,0,0,0,0
8931,1823,0,0,0,0,0,0,0,0,0
8932,1823,0,0,0,0,0,0,0,0,0
8933,1823,0,0,0,0,0,0,0,0,0
8934,1823,0,0,0,0,0,0,0,0,0
8935,1823,0,0,0,0,0,0,0,0,0
8936,1823,0,0,0,0,0,0,0,0,0
8937,1823,0,0,0,0,0,0,0,0,0
8938,1823,0,0,0,0,0,0,0,0,0
8939,1823,0,0,1,0,0,0,0,0,0
8940,1823,0,0,0,0,0,0,0,0,0
8941,1823,0,0,0,0,0,0,0,0,0
8942,1823,0,0,0,0,0,0,0,0,0
8943,1823,0,0,0,0,0,0,0,0,0
8944,1823,0,0,0,0,0,0,0,0,0
8945,1823,0,0,0,0,0,0,0,0,0
8946,1823,0,0,0,0,0,0,0,0,0
8947,1823,0,0,0,0,0,0,0,0,0
8948,1823,0,0,0,0,0,0,0,0,0
8949,1823,0,0,0,0,0,0,0,0,0
8950,1823,0,0,0,0,0,0,0,0,0
8951,1823,0,0,0,0,0,0,0,0,0
8952,1823,0,0,0,0,0,0,0,0,0
8953,1823,0,0,0,0,0,0,0,0,0
8954,1823,0,0,0,0,0,0,0,0,0
8955,1823,0,0,0,0,0,0,0,0,0
8956,1823,0,0,0,1,0,0,0,0,0
8957,1823,0,0,0,0,0,0,0,0,0
8958,1823,0,0,0,0,0,0,0,0,0
8959,1823,0,0,0,0,0,0,0,0,0
8960,1823,0,0,0,0,0,0,0,0,0
8961,1823,0,0,0,0,0,0,0,0,0
8962,1823,0,0,0,0,0,0,0,0,0
8963,1823,0,0,0,0,0,0,0,0,0
8964,1823,0,0,0,0,0,0,0,0,0
8965,1823,0,0,0,0,0,0,0,0,0
8966,1823,0,0,0,0,0,0,0,0,0
8967,1823,0,0,0,0,0,0,0,0,0
8968,1823,0,0,0,0,0,0,0,0,0
8969,1823,0,0,0,0,0,0,0,0,0
8970,1823,0,0,0,0,0,0,0,0,0
8971,1823,0,0,0,0,0,0,0,0,0
8972,1823,0,0,0,0,0,0,0,0,0
8973,1823,0,0,0,0,0,0,0,0,0
8974,1823,0,0,0,0,0,0,0,0,0
8975,1823,0,0,0,0,0,0,0,0,0
8976,1823,0,0,0,0,0,0,0,0,0
8977,1823,0,0,0,0,0,0,0,0,0
8978,1823,0,0,0,0,0,0,0,0,0
8979,1823,0,0,0,0,0,1,0,0,0
8980,1823,0,0,0,0,0,0,0,0,0
8981,1823,0,0,0,0,0,0,0,0,0
8982,1823,0,0,0,0,0,0,0,0,0
8983,1823,0,0,0,0,0,0,0,0,0
8984,1823,0,0,0,0,0,0,0,0,0
8985,1823,0,0,0,0,0,0,0,0,0
8986,1823,0,0,0,0,0,0,0,0,0
8987,1823,0,0,0,0,0,0,0,0,0
8988,1823,0,0,0,0,0,0,0,0,0
8989,1823,0,0,0,0,0,0,0,0,0
8990,1823,0,0,0,0,0,0,0,0,0
8991,1823,0,0,0,0,0,0,0,0,0
8992,1823,1,0,0,0,0,0,0,0,0
8993,1823,0,0,0,0,0,0,0,0,0
8994,1823,0,0,0,0,0,0,0,0,0
8995,1823,0,0,0,0,0,0,0,0,0
8996,1823,0,0,0,0,0,0,0,0,0
8997,1823,0,0,0,0,0,0,0,0,0
8998,1823,0,0,0,0,0,0,0,0,0
8999,1823,0,0,0,0,0,0,0,0,0
9000,1823,0,0,0,0,0,0,0,0,0
9001,1823,0,0,0,0,0,0,0,0,0
9002,1823,0,0,0,0,0,0,0,0,0
9003,1823,0,0,0,0,0,0,0,0,0
9004,1823,0,0,0,0,0,0,0,0,0
9005,1823,0,0,0,0,0,0,0,0,0
9006,1823,0,0,0,0,0,0,0,0,0
9007,1823,0,0,0,0,0,0,0,0,0
9008,1823,0,0,0,0,0,0,0,0,0
9009,1823,0,0,0,0,0,0,0,0,0
9010,1823,0,0,0,0,0,0,0,0,0
9011,1823,0,0,0,0,0,0,0,0,0
9012,1823,0,0,1,0,0,0,0,0,0
9013,1823,0,0,0,0,0,0,0,0,0
9014,1823,0,0,0,0,0,0,0,0,0
9015,1823,0,0,0,0,0,0,0,0,0
9016,1823,0,0,0,0,0,0,0,0,0
9017,1823,0,0,0,0,0,0,0,0,0
9018,1823,0,0,0,0,0,0,0,0,0
9019,1823,0,0,0,0,0,0,0,0,0
9020,1823,0,0,0,0,0,0,0,0,0
9021,1823,0,0,0,0,0,0,0,0,0
9022,1823,0,0,0,1,0,0,0,0,0
9023,1823,0,0,0,0,0,0,0,0,0
9024,1823,0,0,0,0,0,0,0,0,0
9025,1823,0,0,0,1,0,0,0,0,0
9026,1823,0,0,0,0,0,0,0,0,0
9027,1823,0,0,0,0,0,0,0,0,0
9028,1823,0,0,0,0,0,0,0,0,0
9029,1823,0,0,0,0,0,0,0,0,0
9030,1823,0,0,0,0,0,0,0,0,0
9031,1823,0,0,0,0,0,0,0,0,0
9032,1823,0,0,0,0,0,0,0,0,0
9033,1823,0,0,0,0,0,0,0,0,0
9034,1823,0,0,0,0,0,0,0,0,0
9035,1823,0,0,0,0,0,0,0,0,0
9036,1823,0,0,0,0,0,0,0,0,0
9037,1823,0,0,0,0,0,0,0,0,0
9038,1823,0,0,0,0,0,0,0,0,0
9039,1823,0,0,0,0,0,0,0,0,0
9040,1823,0,0,0,1,0,0,0,0,0
9041,1823,0,0,0,0,0,0,0,0,0
9042,1823,0,0,0,0,0,0,0,0,0
9043,1823,0,0,0,0,0,0,0,0,0
9044,1823,0,0,0,0,0,0,0,0,0
9045,1823,0,0,0,0,0,0,0,0,0
9046,1823,0,0,0,0,0,0,0,0,0
9047,1823,0,0,0,0,0,0,0,0,0
9048,1823,0,0,0,0,0,0,0,0,0
9049,1823,0,0,0,0,0,0,0,0,0
9050,1823,0,0,0,0,0,0,0,0,0
9051,1823,0,0,0,0,0,0,0,0,0
9052,1823,0,0,0,0,0,0,0,0,0
9053,1823,0,0,1,0,0,0,0,0,0
9054,1823,0,0,0,0,0,0,0,0,0
9055,1823,0,0,0,0,0,0,0,0,0
9056,1823,0,0,0,0,0,0,0,0,0
9057,1823,0,0,0,0,0,0,0,0,0
9058,1823,0,0,0,0,0,0,0,0,0
9059,1823,0,0,0,0,0,0,0,0,0
9060,1823,0,0,0,0,0,0,0,0,0
9061,1823,0,0,0,0,0,0,0,0,0
9062,1823,0,0,0,0,0,0,0,0,0
9063,1823,0,0,0,0,0,0,0,0,0
9064,1823,0,0,0,0,0,0,0,0,0
9065,1823,0,0,0,0,0,0,0,0,0
9066,1823,0,0,0,0,0,0,0,0,0
9067,1823,0,0,0,0,0,0,0,0,0
9068,1823,0,0,0,0,0,0,0,0,0
9069,1823,0,0,0,0,0,0,0,0,0
9070,1823,0,0,0,0,0,0,0,0,0
9071,1823,0,0,0,0,0,0,0,0,0
9072,1823,0,0,0,0,0,0,0,0,0
9073,1823,0,0,0,0,0,0,0,0,0
9074,1823,0,0,0,0,0,0,0,0,0
9075,1823,0,0,0,0,0,0,0,0,0
9076,1823,0,0,0,0,0,0,0,0,0
9077,1823,0,0,0,0,0,0,0,0,0
9078,1823,0,0,0,0,0,0,0,0,0
9079,1823,0,0,0,0,0,0,0,0,0
9080,1823,0,0,0,0,0,0,0,0,0
9081,1823,0,0,0,0,0,0,0,0,0
9082,1823,0,0,0,0,0,0,0,0,0
9083,1823,0,0,0,0,0,0,0,0,0
9084,1823,0,0,0,0,0,0,0,0,0
9085,1823,0,0,0,0,0,0,0,0,0
9086,1823,0,0,0,0,0,0,0,0,0
9087,1823,0,0,0,0,0,0,1,0,0
9088,1823,0,0,0,0,0,0,0,0,0
9089,1823,0,0,0,0,0,0,0,0,0
9090,1823,0,0,0,0,0,0,0,0,0
9091,1823,0,0,0,0,0,0,0,0,0
9092,1823,0,0,0,0,0,0,0,0,0
9093,1823,0,0,0,0,0,0,0,0,0
9094,1823,0,0,0,0,0,0,0,0,0
9095,1823,0,0,0,0,0,0,0,0,0
9096,1823,0,0,0,0,0,0,0,0,0
9097,1823,1,0,0,0,0,0,0,0,0
9098,1823,0,0,0,0,0,0,0,0,0
9099,1823,0,0,0,0,0,0,0,0,0
9100,1823,0,0,0,0,0,0,0,0,1
9101,1823,0,0,0,0,0,0,0,0,0
9102,1823,0,0,0,0,0,0,1,0,0
9103,1823,0,0,0,0,0,0,0,0,0
9104,1823,0,0,0,0,0,0,0,0,0
9105,1823,0,0,0,0,0,0,0,0,0
9106,1823,0,0,0,0,0,0,0,0,0
9107,1823,0,0,0,0,0,0,0,0,0
9108,1823,1,0,0,0,0,0,0,0,0
9109,1823,0,0,0,0,0,0,0,0,0
9110,1823,0,0,0,0,0,0,0,0,0
9111,1823,0,0,0,0,0,0,0,0,0
9112,1823,0,0,0,0,0,0,0,0,0
9113,1823,0,0,0,0,0,0,0,0,0
9114,1823,0,0,0,0,0,0,0,0,0
9115,1823,0,0,0,0,0,0,0,0,0
9116,1823,0,0,0,0,0,0,0,0,0
9117,1823,0,1,0,0,0,0,0,0,0
9118,1823,0,0,0,0,0,0,0,0,0
9119,1823,0,0,0,0,0,0,0,0,0
9120,1823,0,0,0,0,0,0,0,0,0
9121,1823,0,0,0,1,0,0,0,0,0
9122,1823,0,0,0,0,0,0,0,0,0
9123,1823,0,0,0,0,0,0,0,0,0
9124,1823,0,0,0,0,0,0,0,0,0
9125,1823,0,0,0,0,0,0,0,0,0
9126,1823,0,0,0,0,0,0,0,0,0
9127,1823,0,0,0,0,0,0,0,0,0
9128,1823,0,0,0,0,0,0,0,0,0
9129,1823,0,0,0,0,0,0,0,0,0
9130,1823,0,0,0,0,0,0,0,0,0
9131,1823,0,0,0,0,0,0,0,0,0
9132,1823,0,0,0,0,0,0,0,0,0
9133,1823,0,0,0,0,0,0,0,0,0
9134,1823,0,0,0,0,0,0,0,0,0
9135,1823,0,0,0,0,0,0,0,0,0
9136,1823,0,0,0,0,0,0,0,0,0
9137,1823,0,0,0,0,0,0,0,0,0
9138,1823,0,0,0,1,0,0,0,0,0
9139,1823,0,0,0,0,0,0,0,0,0
9140,1823,0,0,0,0,0,0,0,0,0
9141,1823,0,0,0,0,0,0,0,0,0
9142,1823,0,0,0,0,0,0,0,0,0
9143,1823,0,0,0,0,0,0,0,0,0
9144,1823,0,0,0,0,0,0,0,0,0
9145,1823,0,0,0,0,0,0,0,0,0
9146,1823,0,0,0,0,0,0,0,0,0
9147,1823,0,0,0,0,0,0,0,0,0
9148,1823,0,0,0,0,0,0,0,0,0
9149,1823,0,0,0,0,0,0,0,0,0
9150,1823,0,0,0,0,0,0,0,0,0
9151,1823,0,0,0,0,0,0,0,0,0
9152,1823,0,0,0,0,0,0,0,0,0
9153,1823,0,0,0,0,0,0,0,0,0
9154,1823,0,0,0,0,0,0,0,0,0
9155,1823,0,0,0,0,0,0,0,0,0
9156,1823,0,0,0,0,0,0,0,0,0
9157,1823,0,0,0,0,0,0,0,0,0
9158,1823,0,0,0,0,0,0,0,0,0
9159,1823,0,0,0,0,0,0,0,0,0
9160,1823,0,0,0,0,0,0,0,0,0
9161,1823,0,0,0,0,0,0,0,0,0
9162,1823,0,0,0,0,0,0,0,0,0
9163,1823,0,0,0,0,0,0,0,0,0
9164,1823,0,0,0,0,0,0,0,0,0
9165,1823,0,0,0,0,0,0,0,0,0
9166,1823,0,0,0,0,0,0,0,0,0
9167,1823,0,0,0,0,0,0,0,0,0
9168,1823,0,0,0,0,0,0,0,0,0
9169,1823,0,0,0,0,0,0,0,0,0
9170,1823,0,0,0,0,0,0,0,0,0
9171,1823,0,0,0,0,0,0,0,0,0
9172,1823,0,0,0,0,0,0,0,0,0
9173,1823,0,0,0,0,0,0,0,0,0
9174,1823,0,0,0,1,0,0,0,0,0
9175,1823,0,0,0,0,0,0,0,0,0
9176,1823,0,0,0,0,0,0,0,0,0
9177,1823,0,0,0,0,0,0,0,0,0
9178,1823,0,0,0,0,0,0,0,0,0
9179,1823,0,0,0,0,0,0,0,0,0
9180,1823,0,0,0,0,0,0,0,0,0
9181,1823,0,0,0,0,0,0,0,0,0
9182,1823,0,0,0,0,0,0,0,0,0
9183,1823,0,0,0,0,0,0,0,0,0
9184,1823,0,0,0,0,0,0,0,0,0
9185,1823,0,0,0,0,0,0,0,0,0
9186,1823,0,0,0,0,0,0,0,0,0
9187,1823,0,0,0,0,0,0,0,0,0
9188,1823,0,0,0,0,0,0,0,0,0
9189,1823,0,0,0,0,0,0,0,0,0
9190,1823,0,0,0,0,0,0,0,0,0
9191,1823,0,0,0,0,0,0,0,0,0
9192,1823,0,0,0,0,0,0,0,0,0
9193,1823,0,0,0,0,0,0,0,0,0
9194,1823,0,0,0,0,0,0,0,0,0
9195,1823,0,0,0,0,0,0,0,0,0
9196,1823,0,0,0,1,0,0,0,0,0
9197,1823,0,0,0,1,0,0,0,0,0
9198,1823,0,0,0,0,0,0,0,0,0
9199,1823,0,0,0,0,0,0,0,0,0
9200,1823,0,0,0,0,0,0,0,0,0
9201,1823,0,0,0,0,0,0,0,0,0
9202,1823,0,0,0,0,0,0,0,0,0
9203,1823,0,0,0,0,0,0,0,0,0
9204,1823,0,0,0,0,0,0,0,0,0
9205,1823,0,0,0,0,0,0,0,0,0
9206,1823,0,0,0,0,0,0,0,0,0
9207,1823,0,0,0,0,0,0,0,0,0
9208,1823,0,0,0,0,0,0,0,0,0
9209,1823,0,0,0,0,0,0,0,0,0
9210,1823,0,0,0,0,0,0,0,0,0
9211,1823,0,0,0,0,0,0,0,0,0
9212,1823,0,0,0,0,0,0,0,0,0
9213,1823,0,0,0,0,0,0,0,0,0
9214,1823,0,0,0,0,0,0,0,0,0
9215,1823,0,0,0,0,0,0,0,0,0
9216,1823,0,0,0,0,0,0,0,0,0
9217,1823,0,0,0,0,0,0,0,0,0
9218,1823,0,0,0,0,0,0,0,0,0
9219,1823,0,0,0,0,0,0,0,0,0
9220,1823,1,0,0,0,0,0,0,0,0
9221,1823,0,0,0,0,0,0,0,0,0
9222,1823,0,0,0,1,0,0,0,0,0
9223,1823,0,0,0,0,0,0,0,0,0
9224,1823,0,0,0,0,0,1,0,0,0
9225,1823,0,0,0,0,0,0,0,0,0
9226,1823,0,0,0,1,0,0,0,0,0
9227,1823,0,0,0,0,0,0,0,0,0
9228,1823,0,0,0,0,0,0,0,0,0
9229,1823,0,0,0,0,0,0,0,0,0
9230,1823,0,0,0,0,0,0,0,0,0
9231,1823,0,0,0,0,0,0,0,0,0
9232,1823,0,0,0,0,0,0,0,0,0
9233,1823,0,0,0,0,0,0,0,0,0
9234,1823,0,0,0,0,0,0,0,0,0
9235,1823,0,0,0,0,0,0,0,0,1
9236,1823,0,0,0,0,0,0,0,0,0
9237,1823,0,0,0,0,0,0,0,0,0
9238,1823,0,0,1,0,0,0,0,0,0
9239,1823,0,0,0,0,0,0,0,0,0
9240,1823,0,0,0,0,0,0,0,0,0
9241,1823,0,0,0,0,0,0,0,0,0
9242,1823,0,0,0,0,0,0,0,0,0
9243,1823,0,0,0,0,0,0,0,0,0
9244,1823,0,0,0,0,0,0,0,0,0
9245,1823,0,0,0,0,0,0,1,0,0
9246,1823,0,0,0,0,0,0,0,0,0
9247,1823,0,0,0,0,0,0,0,0,0
9248,1823,0,0,0,0,0,0,0,0,0
9249,1823,0,0,0,0,0,0,0,0,0
9250,1823,0,0,0,0,0,0,0,0,0
9251,1823,0,0,0,0,0,0,0,0,0
9252,1823,0,0,0,0,0,0,0,0,0
9253,1823,0,0,0,0,0,0,0,0,0
9254,1823,0,0,0,0,0,0,0,0,0
9255,1823,0,0,0,1,0,0,0,0,0
9256,1823,0,0,0,0,0,0,0,0,0
9257,1823,0,0,0,0,0,0,0,0,0
9258,1823,0,0,0,0,0,0,0,0,0
9259,1823,0,0,0,0,0,0,0,0,0
9260,1823,0,0,0,0,0,0,0,0,0
9261,1823,0,0,0,0,0,0,0,0,0
9262,1823,0,0,0,0,0,0,0,0,0
9263,1823,0,0,0,0,0,0,0,0,0
9264,1823,0,0,0,0,0,0,0,0,0
9265,1823,0,0,0,0,0,0,0,0,0
9266,1823,0,0,1,0,0,0,0,0,0
9267,1823,0,0,0,0,0,0,0,0,0
9268,1823,0,0,0,0,0,0,0,0,0
9269,1823,0,0,0,0,0,0,0,0,0
9270,1823,0,0,0,0,0,0,0,0,0
9271,1823,0,0,0,0,0,0,0,0,0
9272,1823,0,0,0,0,0,0,0,0,0
9273,1823,0,0,0,0,0,0,0,0,0
9274,1823,0,0,0,0,0,0,0,0,0
9275,1823,0,0,0,0,0,0,0,0,0
9276,1823,0,0,0,0,0,0,0,0,0
9277,1823,0,0,0,0,0,0,0,0,0
9278,1823,0,0,0,0,0,0,0,0,0
9279,1823,0,0,0,0,0,0,0,0,0
9280,1823,0,0,0,0,0,0,0,0,0
9281,1823,0,0,0,0,0,0,0,0,0
9282,1823,0,0,0,0,0,0,0,0,0
9283,1823,0,0,0,0,0,0,0,0,0
9284,1823,0,0,0,0,0,0,0,0,0
9285,1823,0,0,0,0,0,0,0,0,0
9286,1823,0,0,0,0,0,0,0,0,0
9287,1823,0,0,0,0,0,0,0,0,0
9288,1823,0,0,0,0,0,0,0,0,0
9289,1823,0,0,0,0,0,0,0,0,0
9290,1823,0,0,0,0,0,0,0,0,0
9291,1823,0,0,0,0,0,0,0,0,0
9292,1823,0,0,0,0,0,0,0,0,0
9293,1823,0,0,0,0,0,0,0,0,0
9294,1823,0,0,0,0,0,0,0,0,0
9295,1823,0,0,0,0,0,0,0,0,0
9296,1823,0,0,0,0,0,0,0,0,0
9297,1823,0,0,0,0,0,0,0,0,0
9298,1823,0,0,0,0,0,0,0,0,0
9299,1823,0,0,0,0,0,0,0,0,0
9300,1823,0,0,0,0,0,0,0,0,0
9301,1823,0,0,0,0,0,0,0,0,0
9302,1823,0,0,0,0,0,0,0,0,0
9303,1823,0,0,0,0,0,0,0,0,0
9304,1823,0,0,0,0,0,0,0,0,0
9305,1823,0,0,0,0,0,0,0,0,0
9306,1823,0,0,0,0,0,0,0,0,0
9307,1823,0,0,0,0,0,0,0,0,0
9308,1823,0,0,1,0,0,0,0,0,0
9309,1823,0,0,0,0,0,0,0,0,0
9310,1823,0,0,0,0,0,1,0,0,0
9311,1823,0,0,0,0,0,0,0,0,0
9312,1823,0,0,0,0,0,0,0,0,0
9313,1823,0,0,0,0,0,0,0,0,0
9314,1823,0,0,0,0,0,0,0,0,0
9315,1823,0,0,0,0,0,0,0,0,0
9316,1823,0,0,0,0,0,0,0,0,0
9317,1823,0,0,0,0,0,0,0,0,0
9318,1823,0,0,0,0,0,0,0,0,0
9319,1823,0,0,0,0,0,0,0,0,0
9320,1823,0,0,0,0,0,0,0,0,0
9321,1823,0,0,0,0,0,0,0,0,0
9322,1823,0,0,0,0,0,1,0,0,0
9323,1823,0,0,0,0,0,0,0,0,0
9324,1823,0,0,0,0,0,0,0,0,0
9325,1823,0,0,0,0,0,0,0,0,0
9326,1823,0,0,0,0,0,0,0,0,0
9327,1823,0,0,0,0,0,0,0,0,0
9328,1823,0,0,0,0,0,0,0,0,0
9329,1823,0,0,0,0,0,0,0,0,0
9330,1823,0,0,0,0,0,0,0,0,0
9331,1823,0,0,0,0,0,0,0,0,0
9332,1823,0,0,0,0,0,0,0,0,0
9333,1823,0,0,0,0,0,0,0,0,0
9334,1823,0,0,0,0,0,0,0,0,0
9335,1823,0,0,0,0,0,0,0,0,0
9336,1823,0,0,0,0,0,0,0,0,0
9337,1823,0,0,0,0,0,0,0,0,0
9338,1823,0,0,0,0,0,0,0,0,0
9339,1823,0,0,0,0,0,0,0,0,0
9340,1823,0,0,0,0,0,0,0,0,0
9341,1823,0,0,0,0,0,0,0,0,0
9342,1823,0,0,0,0,0,0,1,0,0
9343,1823,0,0,0,0,0,0,0,0,0
9344,1823,0,0,0,0,0,0,0,0,0
9345,1823,0,0,0,0,0,0,0,0,0
9346,1823,0,0,0,0,0,0,0,0,0
9347,1823,0,0,0,0,0,0,0,0,0
9348,1823,0,0,0,0,0,0,0,0,0
9349,1823,0,0,0,0,0,0,0,0,0
9350,1823,0,0,0,0,0,0,0,0,0
9351,1823,0,0,0,0,0,0,0,0,0
9352,1823,0,0,0,0,0,0,0,0,0
9353,1823,0,0,0,0,0,0,0,0,0
9354,1823,0,0,0,0,0,0,0,0,0
9355,1823,0,0,0,0,0,0,0,0,0
9356,1823,0,0,0,0,0,0,0,0,0
9357,1823,0,0,0,0,0,0,0,0,0
9358,1823,0,0,0,0,0,0,0,0,0
9359,1823,0,0,0,0,0,0,0,0,0
9360,1823,0,0,0,0,0,0,0,0,0
9361,1823,0,0,0,0,0,0,0,0,0
9362,1823,0,0,0,0,0,0,0,0,0
9363,1823,0,0,0,0,0,0,0,0,0
9364,1823,0,0,0,0,0,0,0,0,0
9365,1823,0,0,0,0,0,0,0,0,0
9366,1823,0,0,0,0,0,0,0,0,0
9367,1823,0,0,0,0,0,0,0,0,0
9368,1823,0,0,0,0,0,0,0,0,0
9369,1823,0,0,0,0,0,0,0,0,0
9370,1823,0,0,0,0,0,0,0,0,0
9371,1823,0,0,0,0,0,0,0,0,0
9372,1823,0,0,0,0,0,0,0,0,0
9373,1823,0,0,0,0,0,0,0,0,0
9374,1823,0,0,0,0,0,0,0,0,0
9375,1823,0,0,0,0,0,0,0,0,0
9376,1823,0,0,0,0,0,0,0,0,0
9377,1823,0,0,0,0,0,0,0,0,0
9378,1823,0,0,0,0,0,0,0,0,0
9379,1823,0,0,0,0,0,0,0,0,0
9380,1823,0,0,0,0,0,0,0,0,0
9381,1823,0,0,0,0,0,0,0,0,0
9382,1823,0,0,0,0,0,0,0,0,0
9383,1823,0,0,0,0,0,0,0,0,0
9384,1823,0,0,0,0,0,0,0,0,0
9385,1823,0,0,0,0,0,0,0,0,0
9386,1823,0,0,0,0,0,0,0,0,0
9387,1823,0,0,0,0,0,0,0,0,0
9388,1823,0,0,0,0,0,0,0,0,0
9389,1823,0,0,0,0,0,0,0,0,0
9390,1823,0,0,0,0,0,0,0,0,0
9391,1823,0,0,0,0,0,0,0,0,0
9392,1823,0,0,0,0,0,0,0,0,0
9393,1823,0,0,0,0,0,0,0,0,0
9394,1823,0,0,0,0,0,0,0,0,0
9395,1823,0,0,0,0,0,0,0,0,0
9396,1823,0,0,0,1,0,0,1,0,0
9397,1823,0,0,0,0,0,0,0,0,0
9398,1823,0,0,0,0,0,0,0,0,0
9399,1823,0,0,0,0,0,0,0,0,0
9400,1823,0,0,0,0,0,0,0,0,0
9401,1823,0,0,0,0,0,0,0,0,0
9402,1823,0,0,0,0,0,0,1,0,0
9403,1823,0,0,0,0,0,0,0,0,0
9404,1823,0,0,0,0,0,0,0,0,0
9405,1823,0,0,0,0,0,0,0,0,0
9406,1823,0,0,0,0,0,0,0,0,0
9407,1823,0,0,0,0,0,0,0,0,0
9408,1823,0,0,0,0,0,0,0,0,0
9409,1823,0,0,0,0,0,0,0,0,0
9410,1823,0,0,0,0,0,0,0,0,0
9411,1823,0,0,0,0,0,0,0,0,1
9412,1823,0,0,0,0,0,0,0,0,0
9413,1823,0,0,0,0,0,0,0,0,0
9414,1823,0,0,0,0,0,0,0,0,0
9415,1823,0,0,0,0,0,0,0,0,0
9416,1823,0,0,0,0,0,0,0,0,0
9417,1823,0,0,0,0,0,0,0,0,0
9418,1823,0,0,0,0,0,0,0,0,0
9419,1823,0,0,0,0,0,0,0,0,0
9420,1823,0,0,0,0,0,0,0,0,0
9421,1823,0,0,0,0,0,0,0,0,0
9422,1823,0,0,0,0,0,0,0,0,0
9423,1823,0,0,0,0,0,1,0,0,0
9424,1823,0,0,0,0,0,0,0,0,0
9425,1823,0,0,0,0,0,0,0,0,0
9426,1823,0,0,0,0,0,0,0,0,0
9427,1823,0,0,0,0,0,0,0,0,0
9428,1823,0,0,0,0,0,0,0,0,0
9429,1823,0,0,0,0,0,0,0,0,0
9430,1823,0,0,0,0,0,0,0,0,0
9431,1823,0,0,0,0,0,0,0,0,0
9432,1823,0,0,0,0,0,0,0,0,0
9433,1823,0,0,0,0,0,0,0,0,0
9434,1823,0,0,0,0,0,0,0,0,0
9435,1823,0,0,0,0,0,0,0,0,0
9436,1823,0,0,0,0,0,0,0,0,0
9437,1823,0,0,0,0,0,0,0,0,0
9438,1823,0,0,0,0,0,0,0,0,0
9439,1823,0,0,0,0,0,0,0,0,0
9440,1823,0,0,0,0,0,0,0,0,0
9441,1823,0,0,1,0,0,0,0,0,0
9442,1823,0,0,0,0,0,0,0,0,0
9443,1823,0,0,0,0,0,0,0,0,0
9444,1823,0,0,0,0,0,0,0,0,0
9445,1823,0,0,0,0,0,0,0,0,0
9446,1823,0,0,0,0,0,0,0,0,0
9447,1823,0,0,0,0,0,0,0,0,0
9448,1823,0,0,0,0,0,0,0,0,0
9449,1823,0,0,0,0,0,0,0,0,0
9450,1823,0,0,0,0,0,0,0,0,0
9451,1823,0,0,0,0,0,0,0,0,0
9452,1823,0,0,0,0,0,0,0,0,0
9453,1823,0,0,0,0,0,0,0,0,0
9454,1823,0,0,0,0,0,0,0,0,0
9455,1823,0,0,0,0,0,0,0,0,0
9456,1823,0,0,0,0,0,0,0,0,0
9457,1823,0,0,0,0,0,0,0,0,0
9458,1823,0,0,0,0,0,0,0,0,0
9459,1823,0,0,0,0,0,0,0,0,0
9460,1823,0,0,0,0,0,0,0,0,0
9461,1823,0,0,0,0,0,0,0,0,0
9462,1823,0,0,0,0,0,0,0,0,0
9463,1823,0,0,0,0,0,0,0,0,0
9464,1823,0,0,0,0,0,0,0,0,0
9465,1823,0,0,0,0,0,0,0,0,0
9466,1823,0,0,0,0,0,0,0,0,0
9467,1823,0,0,0,0,0,0,0,0,0
9468,1823,0,0,0,0,0,0,0,0,0
9469,1823,0,0,0,0,0,0,0,0,0
9470,1823,0,0,0,0,0,0,0,0,0
9471,1823,0,0,0,0,0,0,0,0,0
9472,1823,0,0,0,0,0,0,0,0,0
9473,1823,0,0,0,0,0,0,0,0,0
9474,1823,1,0,0,0,0,0,0,0,0
9475,1823,0,0,0,0,0,0,0,0,0
9476,1823,0,0,0,0,0,0,0,0,0
9477,1823,0,0,0,0,0,0,0,0,0
9478,1823,0,0,0,0,0,0,0,0,0
9479,1823,0,0,0,0,0,0,0,0,0
9480,1823,0,0,0,0,0,0,0,0,0
9481,1823,0,0,0,0,0,0,0,0,0
9482,1823,0,0,0,0,0,0,0,0,0
9483,1823,0,0,0,0,0,0,0,0,0
9484,1823,0,0,0,0,0,0,0,0,0
9485,1823,1,0,0,0,0,0,0,0,0
9486,1823,0,0,0,0,0,0,0,0,0
9487,1823,0,0,0,0,0,0,0,0,0
9488,1823,0,0,0,0,0,0,0,0,0
9489,1823,0,0,0,1,0,0,0,0,0
9490,1823,0,0,0,0,0,0,0,0,0
9491,1823,0,0,0,0,0,0,0,0,0
9492,1823,0,0,0,0,0,0,0,0,0
9493,1823,0,0,0,0,0,0,0,0,0
9494,1823,0,0,0,0,0,0,0,0,0
9495,1823,0,0,0,0,0,0,0,0,0
9496,1823,0,0,0,0,0,0,0,0,0
9497,1823,0,0,0,0,0,0,0,0,0
9498,1823,0,0,0,0,0,0,0,0,0
9499,1823,0,0,0,0,0,0,0,0,0
9500,1823,0,0,0,0,0,0,0,0,0
9501,1823,0,0,0,0,0,0,0,0,0
9502,1823,0,0,0,0,0,0,0,0,0
9503,1823,0,0,0,0,0,0,0,0,0
9504,1823,0,0,0,0,0,0,0,0,0
9505,1823,0,0,0,1,0,0,0,0,0
9506,1823,0,0,0,0,0,0,0,0,0
9507,1823,0,0,0,0,0,0,0,0,0
9508,1823,0,0,0,0,0,0,0,0,0
9509,1823,0,0,0,0,0,0,0,0,0
9510,1823,0,0,0,0,0,0,0,0,0
9511,1823,0,0,0,0,0,0,0,0,0
9512,1823,0,0,0,0,0,0,0,0,0
9513,1823,0,0,0,0,0,0,0,0,0
9514,1823,0,0,0,0,0,0,0,0,0
9515,1823,0,0,0,0,0,0,0,0,0
9516,1823,0,0,0,0,0,0,0,0,0
9517,1823,0,0,0,0,0,0,0,0,0
9518,1823,0,0,0,0,0,0,0,0,0
9519,1823,0,0,0,0,0,0,0,0,0
9520,1823,0,0,0,0,0,0,0,0,0
9521,1823,0,0,0,0,0,0,0,0,0
9522,1823,0,0,0,0,0,0,0,0,0
9523,1823,0,0,0,0,0,0,0,0,0
9524,1823,0,0,0,0,0,0,0,0,0
9525,1823,0,0,0,0,0,0,0,0,0
9526,1823,0,0,0,0,0,0,0,0,0
9527,1823,0,0,0,0,0,0,0,0,0
9528,1823,0,0,0,0,0,0,0,0,0
9529,1823,0,0,0,0,0,0,0,0,0
9530,1823,0,0,0,0,0,0,0,0,0
9531,1823,1,0,0,0,0,0,0,0,0
9532,1823,0,0,0,0,0,0,0,0,0
9533,1823,0,0,0,0,0,0,0,0,0
9534,1823,0,0,0,0,0,0,0,0,0
9535,1823,0,0,0,0,0,0,0,0,0
9536,1823,0,0,0,0,0,0,0,0,0
9537,1823,0,0,0,0,0,0,0,0,0
9538,1823,0,0,0,1,0,0,0,0,0
9539,1823,0,0,0,0,0,0,1,0,0
9540,1823,0,0,0,0,0,0,0,0,0
9541,1823,0,0,0,0,0,0,0,0,0
9542,1823,0,0,0,0,0,0,0,0,0
9543,1823,0,0,0,0,0,0,0,0,0
9544,1823,0,0,0,0,0,0,0,0,0
9545,1823,0,0,0,0,0,0,0,0,0
9546,1823,0,0,0,0,0,0,0,0,0
9547,1823,0,0,0,0,0,0,0,0,0
9548,1823,0,0,0,0,0,0,0,0,0
9549,1823,0,0,0,0,0,0,0,0,0
9550,1823,0,0,0,0,0,0,0,0,0
9551,1823,0,0,0,0,0,0,0,0,0
9552,1823,0,0,0,0,0,0,0,0,0
9553,1823,0,0,0,0,0,0,0,0,0
9554,1823,0,0,0,0,0,0,0,0,0
9555,1823,0,0,0,0,0,0,0,0,0
9556,1823,0,0,0,0,0,0,0,0,0
9557,1823,0,0,0,0,0,0,0,0,0
9558,1823,0,0,0,0,0,0,0,0,0
9559,1823,0,0,0,0,0,0,0,0,0
9560,1823,0,0,0,0,0,0,0,0,0
9561,1823,0,0,0,0,0,0,0,0,0
9562,1823,0,0,0,0,0,0,0,0,0
9563,1823,0,0,0,0,0,0,0,0,0
9564,1823,0,0,0,0,0,0,0,0,0
9565,1823,0,0,0,0,0,0,0,0,0
9566,1823,0,0,0,0,0,0,0,0,0
9567,1823,0,0,0,0,0,0,0,0,0
9568,1823,0,0,0,0,0,1,0,0,0
9569,1823,0,0,0,0,0,0,0,0,0
9570,1823,0,0,0,0,0,0,0,0,0
9571,1823,0,0,0,0,0,0,0,0,0
9572,1823,0,0,0,0,0,0,0,0,0
9573,1823,0,0,0,0,0,0,0,0,0
9574,1823,0,0,0,0,0,0,0,0,0
9575,1823,0,0,0,0,0,0,0,0,0
9576,1823,0,0,0,0,0,0,0,0,0
9577,1823,0,0,0,0,0,0,0,0,0
9578,1823,0,0,0,0,0,0,0,0,0
9579,1823,0,0,0,0,0,0,0,0,0
9580,1823,0,0,0,0,0,0,0,0,0
9581,1823,0,0,0,0,0,0,0,0,0
9582,1823,0,0,0,0,0,0,0,0,0
9583,1823,0,0,0,0,0,0,0,0,0
9584,1823,0,0,0,0,0,0,0,0,0
9585,1823,0,0,0,1,0,0,0,0,0
9586,1823,0,0,0,0,0,0,0,0,0
9587,1823,0,0,0,0,0,0,0,0,0
9588,1823,0,0,0,0,0,0,0,0,0
9589,1823,0,0,0,0,0,0,0,0,0
9590,1823,0,0,0,0,0,0,0,0,0
9591,1823,0,0,0,0,0,0,0,0,0
9592,1823,0,0,0,0,0,0,0,0,0
9593,1823,0,0,0,0,0,0,0,0,0
9594,1823,0,0,0,0,0,0,0,0,0
9595,1823,0,0,0,0,0,0,0,0,0
9596,1823,0,0,0,0,0,0,0,0,0
9597,1823,0,0,0,0,0,0,0,0,0
9598,1823,0,0,0,0,0,0,0,0,0
9599,1823,0,0,0,0,0,0,0,0,0
9600,1823,0,0,0,0,0,0,0,0,0
9601,1823,0,0,0,0,0,0,0,0,0
9602,1823,0,0,0,0,0,0,0,0,0
9603,1823,0,0,0,0,0,0,0,0,0
9604,1823,0,0,0,0,0,0,0,0,0
9605,1823,0,0,0,0,0,0,0,0,0
9606,1823,0,0,0,0,0,0,0,0,0
9607,1823,0,0,0,0,0,0,0,0,0
9608,1823,0,0,0,0,0,0,0,0,0
9609,1823,0,0,0,0,0,0,0,0,0
9610,1823,0,0,0,0,0,0,0,0,0
9611,1823,0,0,0,0,0,0,0,0,0
9612,1823,0,0,0,0,0,0,0,0,0
9613,1823,0,0,0,0,0,0,0,0,0
9614,1823,0,0,0,0,0,0,0,0,0
9615,1823,0,0,0,0,0,0,0,0,0
9616,1823,0,0,0,0,0,0,0,0,0
9617,1823,0,0,0,0,0,0,0,0,0
9618,1823,0,0,0,0,0,0,0,0,0
9619,1823,0,0,0,0,0,0,0,0,0
9620,1823,0,0,0,0,0,0,0,0,0
9621,1823,0,0,0,0,0,0,0,0,0
9622,1823,0,0,0,0,0,0,0,0,0
9623,1823,0,0,0,0,0,0,0,0,0
9624,1823,0,0,0,0,0,0,0,0,0
9625,1823,0,0,0,0,0,0,0,0,0
9626,1823,0,0,0,0,0,0,0,0,0
9627,1823,0,0,0,0,0,0,0,0,0
9628,1823,0,0,0,0,0,0,0,0,0
9629,1823,0,0,0,0,0,0,0,0,0
9630,1823,0,0,0,0,0,0,0,0,0
9631,1823,0,0,0,0,0,0,0,0,0
9632,1823,0,0,0,0,0,0,0,0,0
9633,1823,0,0,0,0,0,0,0,0,0
9634,1823,0,0,0,0,0,0,0,0,0
9635,1823,0,0,0,0,0,0,0,0,0
9636,1823,0,0,0,0,0,0,0,0,0
9637,1823,0,0,0,0,0,0,0,0,0
9638,1823,0,0,0,0,0,0,0,0,0
9639,1823,0,0,0,0,0,0,0,0,0
9640,1823,0,0,0,0,0,0,0,0,0
9641,1823,0,0,0,0,0,0,0,0,0
9642,1823,0,0,0,0,0,0,0,0,0
9643,1823,0,0,0,0,0,0,0,0,0
9644,1823,0,0,0,0,0,0,0,0,0
9645,1823,0,0,0,0,0,0,0,0,0
9646,1823,0,0,0,0,0,0,0,0,0
9647,1823,0,0,0,0,0,0,0,0,0
9648,1823,0,0,0,0,0,0,0,0,0
9649,1823,0,0,0,0,0,0,0,0,0
9650,1823,0,0,0,0,0,0,0,0,0
9651,1823,0,0,0,0,0,0,0,0,0
9652,1823,0,0,0,0,0,0,0,0,0
9653,1823,0,0,0,0,0,0,0,0,0
9654,1823,0,0,0,0,0,0,0,0,0
9655,1823,0,0,0,0,0,0,0,0,0
9656,1823,0,0,0,0,0,0,0,0,0
9657,1823,0,0,0,0,0,0,0,0,0
9658,1823,0,0,0,0,0,0,0,0,0
9659,1823,0,0,0,0,0,0,0,0,0
9660,1823,0,0,0,0,0,0,0,0,0
9661,1823,0,0,0,0,0,0,0,0,0
9662,1823,0,0,0,0,0,0,0,0,0
9663,1823,0,0,0,0,0,0,0,0,0
9664,1823,0,0,0,0,0,0,0,0,0
9665,1823,0,0,0,0,0,0,0,0,0
9666,1823,0,0,0,0,0,0,0,0,0
9667,1823,0,0,0,0,0,0,0,0,0
9668,1823,0,0,0,0,0,0,0,0,0
9669,1823,0,0,0,0,0,0,0,0,0
9670,1823,0,0,0,0,0,0,0,0,0
9671,1823,0,0,0,0,0,0,0,0,0
9672,1823,0,0,0,1,0,0,0,0,0
9673,1823,0,0,0,0,0,0,0,0,0
9674,1823,0,0,0,0,0,0,0,0,0
9675,1823,0,0,0,0,0,0,0,0,0
9676,1823,0,0,0,0,0,0,0,0,0
9677,1823,0,0,0,0,0,0,0,0,0
9678,1823,0,0,0,0,0,0,0,0,0
9679,1823,0,0,0,1,0,0,0,0,0
9680,1823,0,0,0,0,0,0,0,0,0
9681,1823,0,0,0,0,0,0,0,0,0
9682,1823,0,0,0,0,0,0,0,0,0
9683,1823,0,0,0,0,0,0,0,0,0
9684,1823,0,0,0,0,0,0,0,0,0
9685,1823,0,0,0,0,0,0,0,0,0
9686,1823,0,0,0,0,0,0,0,0,0
9687,1823,0,0,0,0,0,0,0,0,0
9688,1823,0,0,0,0,0,0,0,0,0
9689,1823,0,0,0,0,0,0,0,0,0
9690,1823,0,0,0,0,0,0,0,0,0
9691,1823,0,0,0,0,0,0,0,0,0
9692,1823,0,0,0,0,0,0,0,0,0
9693,1823,0,0,0,0,0,0,0,0,0
9694,1823,0,0,0,0,0,0,0,0,0
9695,1823,0,0,0,0,0,0,0,0,0
9696,1823,0,0,0,0,0,0,0,0,0
9697,1823,0,0,0,0,0,0,0,0,0
9698,1823,0,0,0,0,0,0,0,0,0
9699,1823,0,0,0,0,0,0,0,0,0
9700,1823,0,0,0,0,0,0,0,0,0
9701,1823,0,0,0,0,0,0,0,0,0
9702,1823,0,0,0,0,0,0,0,0,0
9703,1823,0,0,0,0,0,0,0,0,0
9704,1823,0,0,0,0,0,0,0,0,0
9705,1823,0,0,0,0,0,0,0,0,0
9706,1823,0,0,0,0,0,0,0,0,0
9707,1823,0,0,0,0,0,0,0,0,0
9708,1823,0,0,0,0,0,0,0,0,0
9709,1823,0,0,0,0,0,0,0,0,0
9710,1823,0,0,0,0,0,0,0,0,0
9711,1823,0,0,0,0,0,0,0,0,0
9712,1823,0,0,1,0,0,0,0,0,0
9713,1823,0,0,0,0,0,0,0,0,0
9714,1823,0,0,0,0,0,0,0,0,0
9715,1823,0,0,0,0,0,0,0,0,0
9716,1823,0,0,0,0,0,0,0,0,0
9717,1823,0,0,0,0,0,0,0,0,0
9718,1823,0,0,0,0,0,0,0,0,0
9719,1823,0,0,0,0,0,0,0,0,0
9720,1823,0,0,0,0,0,0,0,0,0
9721,1823,0,0,0,0,0,0,0,0,0
9722,1823,0,0,0,0,0,0,0,0,0
9723,1823,0,0,0,0,0,0,0,0,0
9724,1823,0,0,0,0,0,0,0,0,0
9725,1823,0,0,0,0,0,0,0,0,0
9726,1823,0,0,0,0,0,0,0,0,0
9727,1823,0,0,0,0,0,0,0,0,0
9728,1823,0,0,0,0,0,0,0,0,0
9729,1823,0,0,0,0,0,0,0,0,0
9730,1823,0,0,0,0,0,0,0,0,0
9731,1823,0,0,0,0,0,0,0,0,0
9732,1823,0,0,0,0,0,0,0,0,0
9733,1823,0,0,0,0,0,0,0,0,0
9734,1823,0,0,0,0,0,0,0,0,0
9735,1823,0,0,0,0,0,0,0,0,0
9736,1823,0,0,0,0,0,0,0,0,0
9737,1823,0,0,0,0,0,0,0,0,0
9738,1823,0,0,0,0,0,0,0,0,0
9739,1823,0,0,0,0,0,0,0,0,0
9740,1823,0,0,0,0,0,0,0,0,0
9741,1823,0,0,0,0,0,0,0,0,0
9742,1823,0,0,0,0,0,0,0,0,0
9743,1823,0,0,0,0,0,0,0,0,0
9744,1823,0,0,0,0,0,0,0,0,0
9745,1823,0,0,0,0,0,0,0,0,0
9746,1823,0,0,0,0,0,0,0,0,0
9747,1823,0,0,0,0,0,0,0,0,0
9748,1823,0,0,0,0,0,0,0,0,0
9749,1823,1,0,0,0,0,0,0,0,0
9750,1823,0,0,0,0,0,0,0,0,0
9751,1823,0,0,0,0,0,0,0,0,0
9752,1823,0,0,0,0,0,0,0,0,0
9753,1823,0,0,0,0,0,0,0,0,0
9754,1823,0,0,0,0,0,0,0,0,0
9755,1823,0,0,0,0,0,0,0,0,0
9756,1823,0,0,0,0,0,0,0,0,0
9757,1823,0,0,0,0,0,0,0,0,0
9758,1823,0,0,0,0,0,0,0,0,0
9759,1823,0,0,0,0,0,0,0,0,0
9760,1823,0,0,0,0,0,0,0,0,0
9761,1823,0,0,0,0,0,0,0,0,0
9762,1823,0,0,0,0,0,0,0,0,0
9763,1823,0,0,0,0,0,0,0,0,0
9764,1823,0,0,0,0,0,0,0,0,0
9765,1823,0,0,0,0,0,0,0,0,0
9766,1823,0,0,0,0,0,0,0,0,0
9767,1823,0,0,0,0,0,0,0,0,0
9768,1823,0,0,0,0,0,0,0,0,0
9769,1823,0,0,0,0,0,0,1,0,0
9770,1823,0,0,0,0,0,0,0,0,0
9771,1823,0,0,0,0,0,0,0,0,0
9772,1823,0,0,0,0,0,0,0,0,0
9773,1823,0,0,0,0,0,0,0,0,0
9774,1823,0,0,0,0,0,0,0,0,0
9775,1823,0,0,0,0,0,0,0,0,0
9776,1823,0,0,0,0,0,0,0,0,0
9777,1823,0,0,0,0,0,0,0,0,0
9778,1823,0,0,0,0,0,0,0,0,0
9779,1823,0,0,0,0,0,0,0,0,0
9780,1823,0,0,0,0,0,0,0,0,0
9781,1823,0,0,0,0,0,0,0,0,0
9782,1823,0,0,0,0,0,0,0,0,0
9783,1823,0,0,0,0,0,0,0,0,0
9784,1823,0,0,0,0,0,0,0,0,0
9785,1823,0,0,0,0,0,0,0,0,0
9786,1823,0,0,0,0,0,0,0,0,0
9787,1823,0,0,0,0,0,0,0,0,0
9788,1823,0,0,0,0,0,0,0,0,0
9789,1823,0,0,0,0,0,0,0,0,0
9790,1823,0,0,0,0,0,0,0,0,0
9791,1823,0,0,0,0,0,0,0,0,0
9792,1823,0,0,0,0,0,0,0,0,0
9793,1823,0,0,0,0,0,0,0,0,0
9794,1823,0,0,0,0,0,0,0,0,0
9795,1823,0,0,0,0,0,0,0,0,0
9796,1823,0,0,0,0,0,0,0,0,0
9797,1823,0,0,0,0,0,0,0,0,0
9798,1823,0,0,1,0,0,0,0,0,0
9799,1823,0,0,0,0,0,0,0,0,0
9800,1823,0,0,0,0,0,0,0,0,0
9801,1823,0,0,0,0,0,0,0,0,0
9802,1823,0,0,0,0,0,0,0,0,0
9803,1823,0,0,0,0,0,0,1,0,0
9804,1823,0,0,0,0,0,0,0,0,0
9805,1823,0,0,0,0,0,0,0,0,0
9806,1823,0,0,0,0,0,0,0,0,0
9807,1823,0,0,0,0,0,0,0,0,0
9808,1823,0,0,0,0,0,0,0,0,0
9809,1823,0,0,0,0,0,0,0,0,0
9810,1823,0,0,0,0,0,0,0,0,0
9811,1823,0,0,0,0,0,0,0,0,0
9812,1823,0,0,0,0,0,0,0,0,0
9813,1823,0,0,0,0,0,0,0,0,0
9814,1823,0,0,0,0,0,0,0,0,0
9815,1823,0,0,0,0,0,0,0,0,0
9816,1823,0,0,0,0,0,0,0,0,0
9817,1823,0,0,0,0,0,0,0,0,0
9818,1823,0,0,0,0,0,0,0,0,0
9819,1823,0,0,0,0,0,0,0,0,0
9820,1823,0,0,0,0,0,0,0,0,0
9821,1823,0,0,0,0,0,0,0,0,0
9822,1823,0,0,0,0,0,0,0,0,0
9823,1823,0,0,0,0,0,0,0,0,0
9824,1823,0,0,0,0,0,0,0,0,0
9825,1823,0,0,0,0,0,0,0,0,0
9826,1823,0,0,0,0,0,0,0,0,0
9827,1823,0,0,0,0,0,0,0,0,0
9828,1823,0,0,0,0,0,0,0,0,0
9829,1823,0,0,0,0,0,0,0,0,0
9830,1823,0,0,0,1,0,0,0,0,0
9831,1823,0,0,0,0,0,0,0,0,0
9832,1823,0,0,0,0,0,0,0,0,0
9833,1823,0,0,0,0,0,0,0,0,0
9834,1823,0,0,0,0,0,0,0,0,0
9835,1823,0,0,0,0,0,0,0,0,0
9836,1823,0,0,0,0,0,0,0,0,0
9837,1823,0,0,0,0,0,0,0,0,0
9838,1823,0,0,0,0,0,0,0,0,0
9839,1823,0,0,0,0,0,0,0,0,0
9840,1823,0,0,0,0,0,0,0,0,0
9841,1823,0,0,0,0,0,0,0,0,0
9842,1823,0,0,0,0,0,0,0,0,0
9843,1823,0,0,0,0,0,0,0,0,0
9844,1823,0,0,0,0,0,0,0,0,0
9845,1823,0,0,0,0,0,0,0,0,0
9846,1823,0,0,0,0,0,0,0,0,0
9847,1823,0,0,0,0,0,0,0,0,0
9848,1823,0,0,0,0,0,0,0,0,0
9849,1823,0,0,0,0,0,0,0,0,0
9850,1823,0,0,0,0,0,0,0,0,0
9851,1823,0,0,0,0,0,0,0,0,0
9852,1823,0,0,0,0,0,0,0,0,0
9853,1823,0,0,0,0,0,0,0,0,0
9854,1823,0,0,0,0,0,0,0,0,0
9855,1823,0,0,0,0,0,0,0,0,0
9856,1823,0,0,0,0,0,1,0,0,0
9857,1823,0,0,0,0,0,0,0,0,0
9858,1823,0,0,0,0,0,0,0,0,0
9859,1823,0,0,0,0,0,0,0,0,0
9860,1823,0,0,0,0,0,0,0,0,0
9861,1823,0,0,0,0,0,0,0,0,0
9862,1823,0,0,0,0,0,0,0,0,0
9863,1823,0,0,0,0,0,0,0,0,0
9864,1823,0,0,0,0,0,0,0,0,0
9865,1823,0,0,0,0,0,0,0,0,0
9866,1823,0,0,0,0,0,0,0,0,0
9867,1823,0,0,0,0,0,0,0,0,0
9868,1823,0,0,0,0,0,0,0,0,0
9869,1823,0,0,0,0,0,0,0,0,0
9870,1823,0,0,0,0,0,0,0,0,0
9871,1823,0,0,0,0,0,0,0,0,0
9872,1823,0,0,0,0,0,0,0,0,0
9873,1823,0,0,1,0,0,0,0,0,0
9874,1823,0,0,0,0,0,0,0,0,0
9875,1823,0,0,0,0,0,0,0,0,0
9876,1823,0,0,0,0,0,0,0,0,0
9877,1823,0,0,0,0,0,0,0,0,0
9878,1823,0,0,0,0,0,0,0,0,0
9879,1823,0,0,0,0,0,0,0,0,0
9880,1823,0,0,0,0,0,0,0,0,0
9881,1823,0,0,0,0,0,0,0,0,0
9882,1823,0,0,0,0,0,0,0,0,0
9883,1823,0,0,0,0,0,0,0,0,0
9884,1823,0,0,0,0,0,0,0,0,0
9885,1823,0,0,0,0,0,0,0,0,0
9886,1823,0,0,0,0,0,0,0,0,0
9887,1823,0,0,0,0,0,0,0,0,0
9888,1823,0,0,0,0,0,0,0,0,0
9889,1823,0,0,1,0,0,0,0,0,0
9890,1823,0,0,0,0,0,0,0,0,0
9891,1823,0,0,0,0,0,0,0,0,0
9892,1823,0,0,0,0,0,0,0,0,0
9893,1823,0,0,0,1,0,0,0,0,0
9894,1823,0,0,0,0,0,0,0,0,0
9895,1823,0,0,0,0,0,0,0,0,0
9896,1823,0,0,0,0,0,0,0,0,0
9897,1823,0,0,0,0,0,0,0,0,0
9898,1823,0,0,0,0,0,0,0,0,0
9899,1823,0,0,0,0,0,0,0,0,0
9900,1823,0,0,0,0,0,0,0,0,0
9901,1823,0,0,0,0,0,0,0,0,0
9902,1823,0,0,0,0,0,0,0,0,0
9903,1823,0,0,0,0,0,0,0,0,0
9904,1823,0,0,1,0,0,0,0,0,0
9905,1823,0,0,0,0,0,0,0,0,0
9906,1823,0,0,0,0,0,0,0,0,0
9907,1823,0,0,0,0,0,0,0,0,0
9908,1823,0,0,0,0,0,0,0,0,0
9909,1823,0,0,0,0,0,0,0,0,0
9910,1823,0,0,0,0,0,0,0,0,0
9911,1823,0,0,0,0,0,1,0,0,0
9912,1823,0,0,0,0,0,0,0,0,0
9913,1823,0,0,0,0,0,0,0,0,0
9914,1823,0,0,0,0,0,0,0,0,0
9915,1823,0,0,0,0,0,0,0,0,0
9916,1823,0,0,0,0,0,0,0,0,0
9917,1823,0,0,0,0,0,0,0,0,0
9918,1823,0,0,0,0,0,0,0,0,0
9919,1823,0,0,0,0,0,0,0,0,0
9920,1823,0,0,0,0,0,0,0,0,0
9921,1823,0,0,0,0,0,0,0,0,0
9922,1823,0,0,0,0,0,0,0,0,0
9923,1823,0,0,0,0,0,0,0,0,0
9924,1823,0,0,0,0,0,0,0,0,0
9925,1823,0,0,0,0,0,0,0,0,0
9926,1823,0,0,0,0,0,0,0,0,0
9927,1823,0,0,0,0,0,0,0,0,0
9928,1823,0,0,0,0,0,0,0,0,0
9929,1823,0,0,0,0,0,0,0,0,0
9930,1823,0,0,0,0,0,0,1,0,0
9931,1823,0,0,0,0,0,0,0,0,0
9932,1823,0,0,0,1,0,0,0,0,0
9933,1823,0,0,0,0,0,0,0,0,0
9934,1823,0,0,0,0,0,0,0,0,0
9935,1823,0,0,0,0,0,0,0,0,0
9936,1823,0,0,0,0,0,0,0,0,0
9937,1823,0,0,0,0,0,0,0,0,0
9938,1823,0,0,0,0,0,0,0,0,0
9939,1823,0,0,0,0,0,0,0,0,0
9940,1823,0,0,0,0,0,0,0,0,0
9941,1823,0,0,0,0,0,0,0,0,0
9942,1823,0,0,0,0,0,0,0,0,0
9943,1823,0,0,0,0,0,0,0,0,0
9944,1823,0,0,0,0,0,0,0,0,0
9945,1823,0,0,0,0,0,0,0,0,0
9946,1823,0,0,0,0,0,0,0,0,0
9947,1823,0,0,0,0,0,0,0,0,0
9948,1823,0,0,0,0,0,0,0,0,0
9949,1823,0,0,0,0,0,0,0,0,0
9950,1823,0,0,0,0,0,0,0,0,0
9951,1823,0,0,0,0,0,0,0,0,0
9952,1823,0,0,0,0,0,0,0,0,0
9953,1823,0,0,0,0,0,0,0,0,0
9954,1823,0,0,0,0,0,0,0,0,0
9955,1823,0,0,0,0,0,0,0,0,0
9956,1823,0,0,0,0,0,0,0,0,0
9957,1823,0,0,0,0,0,0,0,0,0
9958,1823,0,0,0,0,0,0,0,0,0
9959,1823,0,0,0,0,0,0,0,0,0
9960,1823,0,0,0,0,0,0,0,0,0
9961,1823,0,0,0,0,0,0,0,0,0
9962,1823,0,0,0,0,0,0,0,0,0
9963,1823,0,0,0,0,0,0,0,0,0
9964,1823,0,0,0,0,0,0,0,0,0
9965,1823,0,0,0,0,0,0,0,0,0
9966,1823,0,0,0,0,0,0,0,0,0
9967,1823,0,0,0,0,0,0,0,0,0
9968,1823,0,0,0,0,0,0,0,0,0
9969,1823,0,0,0,0,0,0,0,0,0
9970,1823,0,0,0,0,0,0,0,0,0
9971,1823,0,0,0,0,0,0,0,0,0
9972,1823,0,0,0,0,0,0,0,0,0
9973,1823,0,0,0,0,0,0,0,0,0
9974,1823,0,0,0,0,0,0,0,0,0
9975,1823,0,0,0,0,0,0,0,0,0
9976,1823,0,0,0,0,0,0,0,0,0
9977,1823,0,0,0,0,0,0,0,0,0
9978,1823,0,0,0,0,0,0,0,0,0
9979,1823,0,0,0,0,0,0,0,0,0
9980,1823,0,0,0,0,0,0,0,0,0
9981,1823,0,0,0,0,0,0,0,0,0
9982,1823,0,0,0,0,0,0,0,0,0
9983,1823,0,0,0,0,0,0,0,0,0
9984,1823,0,0,0,0,0,0,0,0,0
9985,1823,0,0,0,0,0,0,0,0,0
9986,1823,0,0,0,0,0,0,0,0,0
9987,1823,0,0,0,0,0,0,0,0,0
9988,1823,0,0,0,0,0,0,0,0,0
9989,1823,0,0,0,0,0,0,0,0,0
9990,1823,0,0,0,0,0,0,0,0,0
9991,1823,0,0,0,0,0,0,0,0,0
9992,1823,0,0,0,0,0,0,0,0,0
9993,1823,0,0,0,0,0,0,0,0,0
9994,1823,0,0,0,0,0,0,0,0,0
9995,1823,0,0,0,0,0,0,1,0,0
9996,1823,0,0,0,0,0,0,0,0,0
9997,1823,0,0,0,0,0,0,0,0,0
9998,1823,0,0,0,0,0,0,0,0,0
9999,1823,1,0,0,0,0,0,1,0,0
10000,1823,0,0,0,0,0,0,0,0,0
10001,1823,0,0,0,0,0,0,0,0,0
10002,1823,0,0,0,0,0,0,0,0,0
10003,1823,0,0,0,0,0,0,0,0,0
10004,1823,0,0,0,0,0,0,0,0,0
10005,1823,0,0,0,0,0,0,0,0,0
10006,1823,0,0,0,0,0,0,0,0,0
10007,1823,0,0,0,0,0,0,0,0,0
10008,1823,0,0,0,0,0,0,0,0,0
10009,1823,0,0,0,0,0,0,0,0,0
10010,1823,0,0,0,0,0,0,0,0,0
10011,1823,0,0,0,0,0,0,1,0,0
10012,1823,0,0,0,0,0,0,0,0,0
10013,1823,0,0,0,0,0,0,0,0,0
10014,1823,0,0,0,0,0,0,0,0,0
10015,1823,0,0,0,0,0,0,0,0,0
10016,1823,0,0,0,0,0,0,0,0,0
10017,1823,0,0,0,0,0,0,0,0,0
10018,1823,0,0,0,0,0,0,0,0,0
10019,1823,0,0,0,0,0,0,0,0,0
10020,1823,0,0,0,0,0,0,0,0,0
10021,1823,0,0,0,0,0,0,0,0,0
10022,1823,0,0,0,0,0,0,0,0,0
10023,1823,0,0,0,0,0,0,0,0,0
10024,1823,1,0,0,0,0,0,0,0,0
10025,1823,0,0,0,0,0,0,0,0,0
10026,1823,0,0,0,0,0,0,0,0,0
10027,1823,0,0,0,0,0,0,0,0,0
10028,1823,0,0,0,1,0,0,0,0,0
10029,1823,0,0,0,0,0,0,0,0,0
10030,1823,0,0,0,0,0,0,0,0,0
10031,1823,0,0,0,0,0,0,0,0,0
10032,1823,0,0,0,0,0,0,0,0,0
10033,1823,0,0,0,0,0,0,0,0,0
10034,1823,0,0,0,0,0,0,0,0,0
10035,1823,0,0,0,0,0,0,0,0,0
10036,1823,0,0,0,1,0,0,0,0,0
10037,1823,0,0,0,0,0,0,0,0,0
10038,1823,0,0,0,0,0,0,0,0,0
10039,1823,0,0,0,0,0,0,0,0,0
10040,1823,0,0,0,0,0,0,0,0,0
10041,1823,0,0,0,0,0,0,0,0,0
10042,1823,0,0,0,0,0,0,0,0,0
10043,1823,0,0,0,0,0,0,0,0,0
10044,1823,0,0,0,0,0,0,0,0,0
10045,1823,0,0,0,0,0,0,0,0,0
10046,1823,0,0,0,0,0,0,0,0,0
10047,1823,0,0,0,0,0,0,0,0,0
10048,1823,0,0,0,0,0,0,0,0,0
10049,1823,0,0,0,0,0,1,0,0,0
10050,1823,0,0,0,0,0,0,0,0,0
10051,1823,0,0,0,0,0,0,0,0,0
10052,1823,0,0,0,0,0,0,0,0,0
10053,1823,0,0,0,0,0,0,0,0,0
10054,1823,0,0,1,0,0,0,0,0,0
10055,1823,0,0,0,0,0,0,0,0,0
10056,1823,0,0,0,0,0,0,0,0,0
10057,1823,0,0,0,0,0,0,0,0,0
10058,1823,0,0,1,0,0,0,0,0,0
10059,1823,0,0,0,0,0,0,0,0,0
10060,1823,0,0,0,0,0,0,0,0,0
10061,1823,0,0,0,0,0,0,0,0,0
10062,1823,0,0,0,0,0,0,0,0,0
10063,1823,0,0,0,0,0,0,0,0,0
10064,1823,0,0,0,0,0,0,0,0,0
10065,1823,0,0,0,0,0,0,0,0,0
10066,1823,0,0,0,0,0,0,0,0,0
10067,1823,0,0,0,0,0,0,0,0,0
10068,1823,0,0,0,0,0,0,0,0,0
10069,1823,0,0,0,0,0,0,0,0,0
10070,1823,0,0,0,0,0,0,0,0,0
10071,1823,0,0,0,0,0,0,0,0,0
10072,1823,0,0,0,0,0,0,0,0,0
10073,1823,0,0,0,0,0,0,0,0,0
10074,1823,0,0,0,0,0,0,0,0,0
10075,1823,0,0,0,0,0,0,0,0,0
10076,1823,0,0,0,0,0,0,0,0,0
10077,1823,0,0,0,0,0,0,0,0,0
10078,1823,0,0,0,0,0,0,0,0,0
10079,1823,0,0,0,0,0,0,0,0,0
10080,1823,0,0,0,0,0,0,0,0,0
10081,1823,0,0,0,0,0,0,0,0,0
10082,1823,0,0,0,0,0,0,0,0,0
10083,1823,0,0,0,0,0,0,0,0,0
10084,1823,0,0,0,0,0,0,0,0,0
10085,1823,0,0,0,0,0,0,0,0,0
10086,1823,0,0,0,0,0,0,0,0,0
10087,1823,0,0,0,0,0,0,0,0,0
10088,1823,0,0,0,0,0,0,0,0,0
10089,1823,0,0,0,0,0,0,0,0,0
10090,1823,0,0,0,0,0,0,0,0,0
10091,1823,0,0,0,0,0,0,0,0,0
10092,1823,0,0,0,0,0,0,0,0,0
10093,1823,0,0,0,0,0,0,0,0,0
10094,1823,0,0,0,0,0,0,0,0,0
10095,1823,0,0,0,0,0,0,0,0,0
10096,1823,0,0,0,0,0,0,0,0,0
10097,1823,0,0,0,0,0,0,0,0,0
10098,1823,0,0,0,0,0,0,0,0,0
10099,1823,0,0,0,0,0,0,0,0,0
10100,1823,0,0,0,0,0,0,0,0,0
10101,1823,0,0,0,0,0,0,0,0,0
10102,1823,0,0,0,0,0,0,0,0,0
10103,1823,0,0,0,0,0,0,0,0,0
10104,1823,0,0,0,0,0,0,0,0,0
10105,1823,0,0,0,0,0,0,0,0,0
10106,1823,0,0,0,0,0,0,0,0,0
10107,1823,0,0,0,0,0,0,0,0,0
10108,1823,0,0,0,0,0,0,0,0,0
10109,1823,0,0,0,0,0,0,0,0,0
10110,1823,0,0,0,0,0,0,0,0,0
10111,1823,0,0,0,0,0,0,0,0,0
10112,1823,0,0,0,0,0,0,0,0,0
10113,1823,0,0,0,0,0,0,0,0,0
10114,1823,0,0,0,0,0,0,0,0,0
10115,1823,0,0,0,0,0,0,0,0,0
10116,1823,0,0,0,0,0,0,0,0,0
10117,1823,0,0,0,0,0,0,0,0,0
10118,1823,0,0,0,0,0,0,0,0,0
10119,1823,0,0,0,0,0,0,0,0,0
10120,1823,0,0,0,0,0,0,0,0,0
10121,1823,0,0,0,0,0,0,0,0,0
10122,1823,0,0,0,0,0,0,0,0,0
10123,1823,0,0,0,0,0,0,0,0,0
10124,1823,0,0,0,0,0,0,0,0,0
10125,1823,0,0,0,0,0,0,0,0,0
10126,1823,0,0,0,0,0,0,0,0,0
10127,1823,0,0,0,0,0,0,0,0,0
10128,1823,0,0,0,0,0,0,0,0,0
10129,1823,0,0,0,0,0,0,0,0,0
10130,1823,0,0,0,0,0,0,0,0,0
10131,1823,0,0,0,0,0,0,0,0,0
10132,1823,0,0,0,0,0,0,0,0,0
10133,1823,0,0,0,0,0,0,0,0,0
10134,1823,0,0,0,0,0,0,0,0,0
10135,1823,0,0,0,0,0,0,0,0,0
10136,1823,0,0,0,0,0,0,0,0,0
10137,1823,0,0,0,0,0,0,0,0,0
10138,1823,0,0,0,0,0,0,0,0,0
10139,1823,0,0,0,0,0,0,0,0,0
10140,1823,0,0,0,0,0,0,0,0,0
10141,1823,0,0,1,0,0,0,0,0,0
10142,1823,0,0,0,0,0,0,0,0,0
10143,1823,0,0,0,0,0,0,0,0,0
10144,1823,0,0,0,0,0,0,0,0,0
10145,1823,0,0,0,0,0,0,0,0,0
10146,1823,0,0,0,0,0,0,0,0,0
10147,1823,0,0,0,0,0,0,0,0,0
10148,1823,0,0,0,0,0,0,0,0,0
10149,1823,0,0,0,0,0,0,0,0,0
10150,1823,0,0,0,0,0,0,0,0,0
10151,1823,0,0,0,0,0,0,0,0,0
10152,1823,0,0,0,0,0,0,0,0,0
10153,1823,0,0,1,1,0,0,0,0,0
10154,1823,0,0,0,0,0,0,0,0,0
10155,1823,0,0,0,0,0,0,0,0,0
10156,1823,0,0,0,0,0,0,0,0,0
10157,1823,0,0,1,0,0,0,0,0,0
10158,1823,0,0,0,0,0,0,0,0,0
10159,1823,0,0,0,0,0,0,0,0,0
10160,1823,0,0,0,0,0,0,0,0,0
10161,1823,0,0,0,0,0,0,0,0,0
10162,1823,0,0,0,0,0,0,0,0,0
10163,1823,0,0,0,0,0,0,0,0,0
10164,1823,0,0,0,0,0,0,0,0,0
10165,1823,0,0,0,0,0,0,0,0,0
10166,1823,0,0,0,0,0,0,0,0,0
10167,1823,0,0,0,0,0,0,0,0,0
10168,1823,0,0,0,0,0,0,0,0,0
10169,1823,0,0,0,0,0,0,0,0,0
10170,1823,0,0,0,0,0,1,0,0,0
10171,1823,0,0,0,0,0,0,0,0,0
10172,1823,0,0,0,0,0,0,0,0,0
10173,1823,0,0,0,0,0,0,0,0,0
10174,1823,0,0,0,0,0,0,0,0,0
10175,1823,0,0,0,0,0,0,0,0,0
10176,1823,0,0,0,0,0,0,0,0,0
10177,1823,0,0,0,0,0,0,0,0,0
10178,1823,0,0,0,0,0,0,0,0,0
10179,1823,0,0,0,0,0,0,0,0,0
10180,1823,0,0,0,0,0,0,0,0,0
10181,1823,0,0,0,0,0,0,0,0,0
10182,1823,0,0,0,0,0,0,0,0,0
10183,1823,0,0,0,0,0,0,0,0,0
10184,1823,0,0,0,0,0,0,0,0,0
10185,1823,0,0,0,0,0,0,0,0,0
10186,1823,0,0,0,0,0,0,0,0,0
10187,1823,0,0,0,0,0,0,0,0,0
10188,1823,0,0,0,0,0,0,0,0,0
10189,1823,0,0,0,0,0,0,0,0,0
10190,1823,0,0,0,0,0,0,0,0,0
10191,1823,0,0,0,0,0,0,0,0,0
10192,1823,0,0,0,0,0,0,0,0,0
10193,1823,0,0,0,0,0,0,0,0,0
10194,1823,0,0,1,0,0,0,0,0,0
10195,1823,0,0,0,0,0,0,0,0,0
10196,1823,0,0,0,0,0,0,0,0,0
10197,1823,0,0,0,0,0,0,0,0,0
10198,1823,0,0,0,0,0,0,0,0,0
10199,1823,0,0,0,0,0,0,0,0,0
10200,1823,0,0,0,0,0,0,0,0,0
10201,1823,0,0,0,0,0,0,0,0,0
10202,1823,0,0,0,0,0,0,0,0,0
10203,1823,0,0,0,0,0,0,0,0,0
10204,1823,0,0,0,0,0,0,0,0,0
10205,1823,0,0,0,0,0,0,0,0,0
10206,1823,0,0,0,0,0,0,0,0,0
10207,1823,0,0,0,0,0,0,0,0,0
10208,1823,0,0,0,0,0,0,0,0,0
10209,1823,0,0,0,0,0,0,0,0,0
10210,1823,1,0,0,0,0,0,0,0,0
10211,1823,0,0,0,0,0,0,0,0,0
10212,1823,0,0,0,0,0,0,0,0,0
10213,1823,0,0,0,0,0,0,0,0,0
10214,1823,0,0,0,0,0,0,0,0,0
10215,1823,0,0,0,0,0,0,0,0,0
10216,1823,0,0,0,0,0,0,0,0,0
10217,1823,0,0,0,0,0,0,0,0,0
10218,1823,0,0,0,0,0,0,0,0,0
10219,1823,0,0,0,0,0,0,0,0,0
10220,1823,0,0,0,0,0,0,0,0,0
10221,1823,0,0,0,0,0,0,0,0,0
10222,1823,0,0,0,0,0,0,0,0,0
10223,1823,0,0,0,0,0,0,0,0,0
10224,1823,0,0,0,0,0,0,0,0,0
10225,1823,0,0,0,0,0,0,0,0,0
10226,1823,0,0,0,0,0,0,0,0,0
10227,1823,0,0,0,0,0,0,0,0,0
10228,1823,0,0,0,0,0,0,0,0,0
10229,1823,0,0,0,0,0,0,0,0,0
10230,1823,0,0,0,0,0,0,0,0,0
10231,1823,0,0,0,0,0,0,0,0,0
10232,1823,0,0,0,0,0,0,0,0,0
10233,1823,0,0,0,0,0,0,0,0,0
10234,1823,0,0,0,0,0,0,0,0,0
10235,1823,0,0,0,0,0,0,0,0,0
10236,1823,0,0,0,0,0,0,0,0,0
10237,1823,0,0,0,0,0,0,0,0,0
10238,1823,0,0,0,0,0,0,0,0,0
10239,1823,0,0,0,0,0,0,0,0,0
10240,1823,0,0,0,0,0,1,0,0,0
10241,1823,0,0,0,0,0,0,0,0,0
10242,1823,0,0,0,0,0,0,0,0,0
10243,1823,0,0,0,0,0,0,0,0,0
10244,1823,0,0,0,0,0,0,0,0,0
10245,1823,0,0,0,1,0,0,0,0,0
10246,1823,0,0,0,0,0,0,0,0,0
10247,1823,0,0,0,0,0,0,0,0,0
10248,1823,0,0,0,0,0,0,0,0,0
10249,1823,0,0,0,0,0,0,0,0,0
10250,1823,0,0,0,0,0,0,0,0,0
10251,1823,0,0,1,0,0,0,0,0,0
10252,1823,0,0,0,0,0,0,0,0,0
10253,1823,0,0,0,0,0,0,0,0,0
10254,1823,0,0,0,0,0,0,0,0,0
10255,1823,0,0,0,0,0,0,0,0,0
10256,1823,0,0,0,0,0,0,0,0,0
10257,1823,0,0,0,0,0,0,0,0,0
10258,1823,0,0,0,0,0,0,0,0,0
10259,1823,0,0,0,0,0,0,0,0,0
10260,1823,0,0,0,0,0,0,0,0,0
10261,1823,0,0,0,0,0,0,0,0,0
10262,1823,0,0,0,0,0,1,0,0,0
10263,1823,0,0,0,0,0,0,0,0,0
10264,1823,0,0,0,0,0,0,0,0,0
10265,1823,0,0,0,0,0,0,0,0,0
10266,1823,0,0,0,0,0,0,0,0,0
10267,1823,0,0,0,0,0,0,0,0,0
10268,1823,0,0,0,0,0,0,0,0,0
10269,1823,0,0,0,0,0,0,0,0,0
10270,1823,0,0,0,0,0,0,0,0,0
10271,1823,0,0,0,0,0,0,0,0,0
10272,1823,0,0,0,0,0,0,0,0,0
10273,1823,0,0,0,0,0,0,0,0,0
10274,1823,0,0,0,0,0,0,0,0,0
10275,1823,0,0,0,0,0,0,0,0,0
10276,1823,0,0,0,0,0,0,0,0,0
10277,1823,0,0,0,0,0,0,0,0,0
10278,1823,0,0,0,0,0,0,0,0,0
10279,1823,0,0,0,0,0,0,0,0,0
10280,1823,0,0,0,0,0,0,0,0,0
10281,1823,0,0,0,0,0,0,0,0,0
10282,1823,0,0,0,0,0,0,0,0,0
10283,1823,0,0,0,0,0,0,0,0,0
10284,1823,0,0,0,0,0,0,0,0,0
10285,1823,0,0,0,0,0,0,0,0,0
10286,1823,0,0,0,0,0,0,0,0,0
10287,1823,0,0,0,0,0,0,0,0,0
10288,1823,0,0,0,0,0,0,0,0,0
10289,1823,0,0,0,0,0,0,0,0,0
10290,1823,0,0,0,0,0,0,0,0,0
10291,1823,0,0,0,0,0,0,0,0,0
10292,1823,0,0,0,0,0,0,0,0,0
10293,1823,0,0,0,0,0,0,0,0,0
10294,1823,0,0,0,0,0,0,0,0,0
10295,1823,1,0,0,0,0,0,0,0,0
10296,1823,0,0,0,0,0,0,0,0,0
10297,1823,0,0,0,0,0,0,0,0,0
10298,1823,0,0,0,0,0,0,0,0,0
10299,1823,0,0,0,0,0,0,0,0,0
10300,1823,0,0,0,0,0,0,0,0,0
10301,1823,0,0,0,0,0,0,0,0,0
10302,1823,0,0,0,0,0,0,0,0,0
10303,1823,0,0,0,0,0,0,0,0,0
10304,1823,0,0,0,0,0,0,0,0,0
10305,1823,0,0,0,0,0,0,0,0,0
10306,1823,0,0,0,0,0,0,0,0,0
10307,1823,0,0,0,0,0,0,0,0,0
10308,1823,0,0,0,0,0,0,0,0,0
10309,1823,0,0,0,0,0,0,0,0,0
10310,1823,0,0,0,0,0,0,0,0,0
10311,1823,0,0,0,0,0,0,0,0,0
10312,1823,0,0,0,1,0,0,0,0,0
10313,1823,0,0,0,0,0,0,0,0,0
10314,1823,0,0,0,0,0,0,0,0,0
10315,1823,0,0,0,0,0,0,0,0,0
10316,1823,0,0,0,0,0,0,0,0,0
10317,1823,0,0,0,0,0,0,0,0,0
10318,1823,0,0,0,0,0,0,0,0,0
10319,1823,0,0,0,0,0,0,0,0,0
10320,1823,0,0,0,0,0,0,0,0,0
10321,1823,0,0,0,0,0,0,0,0,0
10322,1823,0,0,0,0,0,0,0,0,0
10323,1823,0,0,0,0,0,0,0,0,0
10324,1823,0,0,0,0,0,0,0,0,0
10325,1823,0,0,0,0,0,0,0,0,0
10326,1823,0,0,0,0,0,0,0,0,0
10327,1823,0,0,0,0,0,0,0,0,0
10328,1823,0,0,0,0,0,0,0,0,0
10329,1823,0,0,0,0,0,0,0,0,0
10330,1823,0,0,0,0,0,0,0,0,0
10331,1823,0,0,0,0,0,0,0,0,0
10332,1823,0,0,0,0,0,0,0,0,0
10333,1823,0,0,0,0,0,0,0,0,0
10334,1823,0,0,0,0,0,0,0,0,0
10335,1823,0,0,0,0,0,0,0,0,0
10336,1823,0,0,0,0,0,0,0,0,0
10337,1823,0,0,0,0,0,0,0,0,0
10338,1823,0,0,0,0,0,0,0,0,0
10339,1823,0,0,0,0,0,0,0,0,0
10340,1823,0,0,0,0,0,0,0,0,0
10341,1823,0,0,0,0,0,0,0,0,0
10342,1823,0,0,0,0,0,0,0,0,0
10343,1823,0,0,0,0,0,0,0,0,0
10344,1823,0,0,0,0,0,0,0,0,0
10345,1823,0,0,0,0,0,0,0,0,0
10346,1823,0,0,0,0,0,0,0,0,0
10347,1823,0,0,0,0,0,0,0,0,0
10348,1823,0,0,0,0,0,0,0,0,0
10349,1823,0,0,0,0,0,0,0,0,0
10350,1823,0,0,0,0,0,0,0,0,0
10351,1823,0,0,0,0,0,0,0,0,0
10352,1823,0,0,0,0,0,0,0,0,0
10353,1823,0,0,0,0,0,0,0,0,0
10354,1823,0,0,0,0,0,0,0,0,0
10355,1823,0,0,1,0,0,0,0,0,0
10356,1823,0,0,0,0,0,0,0,0,0
10357,1823,0,0,0,0,0,0,0,0,0
10358,1823,0,0,0,0,0,0,0,0,0
10359,1823,0,0,0,0,0,0,0,0,0
10360,1823,0,0,0,0,0,0,0,0,0
10361,1823,0,0,0,0,0,0,0,0,0
10362,1823,0,0,0,0,0,0,0,0,0
10363,1823,0,0,0,0,0,0,0,0,0
10364,1823,0,0,0,0,0,0,1,0,0
10365,1823,0,0,0,0,0,0,0,0,0
10366,1823,0,0,0,0,0,0,0,0,0
10367,1823,0,0,0,0,0,0,0,0,0
10368,1823,0,0,0,0,0,0,0,0,0
10369,1823,0,0,0,0,0,0,0,0,0
10370,1823,0,0,0,0,0,0,0,0,0
10371,1823,0,0,0,0,0,0,0,0,0
10372,1823,0,0,0,0,0,0,0,0,0
10373,1823,0,0,0,0,0,0,0,0,0
10374,1823,0,0,0,0,0,0,0,0,0
10375,1823,0,0,0,0,0,0,0,0,0
10376,1823,0,0,0,0,0,0,0,0,0
10377,1823,0,0,0,0,0,0,0,0,0
10378,1823,0,0,0,0,0,0,0,0,0
10379,1823,0,0,0,0,0,0,0,0,0
10380,1823,0,0,0,0,0,0,0,0,0
10381,1823,0,0,0,1,0,0,0,0,0
10382,1823,0,0,0,0,0,0,0,0,0
10383,1823,0,0,0,0,0,0,0,0,0
10384,1823,0,0,0,0,0,0,0,0,0
10385,1823,0,0,0,0,0,0,0,0,0
10386,1823,0,0,0,0,0,0,0,0,0
10387,1823,0,0,0,0,0,0,0,0,0
10388,1823,0,0,0,0,0,0,0,0,0
10389,1823,0,0,0,0,0,0,0,0,0
10390,1823,0,0,0,0,0,0,0,0,0
10391,1823,0,0,0,0,0,0,0,0,0
10392,1823,0,0,0,0,0,0,0,0,0
10393,1823,0,0,0,0,0,0,0,0,0
10394,1823,0,0,0,0,0,0,0,0,0
10395,1823,0,0,0,0,0,0,0,0,0
10396,1823,0,0,0,0,0,0,0,0,0
10397,1823,0,0,0,0,0,0,1,0,0
10398,1823,0,0,0,0,0,0,0,0,0
10399,1823,0,0,0,0,0,0,0,0,0
10400,1823,0,0,0,0,0,0,0,0,0
10401,1823,0,0,0,0,0,0,0,0,0
10402,1823,0,0,0,0,0,0,0,0,0
10403,1823,0,0,0,0,0,0,0,0,0
10404,1823,0,0,0,0,0,0,0,0,0
10405,1823,0,0,0,0,0,0,0,0,0
10406,1823,0,0,0,0,0,0,0,0,0
10407,1823,0,0,0,0,0,0,0,0,0
10408,1823,0,0,0,0,0,0,0,0,0
10409,1823,0,0,0,0,0,0,0,0,0
10410,1823,0,0,0,0,0,0,0,0,0
10411,1823,0,0,0,0,0,0,0,0,0
10412,1823,0,0,0,0,0,0,0,0,0
10413,1823,0,0,0,0,0,0,0,0,0
10414,1823,0,0,0,1,0,0,0,0,0
10415,1823,0,0,0,0,0,0,0,0,0
10416,1823,0,0,0,0,0,0,0,0,0
10417,1823,0,0,0,0,0,0,0,0,0
10418,1823,0,0,0,0,0,0,0,0,0
10419,1823,0,0,0,0,0,0,0,0,0
10420,1823,0,0,0,0,0,0,0,0,0
10421,1823,0,0,0,0,0,0,0,0,0
10422,1823,0,0,0,0,0,0,0,0,0
10423,1823,0,0,0,0,0,0,0,0,0
10424,1823,0,0,0,0,0,0,0,0,0
10425,1823,0,0,0,0,0,0,0,0,0
10426,1823,0,0,0,0,0,0,0,0,0
10427,1823,0,0,0,0,0,0,0,0,0
10428,1823,0,0,0,0,0,0,0,0,0
10429,1823,0,0,0,0,0,0,0,0,0
10430,1823,0,0,0,0,0,0,0,0,0
10431,1823,0,0,0,0,0,0,0,0,0
10432,1823,0,0,0,0,0,0,0,0,0
10433,1823,0,0,0,0,0,0,0,0,0
10434,1823,0,0,0,0,0,0,0,0,0
10435,1823,0,0,0,0,0,0,0,0,0
10436,1823,0,0,0,0,0,0,0,0,0
10437,1823,0,0,0,0,0,0,0,0,0
10438,1823,0,0,0,0,0,0,0,0,0
10439,1823,0,0,0,0,0,0,0,0,0
10440,1823,0,0,0,0,0,0,0,0,0
10441,1823,0,0,0,1,0,0,0,0,0
10442,1823,0,0,1,1,0,0,0,0,0
10443,1823,0,0,0,0,0,0,0,0,0
10444,1823,0,0,0,0,0,0,0,0,0
10445,1823,0,0,0,0,0,0,0,0,0
10446,1823,0,0,0,0,0,0,0,0,0
10447,1823,0,0,0,0,0,0,0,0,0
10448,1823,0,0,0,0,0,0,0,0,0
10449,1823,0,0,0,0,0,0,0,0,0
10450,1823,0,0,0,0,0,0,0,0,0
10451,1823,0,0,0,0,0,0,0,0,0
10452,1823,0,0,0,0,0,0,0,0,0
10453,1823,0,0,0,0,0,1,0,0,0
10454,1823,0,0,0,0,0,0,0,0,0
10455,1823,0,0,0,0,0,0,0,0,0
10456,1823,0,0,0,0,0,0,0,0,0
10457,1823,0,0,0,0,0,0,0,0,0
10458,1823,0,0,0,0,0,0,0,0,0
10459,1823,0,0,0,0,0,0,0,0,0
10460,1823,0,0,0,0,0,0,0,0,0
10461,1823,0,0,0,0,0,0,0,0,0
10462,1823,0,0,0,0,0,0,0,0,0
10463,1823,0,0,0,0,0,0,0,0,0
10464,1823,0,0,0,0,0,0,0,0,0
10465,1823,0,0,0,0,0,0,0,0,0
10466,1823,0,0,0,0,0,0,0,0,0
10467,1823,0,0,0,0,0,0,0,0,0
10468,1823,1,0,0,0,0,0,0,0,0
10469,1823,0,0,0,1,0,0,0,0,0
10470,1823,0,0,0,0,0,0,0,0,0
10471,1823,0,0,0,0,0,0,0,0,0
10472,1823,0,0,0,0,0,0,0,0,0
10473,1823,0,0,0,0,0,0,0,0,0
10474,1823,0,0,0,0,0,0,0,0,0
10475,1823,0,0,0,0,0,0,0,0,0
10476,1823,0,0,0,0,0,0,0,0,0
10477,1823,0,0,0,0,0,0,0,0,0
10478,1823,0,0,0,0,0,0,0,0,0
10479,1823,0,0,0,0,0,0,0,0,0
10480,1823,0,0,0,0,0,0,0,0,0
10481,1823,0,0,0,0,0,0,0,0,0
10482,1823,0,0,0,0,0,0,0,0,0
10483,1823,0,0,0,0,0,0,0,0,0
10484,1823,0,0,0,0,0,0,0,0,0
10485,1823,0,0,0,0,0,0,0,0,0
10486,1823,0,0,0,0,0,0,0,0,0
10487,1823,0,0,0,0,0,0,0,0,0
10488,1823,0,0,0,0,0,0,0,0,0
10489,1823,1,0,0,0,0,0,0,0,0
10490,1823,0,0,0,0,0,0,0,0,0
10491,1823,0,0,0,0,0,0,0,0,0
10492,1823,0,0,0,0,0,0,0,0,0
10493,1823,0,0,0,0,0,0,0,0,0
10494,1823,0,0,0,0,0,0,0,0,0
10495,1823,0,0,0,0,0,0,0,0,0
10496,1823,0,0,0,0,0,0,0,0,0
10497,1823,0,0,0,0,0,0,0,0,0
10498,1823,0,0,0,0,0,0,0,0,0
10499,1823,0,0,0,0,0,0,0,0,0
10500,1823,0,0,0,0,0,0,0,0,0
10501,1823,0,0,0,0,0,0,0,0,0
10502,1823,0,0,0,1,0,0,0,0,0
10503,1823,0,0,0,0,0,0,0,0,0
10504,1823,0,0,0,0,0,0,0,0,0
10505,1823,0,0,0,0,0,0,0,0,0
10506,1823,0,0,0,0,0,0,0,0,0
10507,1823,0,0,0,0,0,0,0,0,0
10508,1823,0,0,0,0,0,0,0,0,0
10509,1823,0,0,0,0,0,0,0,0,0
10510,1823,0,0,0,0,0,0,0,0,0
10511,1823,0,0,0,0,0,0,0,0,0
10512,1823,0,0,0,0,0,0,0,0,0
10513,1823,0,0,0,0,0,0,0,0,0
10514,1823,0,0,0,0,0,0,0,0,0
10515,1823,0,0,0,0,0,0,0,0,0
10516,1823,0,0,0,0,0,0,0,0,0
10517,1823,0,0,0,0,0,0,0,0,0
10518,1823,0,0,0,0,0,0,0,0,0
10519,1823,0,0,0,0,0,0,0,0,0
10520,1823,0,0,0,0,0,0,0,0,0
10521,1823,0,0,0,0,0,0,0,0,0
10522,1823,0,0,0,0,0,0,0,0,0
10523,1823,0,0,0,0,0,0,0,0,0
10524,1823,0,0,0,0,0,0,0,0,0
10525,1823,0,0,0,0,0,0,0,0,0
10526,1823,0,0,0,0,0,0,0,0,0
10527,1823,0,0,0,0,0,0,0,0,0
10528,1823,0,0,0,0,0,0,0,0,0
10529,1823,0,0,0,0,0,0,0,0,0
10530,1823,0,0,0,0,0,0,0,0,0
10531,1823,0,0,0,0,0,0,0,0,0
10532,1823,0,0,0,0,0,0,0,0,0
10533,1823,0,0,0,0,0,0,0,0,0
10534,1823,0,0,0,0,0,0,0,0,0
10535,1823,0,0,1,0,0,0,1,0,0
10536,1823,0,0,0,0,0,0,0,0,0
10537,1823,0,0,0,0,0,0,1,0,0
10538,1823,0,0,0,0,0,0,0,0,0
10539,1823,0,0,0,1,0,0,0,0,0
10540,1823,0,0,0,0,0,0,0,0,0
10541,1823,0,0,0,0,0,0,0,0,0
10542,1823,0,0,0,0,0,0,0,0,0
10543,1823,0,0,0,0,0,0,0,0,0
10544,1823,0,0,0,0,0,0,0,0,0
10545,1823,0,0,0,0,0,0,0,0,0
10546,1823,0,0,0,0,0,0,0,0,0
10547,1823,0,0,0,0,0,0,0,0,0
10548,1823,0,0,0,0,0,0,0,0,0
10549,1823,0,0,0,0,0,0,0,0,0
10550,1823,0,0,0,0,0,0,0,0,0
10551,1823,0,0,0,0,0,0,0,0,0
10552,1823,0,0,0,0,0,0,0,0,0
10553,1823,0,0,0,0,0,0,0,0,0
10554,1823,0,0,0,0,0,0,0,0,0
10555,1823,0,0,0,0,0,0,0,0,0
10556,1823,0,0,0,0,0,0,0,0,0
10557,1823,0,0,0,1,0,0,0,0,0
10558,1823,0,0,0,0,0,0,0,0,0
10559,1823,0,0,0,0,0,0,0,0,0
10560,1823,0,0,0,0,0,0,0,0,0
10561,1823,0,0,0,0,0,0,0,0,0
10562,1823,0,0,0,0,0,0,0,0,0
10563,1823,0,0,0,0,0,0,0,0,0
10564,1823,0,0,1,0,0,0,0,0,0
10565,1823,0,0,0,0,0,0,0,0,0
10566,1823,0,0,0,0,0,0,0,0,0
10567,1823,0,0,0,0,0,0,0,0,0
10568,1823,0,0,0,0,0,0,0,0,0
10569,1823,0,0,0,0,0,0,0,0,0
10570,1823,0,0,0,0,0,0,0,0,0
10571,1823,0,0,0,0,0,0,0,0,0
10572,1823,0,0,0,0,0,0,0,0,0
10573,1823,0,0,0,0,0,0,0,0,0
10574,1823,0,0,0,0,0,0,0,0,0
10575,1823,0,0,0,0,0,0,0,0,0
10576,1823,0,0,0,0,0,0,0,0,0
10577,1823,0,0,0,0,0,0,0,0,0
10578,1823,0,0,0,0,0,0,0,0,0
10579,1823,0,0,0,0,0,0,0,0,0
10580,1823,0,0,0,0,0,0,0,0,0
10581,1823,0,0,0,0,0,0,0,0,0
10582,1823,0,0,0,0,0,0,0,0,0
10583,1823,0,0,0,0,0,0,0,0,0
10584,1823,0,0,0,0,0,0,0,0,0
10585,1823,0,0,0,0,0,0,0,0,0
10586,1823,0,0,0,0,0,0,0,0,0
10587,1823,0,0,0,0,0,0,0,0,0
10588,1823,0,0,0,0,0,0,0,0,0
10589,1823,0,0,0,0,0,0,0,0,0
10590,1823,0,0,0,0,0,0,0,0,0
10591,1823,0,0,0,0,0,0,0,0,0
10592,1823,0,0,0,0,0,0,0,0,0
10593,1823,0,0,0,0,0,0,0,0,0
10594,1823,0,0,0,0,0,0,0,0,0
10595,1823,0,0,0,0,0,0,0,0,0
10596,1823,0,0,0,0,0,0,0,0,0
10597,1823,0,0,0,0,0,0,0,0,0
10598,1823,0,0,0,0,0,0,0,0,0
10599,1823,0,0,0,0,0,0,0,0,0
10600,1823,0,0,0,0,0,0,0,0,0
10601,1823,0,0,0,0,0,0,0,0,0
10602,1823,0,0,0,0,0,0,0,0,0
10603,1823,0,0,0,0,0,0,0,0,0
10604,1823,0,0,0,0,0,0,0,0,0
10605,1823,0,0,0,0,0,0,0,0,0
10606,1823,0,0,0,0,0,0,0,0,0
10607,1823,0,0,0,0,0,0,0,0,0
10608,1823,0,0,0,0,0,0,0,0,0
10609,1823,0,0,0,0,0,0,0,0,0
10610,1823,0,0,0,0,0,0,0,0,0
10611,1823,0,0,0,0,0,0,0,0,0
10612,1823,0,0,0,0,0,0,0,0,0
10613,1823,0,0,0,0,0,0,0,0,0
10614,1823,0,0,0,0,0,0,0,0,0
10615,1823,0,0,0,0,0,0,0,0,0
10616,1823,0,0,0,0,0,0,0,0,0
10617,1823,0,0,0,0,0,0,0,0,0
10618,1823,0,0,0,0,0,0,0,0,0
10619,1823,0,0,0,0,0,0,0,0,0
10620,1823,0,0,0,0,0,0,0,0,0
10621,1823,0,0,0,0,0,0,0,0,0
10622,1823,0,0,0,0,0,0,0,0,0
10623,1823,0,0,0,0,0,0,0,0,0
10624,1823,1,0,0,0,0,1,0,0,0
10625,1823,0,0,0,0,0,0,0,0,0
10626,1823,1,0,0,0,0,0,0,0,0
10627,1823,0,0,0,0,0,0,0,0,0
10628,1823,0,0,0,0,0,0,0,0,0
10629,1823,0,0,0,0,0,0,1,0,0
10630,1823,0,0,0,0,0,0,0,0,0
10631,1823,0,0,0,0,0,0,0,0,0
10632,1823,0,0,0,0,0,0,0,0,0
10633,1823,0,0,0,0,0,0,0,0,0
10634,1823,0,0,0,0,0,0,0,0,0
10635,1823,0,0,0,0,0,0,0,0,0
10636,1823,0,0,0,0,0,0,0,0,0
10637,1823,0,0,0,0,0,0,0,0,0
10638,1823,0,0,0,0,0,0,0,0,0
10639,1823,0,0,0,0,0,0,0,0,0
10640,1823,0,0,0,0,0,0,0,0,0
10641,1823,0,0,0,0,0,0,0,0,0
10642,1823,0,0,0,0,0,0,0,0,0
10643,1823,0,0,0,0,0,0,0,0,0
10644,1823,0,0,0,0,0,0,0,0,0
10645,1823,0,0,0,0,0,0,0,0,0
10646,1823,0,0,0,0,0,0,0,0,0
10647,1823,0,0,0,0,0,0,0,0,0
10648,1823,0,0,0,0,0,0,0,0,0
10649,1823,0,0,0,0,0,0,0,0,0
10650,1823,0,0,0,0,0,0,0,0,0
10651,1823,1,0,0,0,0,0,0,0,0
10652,1823,0,0,0,0,0,0,0,0,0
10653,1823,0,0,1,0,0,0,0,0,0
10654,1823,0,0,0,0,0,0,0,0,0
10655,1823,0,0,0,0,0,0,0,0,0
10656,1823,0,0,0,0,0,0,0,0,0
10657,1823,0,0,0,0,0,0,0,0,0
10658,1823,0,0,0,0,0,0,0,0,0
10659,1823,0,0,0,1,0,0,0,0,0
10660,1823,0,0,0,0,0,0,0,0,0
10661,1823,0,0,0,0,0,0,0,0,0
10662,1823,0,0,0,0,0,0,0,0,0
10663,1823,0,0,0,0,0,0,0,0,0
10664,1823,0,0,0,0,0,0,0,0,0
10665,1823,0,0,0,0,0,0,0,0,0
10666,1823,0,0,0,0,0,0,0,0,0
10667,1823,0,0,0,0,0,0,0,0,0
10668,1823,0,0,0,0,0,0,0,0,0
10669,1823,0,0,0,0,0,0,0,0,0
10670,1823,0,0,0,0,0,0,0,0,0
10671,1823,0,0,0,0,0,0,0,0,0
10672,1823,1,0,0,0,0,0,0,0,0
10673,1823,0,0,0,0,0,0,0,0,0
10674,1823,0,0,0,0,0,0,0,0,0
10675,1823,0,0,0,0,0,0,0,0,0
10676,1823,0,0,0,0,0,0,0,0,0
10677,1823,0,0,0,0,0,0,0,0,0
10678,1823,0,0,0,0,0,0,0,0,0
10679,1823,0,0,0,0,0,0,0,0,0
10680,1823,0,0,0,0,0,0,0,0,0
10681,1823,0,0,0,0,0,0,0,0,0
10682,1823,0,0,0,0,0,0,0,0,0
10683,1823,0,0,0,0,0,0,0,0,0
10684,1823,0,0,0,0,0,0,0,0,0
10685,1823,0,0,0,0,0,0,0,0,0
10686,1823,0,0,0,0,0,0,0,0,0
10687,1823,0,0,0,0,0,0,0,0,0
10688,1823,0,0,0,0,0,0,0,0,0
10689,1823,0,0,0,0,0,0,0,0,0
10690,1823,0,0,0,0,0,0,0,0,0
10691,1823,0,0,0,0,0,0,0,0,0
10692,1823,0,0,0,0,0,0,0,0,0
10693,1823,0,0,0,0,0,0,0,0,0
10694,1823,0,0,0,0,0,0,1,0,0
10695,1823,0,0,0,0,0,0,0,0,0
10696,1823,0,0,0,0,0,0,0,0,0
10697,1823,0,0,0,0,0,0,0,0,0
10698,1823,0,0,0,0,0,0,0,0,0
10699,1823,0,0,0,0,0,0,0,0,0
10700,1823,0,0,0,0,0,0,0,0,0
10701,1823,0,0,0,0,0,0,0,0,0
10702,1823,0,0,0,0,0,0,0,0,0
10703,1823,0,0,0,0,0,0,1,0,0
10704,1823,0,0,0,0,0,0,0,0,0
10705,1823,0,0,0,0,0,0,0,0,0
10706,1823,0,0,0,0,0,0,0,0,0
10707,1823,0,0,0,0,0,0,0,0,0
10708,1823,0,0,0,0,0,0,0,0,0
10709,1823,0,0,0,0,0,0,0,0,0
10710,1823,0,0,0,0,0,0,0,0,0
10711,1823,0,0,0,0,0,0,0,0,0
10712,1823,0,0,0,0,0,0,0,0,0
10713,1823,0,0,0,0,0,0,0,0,0
10714,1823,0,0,0,0,0,0,0,0,0
10715,1823,0,0,0,0,0,0,0,0,0
10716,1823,0,0,0,0,0,0,0,0,0
10717,1823,0,0,0,0,0,0,0,0,0
10718,1823,1,0,0,0,0,1,0,0,0
10719,1823,0,0,0,0,0,0,0,0,0
10720,1823,0,0,0,0,0,0,0,0,0
10721,1823,0,0,0,0,0,0,1,0,0
10722,1823,0,0,0,0,0,0,0,0,0
10723,1823,0,0,0,0,0,0,0,0,0
10724,1823,0,0,0,0,0,0,0,0,0
10725,1823,0,0,0,0,0,0,0,0,0
10726,1823,0,0,0,0,0,0,0,0,0
10727,1823,0,0,0,0,0,0,0,0,0
10728,1823,0,0,0,0,0,0,0,0,0
10729,1823,0,0,0,0,0,0,0,0,0
10730,1823,0,0,0,0,0,0,0,0,0
10731,1823,0,0,0,0,0,0,0,0,0
10732,1823,0,0,0,0,0,0,0,0,0
10733,1823,0,0,0,0,0,0,0,0,0
10734,1823,0,0,0,0,0,0,0,0,0
10735,1823,0,0,0,0,0,0,0,0,0
10736,1823,0,0,0,0,0,0,0,0,0
10737,1823,0,0,0,1,0,0,0,0,0
10738,1823,0,0,0,0,0,0,0,0,0
10739,1823,0,0,0,0,0,0,0,0,0
10740,1823,0,0,0,0,0,1,0,0,0
10741,1823,0,0,0,0,0,0,0,0,1
10742,1823,0,0,0,0,0,0,0,0,0
10743,1823,0,0,0,0,0,0,0,0,0
10744,1823,0,0,0,0,0,0,0,0,0
10745,1823,0,0,0,0,0,0,0,0,0
10746,1823,0,0,0,0,0,0,0,0,0
10747,1823,0,0,0,0,0,0,0,0,0
10748,1823,0,0,0,0,0,0,0,0,0
10749,1823,0,0,0,0,0,0,0,0,0
10750,1823,0,0,0,0,0,0,0,0,0
10751,1823,0,0,0,0,0,0,0,0,0
10752,1823,0,0,0,0,0,0,0,0,0
10753,1823,0,0,0,0,0,0,0,0,0
10754,1823,0,0,0,0,0,0,0,0,0
10755,1823,0,0,0,0,0,0,0,0,0
10756,1823,0,0,0,0,0,0,0,0,0
10757,1823,0,0,0,0,0,0,0,0,0
10758,1823,0,0,0,0,0,0,0,0,0
10759,1823,0,0,0,0,0,0,0,0,0
10760,1823,0,0,0,0,0,0,0,0,0
10761,1823,0,0,0,0,0,0,0,0,0
10762,1823,0,0,0,0,0,0,0,0,0
10763,1823,0,0,0,0,0,0,0,0,0
10764,1823,0,0,0,0,0,0,0,0,0
10765,1823,0,0,0,1,0,0,0,0,0
10766,1823,0,0,0,0,0,0,0,0,0
10767,1823,0,0,0,0,0,0,0,0,0
10768,1823,0,0,0,0,0,0,0,0,0
10769,1823,0,0,0,0,0,0,0,0,0
10770,1823,0,0,0,0,0,0,0,0,0
10771,1823,0,0,0,0,0,0,0,0,0
10772,1823,0,0,0,0,0,0,0,0,0
10773,1823,0,0,0,0,0,0,0,0,0
10774,1823,0,0,0,0,0,0,0,0,0
10775,1823,0,0,0,0,0,0,0,0,0
10776,1823,0,0,0,0,0,0,0,0,0
10777,1823,0,0,0,0,0,0,0,0,0
10778,1823,0,0,0,0,0,0,0,0,0
10779,1823,0,0,0,0,0,0,0,0,0
10780,1823,0,0,0,0,0,0,0,0,0
10781,1823,0,0,0,0,0,0,0,0,0
10782,1823,0,0,0,0,0,0,0,0,0
10783,1823,0,0,0,0,0,0,1,0,0
10784,1823,0,0,0,0,0,0,0,0,0
10785,1823,0,0,0,0,0,0,0,0,0
10786,1823,0,0,0,0,0,0,0,0,0
10787,1823,0,0,0,0,0,0,0,0,0
10788,1823,0,0,0,0,0,0,0,0,0
10789,1823,0,0,0,0,0,0,0,0,0
10790,1823,0,0,0,0,0,0,0,0,0
10791,1823,0,0,0,0,0,0,1,0,0
10792,1823,0,0,0,0,0,0,0,0,0
10793,1823,0,0,0,0,0,0,0,0,0
10794,1823,0,0,0,0,0,0,0,0,0
10795,1823,0,0,0,0,0,0,0,0,0
10796,1823,0,0,0,0,0,0,0,0,0
10797,1823,0,0,0,0,0,0,0,0,0
10798,1823,0,0,0,0,0,0,0,0,0
10799,1823,0,0,0,0,0,0,0,0,0
10800,1823,0,0,0,0,0,0,0,0,0
10801,1823,0,0,0,0,0,0,0,0,0
10802,1823,0,0,0,0,0,0,0,0,0
10803,1823,0,0,0,0,0,0,0,0,0
10804,1823,0,0,0,0,0,0,0,0,0
10805,1823,0,0,0,0,0,0,0,0,0
10806,1823,0,0,0,0,0,0,0,0,0
10807,1823,0,0,0,0,0,0,0,0,0
10808,1823,0,0,0,0,0,0,0,0,0
10809,1823,0,0,0,0,0,0,0,0,0
10810,1823,0,0,0,0,0,0,0,0,0
10811,1823,0,0,0,0,0,0,0,0,0
10812,1823,0,0,0,0,0,0,0,0,0
10813,1823,0,0,0,0,0,0,0,0,0
10814,1823,0,0,0,0,0,0,0,0,0
10815,1823,0,0,0,0,0,0,0,0,0
10816,1823,0,0,0,0,0,0,0,0,0
10817,1823,0,0,0,0,0,0,0,0,0
10818,1823,0,0,0,0,0,0,0,0,0
10819,1823,0,0,0,0,0,0,0,0,0
10820,1823,0,0,0,0,0,0,0,0,0
10821,1823,0,0,0,0,0,0,0,0,0
10822,1823,0,0,0,0,0,0,0,0,0
10823,1823,0,0,0,0,0,0,0,0,0
10824,1823,0,0,0,0,0,0,0,0,0
10825,1823,0,0,0,0,0,0,0,0,0
10826,1823,0,0,0,0,0,0,0,0,0
10827,1823,0,0,0,0,0,0,0,0,0
10828,1823,0,0,0,0,0,0,0,0,0
10829,1823,0,0,0,0,0,0,1,0,0
10830,1823,0,0,0,0,0,0,0,0,0
10831,1823,0,0,0,1,0,0,0,0,0
10832,1823,0,0,0,0,0,0,0,0,0
10833,1823,0,0,0,0,0,0,0,0,0
10834,1823,0,0,0,0,0,0,0,0,0
10835,1823,0,0,0,0,0,0,0,0,0
10836,1823,0,0,0,0,0,0,0,0,0
10837,1823,0,0,0,0,0,0,0,0,0
10838,1823,0,0,0,0,0,0,0,0,0
10839,1823,0,0,0,0,0,0,0,0,0
10840,1823,0,0,0,0,0,0,0,0,0
10841,1823,0,0,0,0,0,0,0,0,0
10842,1823,0,0,0,0,0,0,0,0,0
10843,1823,0,0,0,0,0,0,1,0,0
10844,1823,0,0,0,0,0,0,0,0,0
10845,1823,0,0,0,0,0,0,0,0,0
10846,1823,0,0,0,0,0,0,0,0,0
10847,1823,0,0,0,0,0,0,0,0,0
10848,1823,0,0,0,0,0,0,0,0,0
10849,1823,0,0,0,0,0,0,0,0,0
10850,1823,0,0,0,0,0,0,0,0,0
10851,1823,0,0,0,0,0,0,0,0,0
10852,1823,0,0,0,0,0,0,0,0,0
10853,1823,0,0,0,0,0,0,0,0,0
10854,1823,0,0,0,0,0,0,0,0,0
10855,1823,0,0,0,0,0,0,0,0,0
10856,1823,0,0,0,0,0,0,0,0,0
10857,1823,0,0,0,0,0,0,0,0,0
10858,1823,0,0,0,0,0,0,0,0,0
10859,1823,0,0,0,0,0,0,0,0,0
10860,1823,0,0,0,0,0,0,0,0,0
10861,1823,0,0,0,0,0,0,0,0,0
10862,1823,0,0,0,0,0,0,0,0,0
10863,1823,0,0,0,0,0,0,0,0,0
10864,1823,0,0,0,0,0,0,0,0,0
10865,1823,0,0,0,0,0,0,0,0,0
10866,1823,0,0,0,0,0,0,0,0,0
10867,1823,0,0,0,0,0,0,0,0,0
10868,1823,0,0,0,0,0,0,0,0,0
10869,1823,0,0,0,0,0,0,0,0,0
10870,1823,0,0,0,0,0,0,0,0,0
10871,1823,0,0,0,0,0,0,0,0,0
10872,1823,0,0,0,0,0,0,0,0,0
10873,1823,0,0,0,0,0,0,0,0,0
10874,1823,0,0,0,0,0,0,0,0,0
10875,1823,0,0,0,0,0,0,0,0,0
10876,1823,0,0,0,0,0,0,0,0,0
10877,1823,0,0,0,0,0,0,0,0,0
10878,1823,0,0,0,0,0,0,0,0,0
10879,1823,0,0,0,0,0,0,0,0,0
10880,1823,0,0,0,0,0,0,0,0,0
10881,1823,0,0,0,0,0,0,0,0,0
10882,1823,0,0,0,0,0,0,0,0,0
10883,1823,0,0,0,0,0,0,0,0,0
10884,1823,0,0,0,0,0,0,0,0,0
10885,1823,0,0,0,0,0,0,0,0,0
10886,1823,0,0,0,0,0,0,0,0,0
10887,1823,0,0,0,0,0,0,0,0,0
10888,1823,0,0,0,0,0,0,0,0,0
10889,1823,0,0,0,0,0,0,0,0,0
10890,1823,0,0,0,0,0,0,0,0,0
10891,1823,0,0,0,0,0,0,0,0,0
10892,1823,0,0,0,0,0,0,0,0,0
10893,1823,0,0,0,0,0,0,0,0,0
10894,1823,0,0,0,0,0,0,0,0,0
10895,1823,0,0,0,0,0,0,0,0,0
10896,1823,0,0,0,0,0,0,0,0,0
10897,1823,0,0,0,0,0,0,0,0,0
10898,1823,0,0,0,0,0,0,0,0,0
10899,1823,0,0,0,0,0,0,0,0,0
10900,1823,0,0,0,0,0,0,0,0,0
10901,1823,0,0,0,0,0,0,0,0,0
10902,1823,0,0,0,0,0,0,0,0,1
10903,1823,0,0,0,0,0,0,0,0,0
10904,1823,0,0,0,0,0,0,0,0,0
10905,1823,0,0,0,0,0,0,0,0,0
10906,1823,0,0,0,0,0,0,1,0,0
10907,1823,0,0,0,0,0,0,0,0,0
10908,1823,0,0,0,0,0,0,0,0,0
10909,1823,0,0,0,0,0,0,0,0,0
10910,1823,0,0,0,0,0,0,0,0,0
10911,1823,0,0,0,0,0,0,0,0,0
10912,1823,0,0,0,0,0,0,0,0,0
10913,1823,0,0,0,0,0,0,0,0,0
10914,1823,0,0,0,0,0,0,0,0,0
10915,1823,0,0,0,0,0,0,0,0,0
10916,1823,0,0,0,0,0,0,0,0,0
10917,1823,0,0,0,0,0,0,0,0,0
10918,1823,0,0,0,0,0,0,0,0,0
10919,1823,0,0,0,0,0,0,0,0,0
10920,1823,0,0,0,0,0,0,0,0,0
10921,1823,0,0,0,0,0,0,0,0,0
10922,1823,0,0,0,0,0,0,0,0,0
10923,1823,0,0,0,0,0,0,0,0,0
10924,1823,0,0,0,0,0,0,0,0,0
10925,1823,0,0,0,0,0,0,0,0,0
10926,1823,0,0,0,0,0,0,0,0,0
10927,1823,0,0,0,0,0,0,0,0,0
10928,1823,0,0,0,0,0,0,0,0,0
10929,1823,0,0,0,0,0,0,1,0,0
10930,1823,0,0,0,0,0,0,0,0,0
10931,1823,0,0,0,0,0,0,0,0,0
10932,1823,0,0,0,0,0,0,0,0,0
10933,1823,0,0,0,0,0,0,0,0,0
10934,1823,0,0,0,0,0,0,0,0,0
10935,1823,0,0,0,0,0,0,0,0,0
10936,1823,0,0,0,0,0,0,0,0,0
10937,1823,0,0,0,0,0,0,0,0,0
10938,1823,0,0,0,0,0,0,0,0,0
10939,1823,0,0,0,0,0,0,1,0,0
10940,1823,0,0,0,0,0,0,0,0,0
10941,1823,0,0,0,0,0,0,0,0,0
10942,1823,0,0,0,0,0,0,0,0,0
10943,1823,0,0,0,0,0,0,0,0,0
10944,1823,0,0,0,0,0,0,0,0,0
10945,1823,0,0,0,0,0,0,0,0,0
10946,1823,0,0,0,0,0,0,0,0,0
10947,1823,0,0,0,0,0,0,0,0,0
10948,1823,0,0,0,0,0,0,0,0,0
10949,1823,0,0,0,0,0,0,0,0,0
10950,1823,0,0,0,0,0,0,0,0,0
10951,1823,0,0,0,0,0,0,0,0,0
10952,1823,0,0,0,0,0,0,0,0,0
10953,1823,0,0,0,0,0,0,0,0,0
10954,1823,0,0,0,0,0,0,0,0,0
10955,1823,0,0,0,0,0,0,0,0,0
10956,1823,0,0,0,0,0,0,0,0,0
10957,1823,0,0,1,0,0,0,0,0,0
10958,1823,0,0,0,0,0,0,0,0,0
10959,1823,0,0,0,1,0,1,0,0,0
10960,1823,0,0,0,0,0,0,0,0,0
10961,1823,0,0,0,0,0,0,0,0,0
10962,1823,0,0,0,0,0,0,1,0,0
10963,1823,0,0,0,0,0,0,0,0,0
10964,1823,0,0,0,0,0,0,0,0,0
10965,1823,0,0,0,0,0,0,0,0,0
10966,1823,0,0,0,0,0,0,0,0,0
10967,1823,0,0,0,0,0,0,0,0,0
10968,1823,0,0,0,0,0,0,0,0,0
10969,1823,1,0,0,0,0,0,0,0,0
10970,1823,0,0,0,0,0,0,0,0,0
10971,1823,0,0,0,0,0,0,0,0,0
10972,1823,0,0,0,0,0,0,0,0,0
10973,1823,0,0,0,0,0,0,0,0,0
10974,1823,0,0,0,0,0,0,0,0,0
10975,1823,0,0,0,0,0,0,0,0,0
10976,1823,0,0,0,0,0,0,0,0,0
10977,1823,0,0,0,0,0,0,0,0,0
10978,1823,0,0,0,0,0,0,0,0,0
10979,1823,0,0,0,0,0,0,0,0,0
10980,1823,0,0,0,0,0,0,0,0,0
10981,1823,0,0,0,0,0,0,0,0,0
10982,1823,0,0,0,0,0,0,0,0,0
10983,1823,0,0,0,0,0,0,0,0,0
10984,1823,0,0,0,0,0,0,0,0,0
10985,1823,0,0,0,0,0,0,0,0,0
10986,1823,0,0,0,0,0,0,0,0,0
10987,1823,0,0,0,0,0,0,0,0,0
10988,1823,0,0,0,0,0,0,0,0,0
10989,1823,0,0,0,0,0,0,0,0,0
10990,1823,1,0,0,0,0,0,0,0,0
10991,1823,0,0,0,0,0,0,0,0,0
10992,1823,0,0,0,0,0,0,0,0,0
10993,1823,0,0,0,0,0,0,0,0,0
10994,1823,0,0,0,0,0,0,0,0,0
10995,1823,0,0,0,0,0,0,0,0,0
10996,1823,0,0,0,0,0,0,0,0,0
10997,1823,0,0,0,0,0,0,0,0,0
10998,1823,0,0,0,0,0,0,0,0,0
10999,1823,0,0,0,0,0,0,0,0,0
11000,1823,0,0,0,0,0,0,0,0,0
11001,1823,0,0,0,0,0,0,0,0,0
11002,1823,0,0,0,0,0,0,0,0,0
11003,1823,0,0,0,0,0,0,0,0,0
11004,1823,0,0,0,0,0,0,0,0,0
11005,1823,0,0,0,0,0,0,0,0,0
11006,1823,0,0,0,0,0,0,0,0,0
11007,1823,0,0,0,0,0,0,0,0,0
11008,1823,0,0,0,0,0,0,0,0,0
11009,1823,0,0,0,0,0,0,0,0,0
11010,1823,0,0,0,0,0,0,0,0,0
11011,1823,0,0,0,0,0,0,0,0,0
11012,1823,0,0,0,0,0,0,0,0,0
11013,1823,1,0,1,0,0,0,0,0,0
11014,1823,0,0,0,1,0,0,0,0,0
11015,1823,0,0,0,0,0,0,0,0,0
11016,1823,0,0,0,0,0,0,0,0,0
11017,1823,0,0,0,0,0,0,0,0,0
11018,1823,0,0,0,0,0,0,0,0,0
11019,1823,0,0,0,0,0,0,0,0,0
11020,1823,0,0,0,0,0,0,0,0,0
11021,1823,0,0,0,0,0,0,0,0,0
11022,1823,0,0,0,0,0,0,0,0,0
11023,1823,0,0,0,0,0,0,0,0,0
11024,1823,0,0,0,0,0,0,0,0,0
11025,1823,0,0,0,0,0,0,0,0,0
11026,1823,0,0,0,0,0,0,0,0,0
11027,1823,0,0,0,0,0,0,0,0,0
11028,1823,0,0,0,1,0,0,0,0,0
11029,1823,0,0,0,0,0,0,0,0,0
11030,1823,0,0,0,0,0,0,0,0,0
11031,1823,0,0,0,0,0,0,0,0,0
11032,1823,0,0,0,0,0,0,0,0,0
11033,1823,0,0,0,0,0,0,0,0,0
11034,1823,0,0,0,0,0,0,0,0,0
11035,1823,0,0,0,0,0,0,0,0,0
11036,1823,0,0,0,0,0,0,0,0,0
11037,1823,0,0,0,0,0,0,0,0,0
11038,1823,0,0,0,0,0,0,0,0,0
11039,1823,0,0,0,0,0,0,1,0,0
11040,1823,0,0,0,0,0,0,0,0,0
11041,1823,0,0,0,0,0,0,0,0,0
11042,1823,0,0,0,0,0,0,0,0,0
11043,1823,0,0,0,0,0,0,0,0,0
11044,1823,0,0,0,0,0,0,0,0,0
11045,1823,0,0,0,0,0,0,0,0,0
11046,1823,0,0,0,0,0,0,0,0,0
11047,1823,0,0,0,0,0,0,0,0,0
11048,1823,0,0,0,0,0,0,0,0,0
11049,1823,0,0,0,0,0,0,0,0,0
11050,1823,0,0,0,0,0,0,0,0,0
11051,1823,0,0,0,0,0,0,0,0,0
11052,1823,0,0,0,0,0,0,0,0,0
11053,1823,0,0,0,0,0,0,0,0,0
11054,1823,0,0,0,0,0,0,0,0,0
11055,1823,0,0,0,0,0,0,0,0,0
11056,1823,0,0,0,0,0,0,0,0,0
11057,1823,1,0,0,0,0,0,0,0,0
11058,1823,0,0,0,0,0,0,0,0,0
11059,1823,0,0,0,0,0,0,0,0,0
11060,1823,0,0,0,0,0,0,0,0,0
11061,1823,0,0,0,0,0,0,0,0,0
11062,1823,0,0,0,0,0,0,0,0,0
11063,1823,0,0,0,0,0,0,0,0,0
11064,1823,0,0,0,0,0,0,0,0,0
11065,1823,0,0,0,0,0,0,0,0,0
11066,1823,0,0,0,0,0,0,0,0,0
11067,1823,0,0,0,0,0,0,0,0,0
11068,1823,0,0,0,0,0,0,0,0,1
11069,1823,0,0,0,0,0,0,0,0,0
11070,1823,0,0,0,0,0,0,0,0,0
11071,1823,0,0,0,0,0,0,0,0,0
11072,1823,0,0,0,0,0,0,0,0,0
11073,1823,0,0,0,0,0,0,0,0,0
11074,1823,0,0,0,0,0,0,0,0,0
11075,1823,0,0,0,0,0,0,0,0,0
11076,1823,0,0,0,0,0,0,0,0,0
11077,1823,0,0,0,0,0,0,0,0,0
11078,1823,0,0,0,0,0,0,0,0,0
11079,1823,0,0,0,0,0,0,0,0,0
11080,1823,0,0,0,0,0,0,0,0,0
11081,1823,0,0,0,0,0,0,0,0,0
11082,1823,0,0,0,0,0,0,0,0,0
11083,1823,0,0,0,0,0,0,0,0,0
11084,1823,1,0,0,0,0,0,0,0,0
11085,1823,0,0,0,0,0,0,0,0,0
11086,1823,0,0,0,0,0,0,0,0,0
11087,1823,0,0,0,0,0,0,0,0,0
11088,1823,0,0,0,0,0,0,0,0,0
11089,1823,0,0,0,0,0,0,0,0,0
11090,1823,0,0,0,0,0,0,0,0,0
11091,1823,0,0,0,0,0,0,0,0,0
11092,1823,0,0,0,0,0,0,0,0,0
11093,1823,0,0,0,0,0,0,0,0,0
11094,1823,0,0,0,0,0,0,1,0,0
11095,1823,0,0,0,0,0,0,0,0,0
11096,1823,0,0,0,0,0,0,0,0,0
11097,1823,0,0,1,0,0,0,0,0,0
11098,1823,0,0,0,0,0,0,0,0,0
11099,1823,0,0,0,0,0,1,0,0,0
11100,1823,0,0,0,1,0,0,0,0,0
11101,1823,0,0,0,0,0,0,0,0,0
11102,1823,0,0,0,0,0,0,0,0,0
11103,1823,0,0,0,0,0,0,0,0,0
11104,1823,0,0,0,0,0,0,0,0,0
11105,1823,0,0,1,0,0,0,0,0,0
11106,1823,0,0,0,0,0,0,0,0,0
11107,1823,0,0,0,0,0,0,0,0,0
11108,1823,0,0,0,0,0,0,0,0,0
11109,1823,0,0,0,0,0,0,0,0,0
11110,1823,0,0,0,0,0,0,0,0,0
11111,1823,0,0,0,0,0,0,0,0,0
11112,1823,0,0,0,0,0,0,0,0,0
11113,1823,0,0,0,0,0,0,0,0,0
11114,1823,0,0,0,0,0,0,0,0,0
11115,1823,0,0,0,0,0,0,0,0,0
11116,1823,0,0,0,0,0,0,0,0,0
11117,1823,0,0,0,0,0,0,0,0,0
11118,1823,0,0,0,0,0,0,0,0,0
11119,1823,0,0,0,0,0,0,0,0,0
11120,1823,0,0,0,0,0,0,0,0,0
11121,1823,0,0,0,0,0,0,0,0,0
11122,1823,0,0,0,0,0,0,0,0,0
11123,1823,0,0,0,0,0,0,0,0,0
11124,1823,0,0,0,0,0,0,0,0,0
11125,1823,0,0,0,0,0,0,0,0,0
11126,1823,0,0,0,0,0,0,0,0,0
11127,1823,0,0,0,0,0,0,0,0,0
11128,1823,0,0,0,0,0,0,0,0,0
11129,1823,0,0,0,0,0,0,0,0,0
11130,1823,0,0,0,0,0,0,0,0,0
11131,1823,0,0,0,0,0,0,0,0,0
11132,1823,0,0,0,0,0,0,0,0,0
11133,1823,0,0,0,0,0,0,0,0,0
11134,1823,0,0,0,0,0,0,0,0,0
11135,1823,0,0,0,1,0,0,0,0,0
11136,1823,0,0,0,0,0,0,0,0,0
11137,1823,0,0,0,0,0,0,0,0,0
11138,1823,0,0,0,0,0,0,0,0,0
11139,1823,0,0,0,0,0,0,0,0,0
11140,1823,0,0,0,0,0,0,0,0,0
11141,1823,0,0,0,0,0,0,0,0,0
11142,1823,0,0,0,0,0,0,0,0,0
11143,1823,0,0,0,0,0,0,0,0,0
11144,1823,0,0,0,0,0,0,0,0,0
11145,1823,0,0,0,0,0,0,0,0,0
11146,1823,0,0,0,0,0,0,0,0,0
11147,1823,0,0,0,0,0,0,0,0,0
11148,1823,0,0,0,0,0,0,0,0,0
11149,1823,0,0,0,0,0,0,0,0,0
11150,1823,0,0,0,0,0,0,0,0,0
11151,1823,0,0,0,0,0,0,0,0,0
11152,1823,0,0,0,0,0,0,0,0,0
11153,1823,0,0,0,0,0,0,0,0,0
11154,1823,0,0,0,0,0,0,0,0,0
11155,1823,0,0,0,0,0,0,0,0,0
11156,1823,0,0,0,0,0,0,0,0,0
11157,1823,0,0,0,0,0,0,0,0,0
11158,1823,0,0,0,0,0,0,0,0,0
11159,1823,0,0,0,0,0,0,0,0,0
11160,1823,0,0,0,0,0,0,0,0,0
11161,1823,0,0,0,0,0,0,0,0,0
11162,1823,0,0,0,0,0,0,0,0,0
11163,1823,0,0,0,0,0,0,0,0,0
11164,1823,0,0,0,0,0,0,0,0,0
11165,1823,0,0,0,0,0,0,0,0,0
11166,1823,0,0,0,0,0,0,0,0,0
11167,1823,0,0,0,0,0,0,0,0,0
11168,1823,0,0,0,0,0,0,0,0,0
11169,1823,0,0,0,0,0,0,0,0,0
11170,1823,0,0,0,0,0,0,0,0,0
11171,1823,0,0,0,0,0,0,0,0,0
11172,1823,0,0,0,0,0,0,1,0,0
11173,1823,0,0,0,0,0,0,0,0,0
11174,1823,0,0,0,0,0,0,0,0,0
11175,1823,0,0,0,0,0,0,0,0,0
11176,1823,0,0,0,0,0,0,0,0,0
11177,1823,0,0,0,0,0,0,1,0,0
11178,1823,0,0,0,0,0,0,0,0,0
11179,1823,0,0,0,0,0,0,0,0,0
11180,1823,0,0,0,0,0,0,0,0,0
11181,1823,0,0,0,0,0,0,0,0,0
11182,1823,0,0,0,1,0,0,0,0,0
11183,1823,0,0,0,0,0,0,0,0,0
11184,1823,0,0,0,0,0,0,0,0,0
11185,1823,0,0,0,0,0,0,0,0,0
11186,1823,0,0,0,0,0,0,0,0,0
11187,1823,0,0,0,0,0,0,0,0,0
11188,1823,0,0,0,0,0,0,0,0,0
11189,1823,0,0,0,0,0,0,0,0,0
11190,1823,0,0,0,0,0,0,0,0,0
11191,1823,0,0,0,0,0,0,0,0,0
11192,1823,0,0,0,0,0,0,0,0,0
11193,1823,0,0,0,0,0,0,0,0,0
11194,1823,0,0,0,0,0,0,0,0,0
11195,1823,0,0,0,0,0,0,0,0,0
11196,1823,0,0,0,0,0,0,0,0,0
11197,1823,0,0,0,0,0,0,0,0,0
11198,1823,0,0,0,0,0,0,0,0,0
11199,1823,0,0,0,0,0,0,0,0,0
11200,1823,0,0,0,0,0,0,0,0,0
11201,1823,0,0,0,0,0,0,0,0,0
11202,1823,0,0,0,0,0,0,0,0,0
11203,1823,0,0,0,0,0,0,0,0,0
11204,1823,0,0,0,0,0,0,0,0,0
11205,1823,0,0,0,0,0,0,0,0,0
11206,1823,0,0,0,0,0,0,0,0,0
11207,1823,0,0,0,0,0,0,0,0,0
11208,1823,0,0,0,0,0,0,0,0,0
11209,1823,0,0,0,0,0,0,0,0,0
11210,1823,0,0,0,0,0,0,0,0,0
11211,1823,0,0,0,0,0,0,0,0,0
11212,1823,0,0,0,0,0,0,0,0,0
11213,1823,0,0,0,0,0,0,0,0,0
11214,1823,0,0,0,0,0,0,0,0,0
11215,1823,0,0,0,0,0,0,0,0,0
11216,1823,1,0,0,0,0,0,0,0,0
11217,1823,0,0,0,0,0,0,0,0,0
11218,1823,0,0,0,0,0,0,0,0,0
11219,1823,0,0,0,0,0,0,0,0,0
11220,1823,0,0,0,0,0,0,0,0,0
11221,1823,0,0,0,0,0,0,0,0,0
11222,1823,0,0,0,0,0,0,0,0,0
11223,1823,0,0,0,0,0,0,0,0,0
11224,1823,0,0,0,0,0,0,0,0,0
11225,1823,0,0,0,0,0,0,0,0,0
11226,1823,0,0,0,0,0,0,0,0,0
11227,1823,0,0,0,0,0,0,0,0,0
11228,1823,0,0,0,0,0,0,0,0,0
11229,1823,0,0,0,0,0,0,0,0,0
11230,1823,0,0,0,0,0,0,0,0,0
11231,1823,0,0,0,0,0,0,0,0,0
11232,1823,0,0,0,0,0,0,0,0,0
11233,1823,0,0,0,0,0,0,0,0,0
11234,1823,0,0,0,0,0,0,0,0,0
11235,1823,0,0,0,0,0,0,0,0,0
11236,1823,0,0,0,0,0,0,0,0,0
11237,1823,0,0,0,0,0,0,0,0,0
11238,1823,0,0,0,0,0,1,0,0,0
11239,1823,0,0,0,0,0,0,0,0,0
11240,1823,0,0,0,0,0,0,0,0,0
11241,1823,0,0,0,0,0,0,0,0,0
11242,1823,1,0,0,0,0,0,0,0,0
11243,1823,0,0,0,0,0,0,0,0,0
11244,1823,0,0,0,0,0,0,1,0,0
11245,1823,0,0,0,0,0,0,0,0,0
11246,1823,0,0,0,0,0,0,0,0,0
11247,1823,0,0,1,0,0,0,0,0,0
11248,1823,0,0,0,0,0,0,0,0,0
11249,1823,0,0,0,0,0,0,0,0,0
11250,1823,0,0,0,0,0,0,0,0,0
11251,1823,0,0,0,0,0,0,0,0,0
11252,1823,0,0,0,0,0,0,0,0,0
11253,1823,0,0,0,0,0,0,0,0,0
11254,1823,0,0,1,0,0,0,0,0,0
11255,1823,0,0,0,1,0,0,0,0,0
11256,1823,0,0,0,0,0,0,0,0,0
11257,1823,0,0,0,0,0,0,0,0,0
11258,1823,0,0,0,0,0,0,0,0,0
11259,1823,0,0,0,0,0,0,0,0,0
11260,1823,0,0,0,0,0,0,0,0,0
11261,1823,0,0,0,0,0,0,0,0,0
11262,1823,0,0,0,0,0,0,0,0,0
11263,1823,0,0,0,0,0,0,0,0,0
11264,1823,0,0,0,0,0,0,0,0,0
11265,1823,0,0,0,0,0,0,0,0,0
11266,1823,0,0,0,0,0,0,0,0,0
11267,1823,0,0,0,0,0,0,0,0,0
11268,1823,0,0,0,0,0,0,0,0,0
11269,1823,0,0,0,0,0,0,0,0,0
11270,1823,0,0,0,0,0,0,0,0,0
11271,1823,0,0,0,0,0,0,0,0,0
11272,1823,0,0,0,0,0,0,0,0,0
11273,1823,0,0,0,0,0,0,0,0,0
11274,1823,0,0,0,0,0,0,0,0,0
11275,1823,0,0,0,0,0,0,0,0,0
11276,1823,0,0,0,0,0,0,0,0,0
11277,1823,0,0,0,0,0,0,0,0,0
11278,1823,0,0,0,0,0,0,0,0,0
11279,1823,0,0,1,0,0,0,0,0,0
11280,1823,0,0,0,0,0,0,0,0,0
11281,1823,0,0,0,0,0,0,0,0,0
11282,1823,0,0,0,0,0,0,0,0,0
11283,1823,0,0,0,0,0,0,0,0,0
11284,1823,0,0,0,0,0,0,0,0,0
11285,1823,0,0,0,0,0,0,0,0,0
11286,1823,0,0,0,0,0,0,0,0,0
11287,1823,0,0,0,0,0,0,0,0,0
11288,1823,0,0,0,0,0,0,0,0,0
11289,1823,0,0,0,0,0,0,0,0,0
11290,1823,0,0,0,0,0,0,0,0,0
11291,1823,0,0,0,0,0,0,0,0,0
11292,1823,0,0,0,0,0,0,0,0,0
11293,1823,0,0,0,0,0,0,0,0,0
11294,1823,0,0,0,0,0,0,0,0,0
11295,1823,0,0,0,0,0,0,0,0,0
11296,1823,0,0,0,0,0,0,0,0,0
11297,1823,0,0,0,0,0,0,0,0,0
11298,1823,0,0,0,0,0,0,0,0,0
11299,1823,0,0,0,0,0,0,0,0,0
11300,1823,0,0,0,0,0,0,0,0,0
11301,1823,0,0,0,0,0,0,0,0,0
11302,1823,0,0,0,0,0,0,0,0,0
11303,1823,0,0,0,0,0,0,0,0,0
11304,1823,0,0,0,0,0,0,0,0,0
11305,1823,0,0,0,0,0,0,0,0,0
11306,1823,0,0,0,0,0,0,0,0,0
11307,1823,0,0,0,0,0,0,0,0,0
11308,1823,0,0,0,0,0,0,0,0,0
11309,1823,0,0,0,0,0,0,0,0,0
11310,1823,0,0,0,0,0,0,0,0,0
11311,1823,0,0,0,0,0,0,0,0,0
11312,1823,0,0,0,0,0,0,0,0,0
11313,1823,0,0,0,0,0,0,0,0,0
11314,1823,0,0,1,0,0,0,0,0,0
11315,1823,0,0,0,0,0,0,0,0,0
11316,1823,0,0,0,0,0,0,0,0,0
11317,1823,0,0,0,0,0,0,0,0,0
11318,1823,0,0,1,0,0,0,0,0,0
11319,1823,0,0,0,0,0,0,0,0,0
11320,1823,0,0,0,0,0,0,0,0,0
11321,1823,0,0,0,0,0,0,0,0,0
11322,1823,0,0,0,0,0,0,0,0,0
11323,1823,0,0,0,0,0,0,0,0,0
11324,1823,0,0,0,0,0,0,0,0,0
11325,1823,0,0,0,0,0,0,0,0,0
11326,1823,0,0,0,0,0,0,0,0,0
11327,1823,0,0,0,0,0,0,0,0,0
11328,1823,0,0,0,0,0,0,0,0,0
11329,1823,0,0,0,0,0,0,0,0,0
11330,1823,0,0,0,0,0,0,0,0,0
11331,1823,0,0,0,0,0,0,0,0,0
11332,1823,0,0,0,0,0,0,0,0,0
11333,1823,0,0,1,0,0,0,0,0,0
11334,1823,1,0,0,0,0,0,0,0,0
11335,1823,0,0,0,0,0,0,0,0,0
11336,1823,0,0,0,0,0,0,0,0,0
11337,1823,0,0,0,0,0,0,0,0,0
11338,1823,0,0,0,0,0,0,0,0,0
11339,1823,0,0,0,0,0,0,0,0,0
11340,1823,0,0,0,0,0,0,0,0,1
11341,1823,0,0,0,0,0,0,0,0,0
11342,1823,0,0,0,0,0,0,0,0,0
11343,1823,0,0,0,0,0,0,0,0,0
11344,1823,0,0,0,0,0,0,0,0,0
11345,1823,0,0,0,0,0,0,0,0,0
11346,1823,0,0,0,0,0,0,1,0,0
11347,1823,0,0,0,0,0,0,0,0,0
11348,1823,0,0,0,0,0,0,0,0,0
11349,1823,0,0,0,0,0,0,0,0,0
11350,1823,0,0,0,0,0,0,0,0,0
11351,1823,0,0,0,0,0,0,0,0,0
11352,1823,0,0,0,0,0,0,0,0,0
11353,1823,0,0,0,0,0,0,0,0,0
11354,1823,0,0,0,0,0,0,0,0,0
11355,1823,0,0,0,0,0,0,0,0,0
11356,1823,0,0,0,0,0,0,0,0,0
11357,1823,0,0,0,0,0,0,0,0,0
11358,1823,1,0,0,0,0,0,0,0,0
11359,1823,0,0,0,0,0,0,0,0,0
11360,1823,0,0,0,0,0,0,0,0,0
11361,1823,0,0,0,0,0,0,0,0,0
11362,1823,0,0,0,0,0,0,0,0,0
11363,1823,0,0,0,0,0,0,0,0,0
11364,1823,0,0,0,0,0,0,0,0,0
11365,1823,0,0,0,0,0,0,0,0,0
11366,1823,0,0,0,0,0,0,0,0,0
11367,1823,0,0,0,0,0,0,0,0,0
11368,1823,0,0,0,0,0,0,0,0,0
11369,1823,0,0,0,0,0,0,0,0,0
11370,1823,0,0,0,0,0,0,0,0,0
11371,1823,0,0,0,0,0,0,0,0,0
11372,1823,0,0,0,0,0,0,0,0,0
11373,1823,0,0,0,0,0,0,0,0,0
11374,1823,0,0,0,0,0,0,0,0,0
11375,1823,0,0,0,0,0,0,0,0,0
11376,1823,0,0,0,0,0,0,0,0,0
11377,1823,0,0,0,0,0,0,0,0,0
11378,1823,0,0,0,0,0,0,1,0,0
11379,1823,0,0,0,0,0,0,0,0,0
11380,1823,0,0,0,0,0,0,0,0,0
11381,1823,0,0,0,0,0,0,0,0,0
11382,1823,0,0,0,0,0,0,0,0,0
11383,1823,0,0,0,0,0,0,1,0,0
11384,1823,0,0,0,0,0,0,0,0,0
11385,1823,0,0,0,0,0,0,0,0,0
11386,1823,0,0,0,0,0,0,0,0,0
11387,1823,0,0,0,0,0,0,0,0,0
11388,1823,0,0,0,0,0,0,0,0,0
11389,1823,0,0,0,0,0,0,0,0,0
11390,1823,0,0,0,0,0,0,0,0,0
11391,1823,0,0,0,0,0,0,0,0,0
11392,1823,0,0,0,0,0,0,0,0,0
11393,1823,0,0,0,0,0,0,0,0,0
11394,1823,0,0,0,0,0,0,0,0,0
11395,1823,0,0,0,0,0,0,0,0,0
11396,1823,0,0,0,0,0,0,0,0,0
11397,1823,0,0,0,0,0,0,0,0,0
11398,1823,0,0,0,0,0,0,0,0,0
11399,1823,0,0,0,0,0,0,0,0,0
11400,1823,0,0,0,0,0,0,0,0,0
11401,1823,0,0,0,0,0,0,0,0,0
11402,1823,0,0,1,0,0,1,0,0,0
11403,1823,0,0,0,0,0,0,0,0,0
11404,1823,0,0,0,0,0,0,0,0,0
11405,1823,0,0,0,0,0,0,0,0,0
11406,1823,0,0,0,0,0,0,0,0,0
11407,1823,0,0,0,0,0,0,0,0,0
11408,1823,0,0,0,0,0,0,0,0,0
11409,1823,0,0,0,0,0,0,0,0,0
11410,1823,0,0,0,0,0,0,0,0,0
11411,1823,1,0,0,0,0,0,0,0,0
11412,1823,0,0,0,0,0,0,0,0,0
11413,1823,0,0,0,0,0,0,0,0,0
11414,1823,0,0,0,0,0,0,0,0,0
11415,1823,0,0,0,0,0,0,0,0,0
11416,1823,0,0,0,0,0,0,0,0,0
11417,1823,0,0,0,0,0,0,0,0,0
11418,1823,0,0,0,0,0,0,0,0,0
11419,1823,0,0,0,0,0,0,0,0,0
11420,1823,0,0,0,0,0,0,0,0,0
11421,1823,0,0,0,0,0,0,0,0,0
11422,1823,0,0,0,0,0,0,0,0,0
11423,1823,0,0,0,0,0,0,0,0,0
11424,1823,0,0,0,0,0,0,0,0,0
11425,1823,0,0,0,0,0,0,0,0,0
11426,1823,0,0,0,0,0,0,0,0,0
11427,1823,0,0,0,1,0,0,0,0,0
11428,1823,0,0,0,0,0,0,0,0,0
11429,1823,0,0,0,0,0,0,0,0,0
11430,1823,0,0,0,0,0,0,0,0,0
11431,1823,0,0,1,0,0,0,0,0,0
11432,1823,0,0,0,0,0,0,0,0,0
11433,1823,0,0,0,0,0,0,0,0,0
11434,1823,0,0,0,0,0,0,0,0,0
11435,1823,0,0,0,0,0,0,0,0,0
11436,1823,0,0,0,0,0,0,0,0,0
11437,1823,0,0,0,0,0,0,0,0,0
11438,1823,0,0,0,0,0,0,0,0,0
11439,1823,0,0,0,0,0,0,0,0,0
11440,1823,0,0,0,0,0,0,0,0,0
11441,1823,0,0,0,1,0,0,0,0,0
11442,1823,0,0,0,0,0,0,1,0,0
11443,1823,0,0,0,0,0,0,0,0,0
11444,1823,0,0,0,0,0,0,0,0,0
11445,1823,0,0,0,0,0,0,0,0,0
11446,1823,0,0,0,0,0,0,0,0,0
11447,1823,0,0,0,0,0,0,0,0,0
11448,1823,0,0,0,0,0,0,0,0,0
11449,1823,0,0,0,0,0,0,0,0,0
11450,1823,0,0,0,0,0,0,0,0,0
11451,1823,0,0,0,0,0,0,0,0,0
11452,1823,0,0,0,0,0,0,0,0,0
11453,1823,0,0,0,0,0,0,0,0,0
11454,1823,0,0,0,0,0,0,0,0,0
11455,1823,0,0,0,0,0,0,0,0,0
11456,1823,0,0,0,0,0,0,0,0,0
11457,1823,0,0,0,0,0,0,0,0,0
11458,1823,0,0,0,0,0,0,0,0,0
11459,1823,0,0,0,0,0,0,0,0,0
11460,1823,0,0,0,0,0,0,0,0,0
11461,1823,0,0,0,0,0,0,0,0,0
11462,1823,0,0,0,0,0,0,1,0,0
11463,1823,0,0,0,0,0,0,0,0,0
11464,1823,0,0,0,0,0,0,0,0,0
11465,1823,0,0,0,0,0,0,0,0,1
11466,1823,0,0,0,0,0,0,0,0,0
11467,1823,0,0,0,1,0,0,0,0,0
11468,1823,0,0,0,0,0,0,0,0,0
11469,1823,0,0,0,0,0,0,0,0,0
11470,1823,0,0,0,0,0,0,0,0,0
11471,1823,0,0,0,0,0,0,0,0,0
11472,1823,0,0,0,0,0,0,0,0,0
11473,1823,0,0,0,0,0,0,1,0,0
11474,1823,0,0,0,0,0,0,0,0,0
11475,1823,0,0,0,0,0,0,0,0,0
11476,1823,0,0,0,0,0,0,0,0,0
11477,1823,0,0,0,0,0,0,0,0,0
11478,1823,0,0,0,0,0,0,0,0,0
11479,1823,0,0,0,0,0,0,0,0,0
11480,1823,0,0,0,0,0,0,0,0,0
11481,1823,0,0,0,0,0,0,0,0,0
11482,1823,0,0,0,0,0,0,0,0,0
11483,1823,0,0,0,0,0,0,0,0,0
11484,1823,0,0,0,0,0,0,0,0,0
11485,1823,0,0,0,0,0,0,0,0,0
11486,1823,0,0,0,0,0,0,0,0,0
11487,1823,0,0,0,0,0,0,0,0,0
11488,1823,0,0,0,0,0,0,0,0,0
11489,1823,0,0,0,0,0,0,0,0,0
11490,1823,0,0,0,0,0,0,0,0,0
11491,1823,0,0,0,0,0,0,0,0,0
11492,1823,0,0,0,0,0,0,0,0,0
11493,1823,0,0,0,0,0,1,0,0,0
11494,1823,0,0,0,0,0,0,0,0,0
11495,1823,0,0,0,0,0,0,0,0,0
11496,1823,0,0,0,0,0,0,0,0,0
11497,1823,0,0,0,0,0,0,0,0,0
11498,1823,1,0,0,0,0,0,0,0,0
11499,1823,0,0,0,0,0,0,0,0,0
11500,1823,0,0,0,0,0,0,0,0,0
11501,1823,0,0,0,0,0,0,0,0,0
11502,1823,0,0,0,0,0,0,0,0,0
11503,1823,0,0,0,0,0,0,0,0,0
11504,1823,0,0,0,0,0,0,0,0,0
11505,1823,0,0,0,0,0,0,0,0,0
11506,1823,0,0,0,0,0,0,0,0,0
11507,1823,0,0,0,0,0,0,0,0,0
11508,1823,0,0,0,0,0,0,0,0,0
11509,1823,0,0,0,0,0,0,0,0,0
11510,1823,0,0,0,0,0,0,0,0,0
11511,1823,0,0,0,0,0,0,0,0,0
11512,1823,0,0,0,0,0,0,0,0,0
11513,1823,0,0,0,0,0,0,0,0,0
11514,1823,0,0,0,0,0,0,0,0,0
11515,1823,0,0,0,0,0,0,0,0,0
11516,1823,0,0,0,0,0,0,0,0,0
11517,1823,0,0,0,0,0,0,0,0,0
11518,1823,0,0,0,0,0,0,0,0,0
11519,1823,0,0,0,0,0,0,0,0,0
11520,1823,0,0,0,0,0,1,0,0,0
11521,1823,0,0,0,0,0,0,0,0,0
11522,1823,0,0,0,0,0,0,1,0,0
11523,1823,0,0,0,0,0,0,0,0,0
11524,1823,0,0,0,0,0,0,0,0,0
11525,1823,0,0,0,0,0,0,0,0,0
11526,1823,0,0,0,0,0,0,0,0,0
11527,1823,0,0,0,0,0,0,0,0,0
11528,1823,0,0,0,0,0,0,0,0,0
11529,1823,0,0,0,0,0,0,0,0,0
11530,1823,0,0,0,0,0,0,0,0,0
11531,1823,0,0,0,0,0,0,0,0,0
11532,1823,0,0,0,0,0,0,0,0,0
11533,1823,0,0,0,0,0,0,0,0,0
11534,1823,0,0,0,0,0,0,0,0,0
11535,1823,0,0,0,0,0,0,0,0,0
11536,1823,0,0,0,0,0,0,0,0,0
11537,1823,0,0,1,0,0,0,0,0,0
11538,1823,0,0,0,0,0,0,0,0,0
11539,1823,0,0,0,1,0,0,0,0,0
11540,1823,0,0,0,0,0,0,0,0,0
11541,1823,0,0,0,0,0,0,0,0,0
11542,1823,0,0,1,0,0,0,0,0,0
11543,1823,0,0,0,0,0,0,0,0,0
11544,1823,0,0,0,0,0,0,0,0,0
11545,1823,0,0,0,0,0,0,0,0,0
11546,1823,0,0,0,0,0,0,0,0,0
11547,1823,0,0,0,1,0,0,0,0,0
11548,1823,0,0,0,0,0,0,0,0,0
11549,1823,0,0,0,0,0,0,0,0,0
11550,1823,0,0,0,0,0,0,0,0,0
11551,1823,0,0,0,0,0,0,0,0,0
11552,1823,0,0,0,0,0,0,0,0,0
11553,1823,0,0,0,0,0,0,0,0,0
11554,1823,0,0,0,0,0,0,0,0,0
11555,1823,0,0,0,0,0,0,0,0,0
11556,1823,0,0,0,0,0,0,0,0,0
11557,1823,0,0,0,0,0,0,0,0,0
11558,1823,0,0,0,0,0,0,0,0,0
11559,1823,0,0,0,0,0,0,0,0,0
11560,1823,0,0,0,0,0,0,0,0,0
11561,1823,0,0,0,0,0,0,0,0,0
11562,1823,0,0,0,0,0,0,0,0,0
11563,1823,0,0,0,0,0,0,0,0,0
11564,1823,0,0,0,0,0,0,0,0,0
11565,1823,0,0,0,0,0,0,0,0,0
11566,1823,0,0,1,0,0,0,0,0,0
11567,1823,0,0,0,0,0,0,0,0,0
11568,1823,0,0,0,0,0,0,0,0,0
11569,1823,0,0,0,0,0,0,0,0,0
11570,1823,0,0,0,0,0,0,0,0,0
11571,1823,0,0,0,0,0,0,0,0,0
11572,1823,0,0,0,0,0,0,0,0,0
11573,1823,0,0,0,0,0,0,0,0,0
11574,1823,0,0,0,0,0,0,0,0,0
11575,1823,0,0,0,0,0,0,0,0,0
11576,1823,0,0,0,0,0,0,0,0,0
11577,1823,0,0,0,0,0,0,0,0,0
11578,1823,0,0,0,0,0,0,0,0,0
11579,1823,0,0,0,0,0,0,0,0,0
11580,1823,0,0,0,0,0,0,0,0,0
11581,1823,0,0,0,0,0,0,0,0,0
11582,1823,0,0,0,0,0,0,0,0,0
11583,1823,0,0,0,0,0,0,0,0,0
11584,1823,0,0,0,0,0,0,0,0,0
11585,1823,0,0,0,0,0,0,0,0,0
11586,1823,0,0,0,0,0,0,0,0,0
11587,1823,0,0,0,0,0,0,0,0,0
11588,1823,0,0,0,0,0,0,0,0,0
11589,1823,0,0,0,0,0,0,0,0,0
11590,1823,0,0,0,0,0,0,0,0,0
11591,1823,0,0,0,0,0,0,0,0,0
11592,1823,0,0,0,0,0,0,0,0,0
11593,1823,0,0,0,0,0,0,0,0,0
11594,1823,0,0,0,0,0,0,0,0,0
11595,1823,0,0,0,0,0,0,0,0,0
11596,1823,0,0,0,0,0,0,0,0,0
11597,1823,0,0,0,0,0,0,0,0,1
11598,1823,0,0,0,0,0,0,0,0,0
11599,1823,0,0,0,0,0,0,0,0,0
11600,1823,0,0,0,0,0,0,0,0,0
11601,1823,0,0,0,0,0,0,0,0,0
11602,1823,0,0,0,0,0,0,0,0,0
11603,1823,0,0,0,0,0,0,0,0,0
11604,1823,0,0,0,0,0,0,0,0,0
11605,1823,0,0,0,0,0,0,0,0,0
11606,1823,0,0,0,0,0,0,0,0,0
11607,1823,0,0,0,0,0,0,0,0,0
11608,1823,0,0,0,0,0,0,0,0,0
11609,1823,0,0,0,0,0,0,0,0,0
11610,1823,0,0,0,0,0,0,0,0,0
11611,1823,0,0,0,0,0,0,0,0,0
11612,1823,0,0,0,0,0,0,0,0,0
11613,1823,0,0,0,0,0,0,0,0,0
11614,1823,0,0,0,0,0,0,0,0,0
11615,1823,0,0,0,0,0,0,0,0,0
11616,1823,0,0,0,0,0,0,0,0,0
11617,1823,0,0,0,0,0,0,0,0,0
11618,1823,0,0,0,0,0,0,0,0,0
11619,1823,0,0,0,0,0,0,0,0,0
11620,1823,0,0,0,0,0,0,0,0,0
11621,1823,0,0,0,0,0,0,0,0,0
11622,1823,0,0,0,0,0,0,0,0,0
11623,1823,0,0,0,0,0,0,0,0,0
11624,1823,0,0,0,0,0,0,0,0,0
11625,1823,0,0,0,0,0,0,0,0,0
11626,1823,0,0,0,0,0,0,0,0,0
11627,1823,0,0,0,0,0,0,0,0,0
11628,1823,0,0,0,0,0,0,0,0,0
11629,1823,0,0,0,0,0,0,0,0,0
11630,1823,0,0,0,0,0,0,0,0,0
11631,1823,0,0,0,0,0,0,0,0,0
11632,1823,0,0,0,0,0,0,0,0,0
11633,1823,0,0,0,0,0,0,0,0,0
11634,1823,0,0,0,0,0,0,0,0,0
11635,1823,0,0,0,0,0,0,0,0,0
11636,1823,0,0,0,0,0,0,0,0,0
11637,1823,0,0,0,0,0,0,0,0,0
11638,1823,0,0,0,0,0,0,0,0,0
11639,1823,0,0,0,0,0,0,0,0,0
11640,1823,0,0,0,0,0,0,0,0,0
11641,1823,0,0,0,0,0,0,0,0,0
11642,1823,0,0,0,0,0,0,0,0,0
11643,1823,0,0,0,0,0,0,0,0,0
11644,1823,0,0,0,0,0,0,0,0,0
11645,1823,0,0,0,0,0,0,0,0,0
11646,1823,0,0,0,0,0,0,0,0,0
11647,1823,0,0,0,0,0,0,0,0,0
11648,1823,0,0,0,0,0,0,0,0,0
11649,1823,0,0,0,0,0,1,0,0,0
11650,1823,0,0,0,0,0,0,0,0,0
11651,1823,0,0,0,0,0,0,0,0,0
11652,1823,0,0,0,0,0,0,0,0,0
11653,1823,0,0,0,0,0,0,0,0,0
11654,1823,0,0,0,0,0,0,0,0,0
11655,1823,0,0,0,0,0,0,0,0,0
11656,1823,0,0,0,0,0,0,0,0,0
11657,1823,0,0,0,0,0,0,0,0,0
11658,1823,0,0,0,0,0,0,0,0,0
11659,1823,0,0,0,0,0,0,0,0,0
11660,1823,0,0,0,0,0,0,0,0,0
11661,1823,0,0,0,0,0,0,0,0,0
11662,1823,0,0,0,0,0,0,0,0,0
11663,1823,0,0,0,0,0,0,0,0,0
11664,1823,0,0,0,0,0,0,0,0,0
11665,1823,0,0,0,0,0,0,0,0,0
11666,1823,0,0,0,0,0,0,0,0,0
11667,1823,0,0,0,0,0,0,1,0,0
11668,1823,0,0,0,0,0,0,0,0,0
11669,1823,0,0,0,0,0,0,0,0,0
11670,1823,0,0,0,0,0,0,0,0,0
11671,1823,0,0,0,0,0,0,0,0,0
11672,1823,0,0,0,0,0,0,0,0,0
11673,1823,0,0,0,0,0,0,0,0,0
11674,1823,0,0,0,0,0,0,0,0,0
11675,1823,0,0,0,0,0,0,0,0,0
11676,1823,0,0,0,0,0,0,0,0,0
11677,1823,0,0,0,0,0,0,0,0,0
11678,1823,0,0,0,0,0,0,0,0,0
11679,1823,0,0,0,0,0,0,0,0,0
11680,1823,0,0,0,0,0,0,0,0,0
11681,1823,0,0,0,0,0,0,0,0,0
11682,1823,0,0,0,0,0,0,0,0,0
11683,1823,0,0,1,0,0,0,0,0,0
11684,1823,0,0,0,0,0,0,1,0,0
11685,1823,0,0,0,0,0,0,0,0,0
11686,1823,0,0,0,0,0,0,0,0,0
11687,1823,0,0,0,0,0,0,0,0,0
11688,1823,0,0,0,0,0,0,0,0,0
11689,1823,0,0,0,0,0,0,0,0,0
11690,1823,0,0,0,0,0,0,0,0,0
11691,1823,0,0,0,0,0,0,0,0,0
11692,1823,0,0,0,0,0,0,0,0,0
11693,1823,0,0,0,0,0,0,0,0,0
11694,1823,0,0,0,0,0,0,0,0,0
11695,1823,0,0,0,0,0,0,0,0,0
11696,1823,0,0,0,0,0,0,0,0,0
11697,1823,0,0,0,0,0,0,0,0,0
11698,1823,0,0,0,1,0,0,0,0,0
11699,1823,0,0,0,0,0,0,1,0,0
11700,1823,0,0,0,0,0,0,0,0,0
11701,1823,0,0,0,0,0,0,0,0,0
11702,1823,0,0,0,0,0,0,0,0,0
11703,1823,0,0,0,0,0,0,0,0,0
11704,1823,0,0,0,0,0,0,0,0,0
11705,1823,0,0,0,0,0,0,0,0,0
11706,1823,0,0,0,0,0,0,0,0,0
11707,1823,0,0,0,0,0,0,0,0,0
11708,1823,0,0,0,0,0,0,0,0,0
11709,1823,0,0,0,0,0,0,0,0,0
11710,1823,0,0,0,0,0,0,0,0,0
11711,1823,0,0,0,0,0,0,0,0,0
11712,1823,0,0,0,0,0,0,0,0,0
11713,1823,0,0,0,0,0,0,0,0,0
11714,1823,0,0,0,0,0,0,0,0,0
11715,1823,0,0,0,0,0,0,0,0,0
11716,1823,0,0,0,0,0,0,0,0,0
11717,1823,0,0,0,0,0,0,0,0,0
11718,1823,0,0,0,0,0,0,0,0,0
11719,1823,0,0,0,0,0,0,1,0,0
11720,1823,0,0,0,0,0,0,0,0,0
11721,1823,0,0,0,0,0,0,0,0,0
11722,1823,0,0,0,0,0,0,0,0,0
11723,1823,0,0,0,0,0,0,0,0,0
11724,1823,0,0,0,0,0,0,0,0,0
11725,1823,0,0,0,0,0,0,0,0,0
11726,1823,0,0,0,0,0,0,0,0,0
11727,1823,0,0,0,0,0,0,0,0,0
11728,1823,0,0,0,0,0,0,0,0,0
11729,1823,0,0,0,0,0,0,0,0,0
11730,1823,0,0,0,0,0,0,0,0,0
11731,1823,0,0,0,0,0,0,0,0,0
11732,1823,0,0,0,0,0,0,0,0,0
11733,1823,0,0,0,0,0,0,0,0,0
11734,1823,0,0,0,0,0,0,1,0,0
11735,1823,0,0,0,0,0,0,0,0,0
11736,1823,0,0,0,0,0,0,0,0,0
11737,1823,0,0,0,0,0,0,1,0,0
11738,1823,0,0,0,0,0,0,0,0,0
11739,1823,0,0,0,0,0,0,0,0,0
11740,1823,0,0,0,0,0,0,0,0,0
11741,1823,0,0,0,0,0,0,0,0,0
11742,1823,0,0,0,0,0,0,0,0,0
11743,1823,0,0,0,0,0,0,0,0,0
11744,1823,0,0,0,0,0,0,0,0,0
11745,1823,0,0,0,0,0,0,0,0,0
11746,1823,0,0,0,0,0,0,0,0,0
11747,1823,0,0,0,0,0,0,0,0,0
11748,1823,0,0,0,0,0,0,0,0,0
11749,1823,0,0,0,1,0,0,0,0,0
11750,1823,0,0,0,0,0,0,0,0,0
11751,1823,0,0,0,0,0,0,0,0,0
11752,1823,0,0,0,0,0,0,0,0,0
11753,1823,0,0,0,0,0,0,0,0,0
11754,1823,0,0,0,0,0,0,0,0,1
11755,1823,0,0,0,1,0,0,0,0,0
11756,1823,0,0,0,0,0,0,0,0,0
11757,1823,0,0,0,0,0,0,0,0,0
11758,1823,0,0,0,0,0,0,0,0,0
11759,1823,0,0,0,0,0,0,0,0,0
11760,1823,0,0,0,0,0,0,0,0,0
11761,1823,0,0,0,0,0,0,0,0,0
11762,1823,0,0,0,0,0,0,0,0,0
11763,1823,0,0,0,0,0,0,0,0,0
11764,1823,0,0,0,1,0,0,0,0,0
11765,1823,0,0,0,0,0,0,0,0,0
11766,1823,0,0,0,0,0,0,0,0,0
11767,1823,0,0,0,0,0,0,0,0,0
11768,1823,0,0,0,0,0,0,0,0,0
11769,1823,0,0,0,0,0,0,0,0,0
11770,1823,0,0,0,0,0,0,0,0,0
11771,1823,0,0,0,0,0,0,0,0,0
11772,1823,0,0,0,0,0,0,0,0,0
11773,1823,0,0,0,0,0,0,0,0,0
11774,1823,0,0,0,0,0,0,0,0,0
11775,1823,0,0,0,0,0,0,0,0,0
11776,1823,0,0,0,0,0,0,0,0,0
11777,1823,0,0,0,0,0,0,0,0,0
11778,1823,0,0,0,0,0,0,0,0,0
11779,1823,0,0,0,0,0,0,0,0,0
11780,1823,0,0,0,0,0,0,0,0,0
11781,1823,0,0,0,0,0,0,0,0,0
11782,1823,0,0,0,0,0,0,0,0,0
11783,1823,0,0,0,0,0,0,0,0,0
11784,1823,0,0,0,0,0,0,0,0,0
11785,1823,0,0,0,0,0,0,0,0,0
11786,1823,0,0,0,0,0,0,0,0,0
11787,1823,0,0,0,0,0,0,0,0,0
11788,1823,0,0,0,0,0,0,0,0,0
11789,1823,0,0,0,0,0,0,0,0,0
11790,1823,0,0,0,0,0,0,0,0,0
11791,1823,0,0,0,0,0,0,0,0,0
11792,1823,0,0,0,0,0,0,0,0,0
11793,1823,0,0,0,0,0,0,0,0,0
11794,1823,0,0,0,0,0,0,0,0,0
11795,1823,0,0,0,0,0,0,0,0,0
11796,1823,0,0,0,0,0,0,0,0,0
11797,1823,0,0,0,0,0,0,0,0,0
11798,1823,0,0,0,0,0,0,0,0,0
11799,1823,0,0,0,0,0,0,0,0,0
11800,1823,0,0,0,0,0,0,0,0,0
11801,1823,0,0,0,0,0,0,0,0,0
11802,1823,0,0,0,0,0,0,0,0,0
11803,1823,0,0,0,0,0,0,0,0,0
11804,1823,0,0,0,0,0,0,0,0,0
11805,1823,0,0,0,0,0,0,0,0,0
11806,1823,0,0,0,0,0,0,0,0,0
11807,1823,0,0,0,0,0,0,0,0,0
11808,1823,0,0,0,0,0,0,0,0,0
11809,1823,0,0,0,0,0,0,0,0,0
11810,1823,0,0,0,0,0,0,0,0,0
11811,1823,0,0,0,0,0,0,0,0,0
11812,1823,0,0,0,0,0,0,0,0,0
11813,1823,0,0,0,0,0,0,0,0,0
11814,1823,0,0,0,0,0,0,0,0,0
11815,1823,0,0,0,0,0,0,0,0,0
11816,1823,0,0,0,0,0,0,0,0,0
11817,1823,0,0,0,0,0,0,0,0,0
11818,1823,0,0,0,0,0,0,0,0,0
11819,1823,0,0,0,0,0,0,0,0,0
11820,1823,0,0,0,0,0,0,0,0,0
11821,1823,0,0,0,0,0,0,0,0,0
11822,1823,0,0,0,0,0,0,0,0,0
11823,1823,0,0,0,0,0,0,1,0,0
11824,1823,0,0,0,0,0,0,0,0,0
11825,1823,0,0,0,0,0,0,0,0,0
11826,1823,0,0,0,0,0,0,0,0,0
11827,1823,0,0,0,0,0,0,0,0,0
11828,1823,0,0,0,0,0,0,0,0,0
11829,1823,0,0,0,0,0,0,0,0,0
11830,1823,0,0,0,0,0,0,0,0,0
11831,1823,0,0,0,0,0,0,0,0,0
11832,1823,0,0,1,0,0,0,0,0,0
11833,1823,0,0,0,0,0,0,0,0,0
11834,1823,0,0,0,0,0,0,0,0,0
11835,1823,0,0,0,0,0,0,0,0,0
11836,1823,0,0,0,0,0,0,0,0,0
11837,1823,0,0,0,0,0,0,0,0,0
11838,1823,0,0,0,0,0,0,0,0,0
11839,1823,0,0,0,0,0,0,0,0,0
11840,1823,0,0,0,0,0,0,0,0,0
11841,1823,0,0,0,0,0,0,0,0,0
11842,1823,0,0,0,0,0,0,0,0,0
11843,1823,0,0,0,0,0,0,0,0,0
11844,1823,0,0,0,0,0,0,0,0,0
11845,1823,0,0,0,0,0,0,0,0,0
11846,1823,0,0,0,0,0,0,0,0,0
11847,1823,0,0,1,0,0,0,0,0,0
11848,1823,0,0,0,0,0,0,0,0,0
11849,1823,0,0,0,0,0,0,0,0,0
11850,1823,0,0,0,0,0,0,0,0,0
11851,1823,0,0,0,0,0,0,0,0,0
11852,1823,0,0,0,0,0,0,0,0,0
11853,1823,0,0,0,0,0,0,0,0,0
11854,1823,0,0,0,0,0,0,0,0,0
11855,1823,0,0,0,0,0,0,0,0,0
11856,1823,0,0,0,0,0,0,0,0,0
11857,1823,0,0,0,0,0,0,0,0,0
11858,1823,0,0,0,0,0,0,0,0,0
11859,1823,0,0,0,0,0,0,0,0,0
11860,1823,0,0,0,0,0,0,0,0,0
11861,1823,0,0,0,0,0,0,0,0,0
11862,1823,0,0,0,0,0,0,0,0,0
11863,1823,0,0,0,0,0,0,0,0,0
11864,1823,0,0,0,0,0,0,0,0,0
11865,1823,0,0,1,0,0,0,0,0,0
11866,1823,0,0,0,0,0,0,0,0,0
11867,1823,0,0,0,0,0,0,0,0,0
11868,1823,0,0,0,0,0,0,0,0,0
11869,1823,0,0,0,0,0,0,0,0,0
11870,1823,0,0,0,0,0,0,0,0,0
11871,1823,1,0,0,0,0,0,0,0,0
11872,1823,0,0,0,0,0,0,0,0,0
11873,1823,0,0,0,0,0,0,0,0,0
11874,1823,0,0,0,0,0,0,0,0,0
11875,1823,0,0,0,0,0,0,0,0,0
11876,1823,0,0,0,0,0,0,0,0,0
11877,1823,0,0,0,0,0,0,0,0,0
11878,1823,0,0,0,0,0,0,0,0,0
11879,1823,0,0,0,0,0,0,0,0,0
11880,1823,0,0,0,0,0,0,0,0,0
11881,1823,0,0,0,0,0,0,0,0,0
11882,1823,0,0,0,0,0,0,0,0,0
11883,1823,0,0,0,0,0,0,0,0,0
11884,1823,0,0,0,0,0,0,0,0,0
11885,1823,0,0,0,0,0,0,0,0,0
11886,1823,0,0,0,0,0,0,0,0,0
11887,1823,0,0,0,0,0,0,0,0,0
11888,1823,0,0,0,0,0,0,0,0,0
11889,1823,0,0,0,0,0,0,0,0,0
11890,1823,0,0,0,0,0,0,0,0,0
11891,1823,0,0,0,0,0,0,0,0,0
11892,1823,0,0,0,0,0,0,0,0,0
11893,1823,0,0,0,0,0,0,0,0,0
11894,1823,0,0,0,0,0,0,0,0,0
11895,1823,0,0,0,0,0,0,0,0,0
11896,1823,0,0,0,0,0,0,0,0,0
11897,1823,0,0,0,0,0,0,0,0,0
11898,1823,0,0,0,0,0,0,0,0,0
11899,1823,0,0,0,0,0,0,0,0,0
11900,1823,0,0,0,0,0,0,0,0,0
11901,1823,0,0,0,0,0,0,0,0,0
11902,1823,0,0,0,0,0,0,0,0,0
11903,1823,0,0,0,0,0,0,0,0,0
11904,1823,0,0,0,0,0,0,0,0,0
11905,1823,0,0,0,0,0,0,0,0,0
11906,1823,0,0,0,0,0,0,0,0,0
11907,1823,0,0,0,0,0,0,0,0,0
11908,1823,0,0,0,0,0,0,0,0,0
11909,1823,0,0,0,0,0,0,0,0,0
11910,1823,0,0,0,0,0,0,0,0,0
11911,1823,0,0,0,0,0,0,0,0,0
11912,1823,0,0,0,0,0,0,0,0,0
11913,1823,0,0,0,0,0,0,0,0,0
11914,1823,0,0,0,0,0,0,0,0,0
11915,1823,0,0,0,0,0,0,0,0,0
11916,1823,0,0,0,0,0,0,1,0,0
11917,1823,0,0,0,0,0,0,0,0,0
11918,1823,0,0,0,0,0,0,0,0,0
11919,1823,0,0,0,0,0,0,0,0,0
11920,1823,0,0,0,0,0,0,0,0,0
11921,1823,0,0,0,0,0,0,0,0,0
11922,1823,0,0,0,0,0,0,0,0,0
11923,1823,0,0,0,0,0,0,0,0,0
11924,1823,0,0,0,0,0,0,0,0,0
11925,1823,0,0,0,0,0,0,0,0,0
11926,1823,0,0,0,0,0,0,0,0,0
11927,1823,1,0,0,0,0,0,0,0,0
11928,1823,0,0,0,0,0,0,0,0,0
11929,1823,0,0,0,0,0,0,0,0,0
11930,1823,0,0,0,0,0,0,0,0,0
11931,1823,0,0,0,0,0,0,0,0,0
11932,1823,0,0,0,0,0,0,0,0,0
11933,1823,0,0,0,0,0,0,0,0,0
11934,1823,0,0,0,0,0,0,0,0,0
11935,1823,0,0,0,0,0,0,0,0,0
11936,1823,0,0,0,0,0,0,1,0,0
11937,1823,0,0,0,0,0,0,0,0,0
11938,1823,0,0,0,0,0,0,0,0,0
11939,1823,0,0,0,0,0,0,0,0,0
11940,1823,0,0,0,0,0,0,0,0,0
11941,1823,0,0,0,0,0,0,0,0,0
11942,1823,0,0,0,0,0,0,0,0,0
11943,1823,0,0,0,0,0,0,0,0,0
11944,1823,0,0,0,0,0,0,0,0,0
11945,1823,0,0,0,0,0,0,0,0,0
11946,1823,0,0,0,0,0,0,0,0,0
11947,1823,0,0,0,0,0,0,0,0,0
11948,1823,0,0,0,1,0,0,0,0,0
11949,1823,0,0,0,0,0,0,0,0,0
11950,1823,0,0,0,0,0,0,0,0,0
11951,1823,0,0,0,0,0,0,0,0,0
11952,1823,0,0,0,1,0,0,0,0,0
11953,1823,0,0,0,0,0,0,0,0,0
11954,1823,0,0,0,0,0,0,0,0,0
11955,1823,0,0,0,0,0,0,0,0,0
11956,1823,0,0,0,0,0,0,0,0,0
11957,1823,0,0,0,0,0,0,0,0,0
11958,1823,0,0,0,0,0,0,0,0,0
11959,1823,0,0,0,0,0,0,0,0,0
11960,1823,0,0,0,0,0,0,0,0,0
11961,1823,0,0,0,0,0,0,0,0,0
11962,1823,0,0,0,0,0,0,0,0,0
11963,1823,0,0,0,0,0,0,0,0,0
11964,1823,0,0,0,0,0,0,0,0,0
11965,1823,0,0,0,0,0,0,0,0,0
11966,1823,0,0,1,0,0,0,0,0,0
11967,1823,0,0,0,0,0,0,0,0,0
11968,1823,0,0,0,0,0,0,0,0,0
11969,1823,0,0,0,0,0,0,0,0,0
11970,1823,0,0,0,0,0,0,0,0,0
11971,1823,0,0,0,0,0,0,0,0,0
11972,1823,0,0,0,0,0,0,1,0,0
11973,1823,0,0,0,0,0,0,0,0,0
11974,1823,0,0,0,0,0,0,0,0,0
11975,1823,0,0,0,0,0,0,0,0,0
11976,1823,1,0,0,0,0,0,0,0,0
11977,1823,0,0,0,0,0,0,0,0,0
11978,1823,0,0,0,0,0,0,0,0,0
11979,1823,0,0,0,1,0,0,0,0,0
11980,1823,0,0,0,0,0,0,0,0,0
11981,1823,0,0,0,0,0,0,0,0,0
11982,1823,0,0,0,0,0,0,0,0,0
11983,1823,0,0,1,0,0,0,0,0,0
11984,1823,0,0,0,0,0,0,0,0,0
11985,1823,0,0,0,0,0,0,0,0,0
11986,1823,0,0,0,0,0,0,0,0,0
11987,1823,0,0,0,0,0,0,0,0,0
11988,1823,0,0,0,0,0,0,0,0,0
11989,1823,0,0,0,0,0,0,0,0,0
11990,1823,0,0,0,0,0,0,0,0,0
11991,1823,0,0,0,0,0,0,0,0,0
11992,1823,0,0,0,0,0,0,0,0,1
11993,1823,0,0,0,0,0,0,0,0,0
11994,1823,0,0,0,0,0,0,0,0,0
11995,1823,0,0,0,0,0,0,0,0,0
11996,1823,0,0,0,0,0,0,0,0,0
11997,1823,0,0,0,0,0,0,0,0,0
11998,1823,0,0,0,0,0,0,0,0,0
11999,1823,0,0,0,0,0,0,0,0,0
12000,1823,0,0,0,0,0,0,0,0,0
12001,1823,0,0,0,0,0,0,0,0,0
12002,1823,0,0,0,0,0,0,0,0,0
12003,1823,0,0,0,0,0,0,0,0,0
12004,1823,0,0,0,0,0,0,0,0,0
12005,1823,0,0,0,0,0,0,0,0,0
12006,1823,0,0,0,0,0,0,0,0,0
12007,1823,0,0,0,0,0,0,0,0,0
12008,1823,0,0,0,0,0,0,0,0,0
12009,1823,0,0,0,0,0,0,0,0,0
12010,1823,0,0,0,0,0,0,0,0,0
12011,1823,0,0,0,0,0,0,0,0,0
12012,1823,1,0,0,0,0,0,0,0,0
12013,1823,0,0,0,0,0,0,0,0,0
12014,1823,0,0,0,0,0,0,0,0,0
12015,1823,0,0,0,0,0,0,0,0,0
12016,1823,0,0,0,0,0,0,0,0,0
12017,1823,0,0,0,0,0,0,0,0,0
12018,1823,0,0,0,0,0,0,0,0,0
12019,1823,0,0,0,0,0,0,0,0,0
12020,1823,0,0,0,0,0,0,0,0,0
12021,1823,0,0,0,0,0,0,0,0,0
12022,1823,0,0,0,0,0,0,0,0,0
12023,1823,0,0,0,0,0,0,0,0,0
12024,1823,0,0,0,0,0,0,0,0,0
12025,1823,0,0,0,0,0,0,0,0,0
12026,1823,0,0,0,0,0,0,0,0,0
12027,1823,0,0,0,0,0,0,0,0,0
12028,1823,0,0,0,0,0,0,0,0,0
12029,1823,0,0,0,0,0,0,0,0,0
12030,1823,0,0,0,0,0,0,0,0,0
12031,1823,0,0,0,0,0,0,0,0,0
12032,1823,0,0,0,0,0,0,0,0,0
12033,1823,0,0,0,0,0,0,0,0,0
12034,1823,0,0,0,0,0,0,0,0,0
12035,1823,0,0,0,0,0,0,0,0,0
12036,1823,0,0,0,0,0,0,0,0,0
12037,1823,0,0,0,0,0,0,0,0,0
12038,1823,0,0,0,0,0,0,0,0,0
12039,1823,0,0,0,0,0,0,0,0,0
12040,1823,0,0,0,0,0,0,0,0,0
12041,1823,0,0,0,0,0,0,0,0,0
12042,1823,1,0,0,0,0,0,0,0,0
12043,1823,0,0,0,0,0,0,0,0,0
12044,1823,0,0,0,0,0,0,0,0,0
12045,1823,0,1,0,0,0,0,0,0,0
12046,1823,0,0,0,0,0,0,0,0,0
12047,1823,0,0,0,0,0,0,0,0,0
12048,1823,0,0,0,0,0,0,0,0,0
12049,1823,0,0,0,0,0,0,0,0,0
12050,1823,0,0,0,0,0,0,0,0,0
12051,1823,0,0,0,0,0,0,0,0,0
12052,1823,0,0,0,0,0,0,0,0,0
12053,1823,0,0,0,0,0,0,0,0,0
12054,1823,0,0,0,0,0,0,0,0,0
12055,1823,0,0,0,0,0,0,0,0,0
12056,1823,0,0,0,0,0,0,0,0,0
12057,1823,0,0,0,0,0,0,0,0,0
12058,1823,0,0,0,0,0,0,0,0,0
12059,1823,0,0,0,0,0,0,0,0,0
12060,1823,0,0,0,0,0,0,0,0,0
12061,1823,0,0,0,0,0,0,0,0,0
12062,1823,0,0,0,0,0,0,0,0,0
12063,1823,0,0,0,0,0,0,0,0,0
12064,1823,0,0,0,0,0,0,0,0,0
12065,1823,0,0,0,0,0,0,0,0,0
12066,1823,1,0,0,0,0,0,0,0,0
12067,1823,0,0,0,0,0,0,0,0,0
12068,1823,0,0,0,0,0,0,0,0,0
12069,1823,0,0,0,0,0,0,0,0,0
12070,1823,0,0,0,0,0,0,0,0,0
12071,1823,0,0,0,0,0,0,0,0,0
12072,1823,0,0,0,0,0,0,0,0,0
12073,1823,0,0,0,0,0,0,0,0,0
12074,1823,0,0,0,0,0,0,0,0,0
12075,1823,0,0,0,0,0,0,0,0,0
12076,1823,0,0,0,0,0,0,0,0,0
12077,1823,0,0,0,0,0,0,0,0,0
12078,1823,0,0,0,0,0,0,0,0,0
12079,1823,0,0,0,0,0,0,0,0,0
12080,1823,0,0,0,0,0,0,0,0,0
12081,1823,0,0,0,0,0,0,0,0,0
12082,1823,0,0,0,0,0,0,0,0,0
12083,1823,0,0,0,0,0,0,0,0,0
12084,1823,0,0,0,0,0,0,0,0,0
12085,1823,0,0,0,1,0,0,0,0,0
12086,1823,0,0,0,0,0,0,0,0,0
12087,1823,0,0,0,0,0,0,0,0,0
12088,1823,0,0,0,0,0,0,0,0,0
12089,1823,0,0,0,0,0,0,0,0,0
12090,1823,0,0,0,0,0,0,0,0,0
12091,1823,0,0,0,0,0,0,0,0,0
12092,1823,0,0,0,0,0,0,0,0,0
12093,1823,0,0,0,0,0,0,0,0,0
12094,1823,0,0,0,0,0,0,0,0,0
12095,1823,0,0,0,0,0,0,0,0,0
12096,1823,0,0,0,0,0,0,0,0,0
12097,1823,0,0,0,0,0,0,0,0,0
12098,1823,0,0,0,0,0,0,0,0,0
12099,1823,0,0,0,0,0,0,0,0,0
12100,1823,0,0,0,0,0,0,0,0,0
12101,1823,0,0,0,0,0,0,0,0,0
12102,1823,0,0,0,0,0,0,0,0,0
12103,1823,0,0,0,0,0,0,0,0,0
12104,1823,0,0,0,0,0,0,0,0,0
12105,1823,0,0,0,0,0,0,0,0,0
12106,1823,0,0,0,0,0,0,0,0,0
12107,1823,0,0,0,0,0,0,0,0,0
12108,1823,0,0,0,0,0,0,0,0,0
12109,1823,0,0,0,0,0,0,0,0,0
12110,1823,0,0,0,0,0,0,0,0,0
12111,1823,0,0,0,0,0,0,0,0,0
12112,1823,0,0,0,0,0,0,0,0,0
12113,1823,1,0,0,0,0,1,0,0,0
12114,1823,0,0,0,0,0,0,0,0,0
12115,1823,0,0,0,0,0,0,0,0,0
12116,1823,0,0,0,0,0,0,0,0,0
12117,1823,0,0,0,0,0,0,0,0,0
12118,1823,0,0,0,0,0,0,0,0,0
12119,1823,0,0,0,0,0,0,0,0,0
12120,1823,0,0,0,0,0,0,0,0,1
12121,1823,0,0,0,0,0,0,0,0,0
12122,1823,0,0,0,0,0,0,0,0,0
12123,1823,0,0,0,0,0,0,0,0,0
12124,1823,0,0,0,0,0,0,0,0,0
12125,1823,1,0,0,0,0,0,0,0,0
12126,1823,0,0,0,0,0,0,0,0,0
12127,1823,0,0,0,0,0,0,0,0,0
12128,1823,0,0,0,0,0,0,0,0,0
12129,1823,0,0,0,0,0,0,0,0,0
12130,1823,0,0,0,0,0,0,0,0,0
12131,1823,0,0,0,0,0,0,0,0,0
12132,1823,0,0,0,0,0,0,0,0,0
12133,1823,0,0,0,0,0,0,0,0,0
12134,1823,0,0,0,0,0,0,0,0,0
12135,1823,0,0,1,0,0,0,0,0,0
12136,1823,0,0,0,0,0,0,0,0,0
12137,1823,0,0,0,0,0,0,0,0,0
12138,1823,0,0,0,0,0,0,0,0,0
12139,1823,0,0,0,0,0,0,0,0,0
12140,1823,0,0,0,0,0,0,0,0,0
12141,1823,0,0,0,0,0,0,0,0,0
12142,1823,0,0,0,0,0,1,0,0,0
12143,1823,0,0,0,0,0,0,0,0,0
12144,1823,0,0,0,0,0,0,0,0,0
12145,1823,0,0,0,0,0,0,0,0,0
12146,1823,1,0,0,0,0,0,0,0,0
12147,1823,0,0,0,0,0,0,0,0,0
12148,1823,0,0,0,0,0,0,0,0,0
12149,1823,0,0,0,0,0,0,0,0,0
12150,1823,0,0,0,1,0,0,0,0,0
12151,1823,0,0,0,0,0,0,0,0,0
12152,1823,0,0,0,0,0,0,0,0,0
12153,1823,0,0,0,0,0,0,0,0,0
12154,1823,0,0,0,1,0,0,0,0,0
12155,1823,0,0,0,0,0,0,0,0,0
12156,1823,0,0,0,0,0,0,0,0,0
12157,1823,0,0,0,0,0,0,0,0,0
12158,1823,0,0,0,0,0,0,0,0,0
12159,1823,0,0,0,0,0,0,0,0,0
12160,1823,0,0,0,0,0,0,0,0,0
12161,1823,0,0,0,0,0,0,0,0,0
12162,1823,0,0,0,0,0,0,0,0,0
12163,1823,0,0,0,0,0,0,0,0,0
12164,1823,0,0,0,0,0,0,0,0,0
12165,1823,0,0,0,0,0,0,0,0,0
12166,1823,0,0,0,0,0,0,0,0,0
12167,1823,0,0,0,0,0,0,0,0,0
12168,1823,0,0,0,0,0,0,0,0,0
12169,1823,0,0,0,0,0,0,0,0,0
12170,1823,0,0,0,0,0,0,0,0,0
12171,1823,0,0,0,0,0,0,0,0,0
12172,1823,0,0,0,0,0,0,0,0,0
12173,1823,0,0,0,0,0,0,0,0,0
12174,1823,0,0,0,0,0,0,0,0,0
12175,1823,0,0,0,0,0,0,0,0,0
12176,1823,0,0,0,0,0,0,0,0,0
12177,1823,0,0,0,0,0,0,0,0,0
12178,1823,0,0,0,0,0,0,0,0,0
12179,1823,0,0,0,0,0,0,0,0,0
12180,1823,0,0,0,0,0,0,0,0,0
12181,1823,0,0,0,0,0,0,0,0,0
12182,1823,0,0,0,0,0,0,0,0,0
12183,1823,0,0,0,0,0,0,0,0,0
12184,1823,0,0,0,0,0,0,0,0,0
12185,1823,0,0,0,0,0,0,0,0,0
12186,1823,0,0,0,0,0,0,0,0,0
12187,1823,0,0,0,1,0,0,0,0,0
12188,1823,0,0,0,1,0,0,0,0,0
12189,1823,0,0,0,0,0,0,0,0,0
12190,1823,0,0,0,0,0,0,0,0,0
12191,1823,0,0,0,0,0,0,0,0,0
12192,1823,0,0,0,0,0,0,0,0,0
12193,1823,0,0,0,0,0,0,0,0,0
12194,1823,0,0,0,0,0,0,0,0,0
12195,1823,0,0,0,0,0,0,0,0,0
12196,1823,0,0,0,0,0,0,0,0,0
12197,1823,0,0,0,0,0,0,0,0,0
12198,1823,0,0,0,0,0,0,0,0,0
12199,1823,0,0,0,0,0,0,0,0,0
12200,1823,0,0,0,0,0,0,0,0,0
12201,1823,0,0,0,0,0,0,0,0,0
12202,1823,0,0,0,0,0,0,0,0,0
12203,1823,0,0,0,0,0,0,0,0,0
12204,1823,0,0,0,0,0,0,0,0,0
12205,1823,0,0,0,0,0,0,0,0,0
12206,1823,0,0,0,0,0,0,0,0,0
12207,1823,0,0,0,0,0,0,0,0,0
12208,1823,0,0,0,0,0,0,0,0,0
12209,1823,0,0,0,0,0,0,0,0,0
12210,1823,0,0,0,0,0,0,0,0,0
12211,1823,0,0,0,0,0,0,0,0,0
12212,1823,0,0,0,0,0,0,0,0,0
12213,1823,0,0,0,0,0,0,0,0,0
12214,1823,0,0,0,0,0,0,0,0,0
12215,1823,0,0,0,0,0,0,0,0,0
12216,1823,0,0,1,0,0,0,0,0,0
12217,1823,0,0,0,0,0,0,0,0,0
12218,1823,0,0,0,0,0,0,0,0,0
12219,1823,0,0,0,0,0,0,0,0,0
12220,1823,0,0,0,0,0,0,0,0,0
12221,1823,0,0,0,0,0,0,0,0,0
12222,1823,0,0,0,0,0,0,0,0,0
12223,1823,0,0,0,0,0,0,0,0,0
12224,1823,0,0,0,0,0,0,0,0,0
12225,1823,0,0,0,0,0,0,0,0,0
12226,1823,0,0,0,0,0,0,0,0,0
12227,1823,0,0,0,0,0,0,0,0,0
12228,1823,0,0,0,0,0,0,0,0,0
12229,1823,0,0,0,0,0,0,0,0,0
12230,1823,0,0,0,1,0,0,0,0,0
12231,1823,0,0,0,0,0,0,0,0,0
12232,1823,0,0,0,0,0,0,0,0,0
12233,1823,0,0,0,0,0,0,0,0,0
12234,1823,0,0,0,0,0,0,0,0,0
12235,1823,0,0,0,0,0,0,0,0,0
12236,1823,0,0,0,0,0,0,0,0,0
12237,1823,0,0,0,0,0,0,0,0,0
12238,1823,0,0,0,0,0,0,0,0,0
12239,1823,0,0,0,0,0,0,0,0,0
12240,1823,0,0,0,0,0,0,0,0,0
12241,1823,0,0,0,0,0,0,0,0,0
12242,1823,0,0,0,0,0,0,0,0,0
12243,1823,0,0,0,0,0,0,0,0,0
12244,1823,0,0,0,0,0,0,0,0,0
12245,1823,0,0,0,0,0,0,0,0,0
12246,1823,0,0,0,0,0,0,0,0,0
12247,1823,0,0,0,0,0,0,0,0,0
12248,1823,0,0,0,0,0,0,0,0,0
12249,1823,0,0,0,0,0,0,0,0,0
12250,1823,0,0,0,0,0,0,0,0,0
12251,1823,0,0,0,0,0,0,0,0,0
12252,1823,0,0,0,0,0,0,0,0,0
12253,1823,0,0,0,0,0,0,0,0,0
12254,1823,0,0,0,0,0,0,0,0,0
12255,1823,0,0,0,0,0,0,0,0,0
12256,1823,0,0,0,0,0,0,0,0,0
12257,1823,0,0,0,0,0,0,0,0,0
12258,1823,0,0,0,0,0,0,0,0,0
12259,1823,0,0,0,0,0,0,0,0,0
12260,1823,0,0,0,0,0,0,0,0,0
12261,1823,0,0,0,0,0,0,0,0,0
12262,1823,0,0,0,0,0,0,0,0,0
12263,1823,0,0,0,0,0,0,0,0,0
12264,1823,0,0,0,0,0,0,0,0,0
12265,1823,0,0,0,0,0,0,0,0,0
12266,1823,0,0,0,0,0,0,0,0,0
12267,1823,0,0,0,0,0,0,0,0,0
12268,1823,0,0,0,0,0,0,0,0,0
12269,1823,0,0,0,0,0,0,0,0,0
12270,1823,0,0,0,0,0,0,0,0,0
12271,1823,0,0,0,0,0,0,0,0,0
12272,1823,0,0,0,0,0,0,0,0,0
12273,1823,0,0,0,0,0,0,0,0,0
12274,1823,0,0,0,0,0,0,0,0,0
12275,1823,0,0,0,0,0,0,0,0,0
12276,1823,0,0,0,0,0,0,0,0,0
12277,1823,0,0,0,0,0,0,0,0,0
12278,1823,0,0,0,0,0,0,0,0,0
12279,1823,0,0,0,0,0,0,0,0,0
12280,1823,0,0,0,0,0,0,0,0,0
12281,1823,0,0,0,0,0,0,0,0,0
12282,1823,0,0,0,0,0,0,0,0,0
12283,1823,0,0,0,0,0,0,0,0,0
12284,1823,0,0,0,1,0,0,0,0,0
12285,1823,0,0,0,0,0,0,0,0,0
12286,1823,0,0,0,0,0,0,0,0,0
12287,1823,0,0,0,0,0,0,0,0,0
12288,1823,0,0,0,0,0,0,0,0,0
12289,1823,0,0,0,0,0,0,0,0,0
12290,1823,0,0,0,0,0,0,0,0,0
12291,1823,0,0,0,0,0,0,0,0,0
12292,1823,0,0,0,0,0,0,0,0,0
12293,1823,0,0,0,0,0,0,0,0,0
12294,1823,0,0,0,0,0,0,0,0,0
12295,1823,0,0,0,0,0,0,0,0,0
12296,1823,0,0,0,0,0,0,0,0,0
12297,1823,0,0,0,0,0,0,0,0,0
12298,1823,0,0,0,0,0,0,0,0,0
12299,1823,0,0,0,0,0,0,0,0,0
12300,1823,0,0,0,0,0,0,0,0,0
12301,1823,0,0,0,0,0,0,0,0,0
12302,1823,0,0,0,0,0,0,0,0,0
12303,1823,0,0,0,0,0,0,0,0,0
12304,1823,0,0,0,0,0,0,0,0,0
12305,1823,0,0,0,0,0,0,0,0,0
12306,1823,0,0,0,0,0,0,1,0,0
12307,1823,0,0,0,0,0,0,0,0,0
12308,1823,0,0,0,0,0,0,0,0,0
12309,1823,0,0,0,0,0,0,0,0,0
12310,1823,0,0,0,0,0,0,0,0,0
12311,1823,0,0,0,0,0,0,0,0,0
12312,1823,0,0,1,0,0,0,0,0,0
12313,1823,0,0,0,0,0,0,0,0,0
12314,1823,0,0,0,0,0,0,0,0,0
12315,1823,0,0,0,0,0,0,0,0,0
12316,1823,0,0,0,0,0,0,1,0,0
12317,1823,0,0,0,0,0,0,0,0,0
12318,1823,0,0,0,1,0,0,0,0,0
12319,1823,0,0,0,0,0,0,0,0,0
12320,1823,0,0,0,0,0,0,0,0,0
12321,1823,0,0,0,0,0,0,0,0,0
12322,1823,0,0,0,0,0,0,0,0,0
12323,1823,0,0,0,0,0,0,0,0,0
12324,1823,0,0,0,0,0,0,0,0,0
12325,1823,0,0,0,0,0,0,0,0,0
12326,1823,0,0,0,0,0,0,0,0,0
12327,1823,0,0,0,0,0,0,0,0,0
12328,1823,0,0,0,0,0,0,0,0,0
12329,1823,0,0,0,0,0,0,0,0,0
12330,1823,0,0,0,0,0,0,0,0,0
12331,1823,0,0,0,0,0,0,0,0,0
12332,1823,0,0,0,0,0,0,0,0,0
12333,1823,0,0,0,0,0,0,0,0,0
12334,1823,0,0,0,0,0,0,0,0,0
12335,1823,0,0,0,0,0,0,0,0,0
12336,1823,0,0,0,0,0,0,0,0,0
12337,1823,0,0,0,0,0,0,0,0,0
12338,1823,0,0,0,0,0,0,0,0,0
12339,1823,0,0,0,0,0,0,0,0,0
12340,1823,0,0,0,0,0,0,0,0,0
12341,1823,0,0,0,0,0,0,1,0,0
12342,1823,0,0,0,0,0,0,0,0,0
12343,1823,0,0,0,0,0,0,0,0,0
12344,1823,0,0,0,0,0,0,0,0,0
12345,1823,0,0,0,0,0,0,0,0,0
12346,1823,0,0,0,1,0,0,0,0,0
12347,1823,0,0,0,0,0,0,0,0,0
12348,1823,0,0,0,0,0,0,0,0,0
12349,1823,0,0,0,0,0,0,0,0,0
12350,1823,1,0,0,0,0,0,0,0,0
12351,1823,0,0,0,0,0,0,0,0,0
12352,1823,0,0,0,0,0,0,0,0,0
12353,1823,0,0,0,0,0,0,0,0,0
12354,1823,0,0,0,0,0,0,0,0,0
12355,1823,0,0,0,0,0,0,0,0,0
12356,1823,0,0,0,0,0,0,0,0,0
12357,1823,0,0,0,0,0,0,0,0,0
12358,1823,0,0,0,0,0,0,1,0,0
12359,1823,0,0,0,0,0,0,0,0,0
12360,1823,0,0,0,0,0,0,0,0,0
12361,1823,0,0,0,0,0,0,0,0,0
12362,1823,0,0,0,0,0,0,0,0,0
12363,1823,0,0,0,0,0,0,0,0,0
12364,1823,0,0,0,0,0,0,0,0,0
12365,1823,0,0,0,0,0,0,1,0,0
12366,1823,0,0,0,0,0,0,0,0,0
12367,1823,0,0,0,0,0,0,0,0,0
12368,1823,0,0,0,0,0,0,0,0,0
12369,1823,0,0,0,0,0,0,0,0,0
12370,1823,0,0,0,0,0,0,0,0,0
12371,1823,0,0,0,0,0,0,0,0,0
12372,1823,0,0,0,0,0,0,0,0,0
12373,1823,0,0,0,0,0,0,0,0,0
12374,1823,0,0,0,0,0,0,0,0,0
12375,1823,0,0,0,0,0,0,0,0,0
12376,1823,0,0,0,0,0,0,0,0,0
12377,1823,0,0,0,0,0,0,0,0,0
12378,1823,0,0,0,0,0,0,0,0,0
12379,1823,0,0,0,0,0,0,0,0,0
12380,1823,0,0,0,0,0,0,0,0,0
12381,1823,0,0,0,0,0,0,0,0,0
12382,1823,0,0,0,0,0,0,0,0,0
12383,1823,0,0,0,0,0,0,0,0,0
12384,1823,0,0,0,0,0,0,0,0,1
12385,1823,0,0,0,0,0,0,0,0,0
12386,1823,0,0,0,0,0,0,0,0,0
12387,1823,0,0,0,0,0,0,0,0,0
12388,1823,0,0,0,0,0,0,0,0,0
12389,1823,0,0,0,0,0,0,0,0,0
12390,1823,0,0,0,0,0,0,0,0,0
12391,1823,0,0,0,0,0,0,0,0,0
12392,1823,0,0,0,0,0,0,0,0,0
12393,1823,0,0,0,0,0,0,0,0,0
12394,1823,0,0,0,0,0,0,0,0,0
12395,1823,0,0,0,0,0,0,0,0,0
12396,1823,0,0,0,0,0,0,0,0,0
12397,1823,0,0,0,0,0,0,0,0,0
12398,1823,0,0,0,0,0,0,0,0,0
12399,1823,0,0,0,0,0,0,0,0,0
12400,1823,0,0,0,0,0,0,0,0,0
12401,1823,0,0,0,0,0,0,0,0,0
12402,1823,0,0,0,0,0,0,0,0,0
12403,1823,0,0,0,0,0,0,0,0,0
12404,1823,0,0,0,0,0,0,0,0,0
12405,1823,0,0,1,0,0,0,0,0,0
12406,1823,0,0,0,0,0,0,0,0,0
12407,1823,0,0,0,0,0,0,0,0,0
12408,1823,0,0,0,0,0,0,0,0,0
12409,1823,0,0,0,0,0,0,0,0,0
12410,1823,0,0,0,0,0,0,0,0,0
12411,1823,0,0,0,0,0,0,0,0,0
12412,1823,0,0,0,0,0,0,0,0,0
12413,1823,0,0,0,0,0,0,0,0,0
12414,1823,0,0,0,0,0,0,0,0,0
12415,1823,0,0,0,0,0,0,0,0,0
12416,1823,0,0,0,0,0,0,0,0,0
12417,1823,0,0,0,0,0,0,0,0,0
12418,1823,0,0,0,0,0,0,0,0,0
12419,1823,0,0,0,0,0,0,0,0,0
12420,1823,0,0,0,0,0,0,0,0,0
12421,1823,0,0,0,0,0,0,1,0,0
12422,1823,0,0,0,0,0,0,0,0,0
12423,1823,0,0,0,0,0,0,0,0,0
12424,1823,1,0,0,0,0,0,0,0,0
12425,1823,0,0,0,0,0,0,0,0,0
12426,1823,0,0,0,0,0,0,0,0,0
12427,1823,0,0,0,0,0,0,0,0,0
12428,1823,0,0,0,0,0,0,0,0,0
12429,1823,0,0,0,0,0,0,0,0,0
12430,1823,0,0,0,0,0,0,0,0,0
12431,1823,0,0,1,1,0,0,0,0,0
12432,1823,0,0,0,0,0,0,0,0,0
12433,1823,0,0,0,0,0,0,0,0,0
12434,1823,0,0,0,0,0,0,0,0,0
12435,1823,0,0,0,0,0,0,0,0,0
12436,1823,0,0,0,0,0,0,0,0,0
12437,1823,0,0,0,0,0,0,0,0,0
12438,1823,0,0,0,0,0,0,0,0,0
12439,1823,0,0,0,0,0,0,0,0,0
12440,1823,0,0,0,0,0,0,0,0,0
12441,1823,0,0,0,0,0,0,0,0,0
12442,1823,0,0,0,0,0,0,0,0,0
12443,1823,0,0,0,0,0,0,0,0,0
12444,1823,0,0,0,0,0,0,0,0,0
12445,1823,0,0,0,0,0,0,0,0,0
12446,1823,0,0,0,0,0,0,0,0,0
12447,1823,0,0,0,0,0,0,0,0,0
12448,1823,0,0,0,0,0,0,0,0,0
12449,1823,0,0,0,0,0,0,0,0,0
12450,1823,0,0,0,0,0,0,0,0,0
12451,1823,0,0,0,0,0,0,0,0,0
12452,1823,0,0,0,0,0,0,0,0,0
12453,1823,0,0,0,0,0,0,0,0,0
12454,1823,0,0,0,0,0,0,0,0,0
12455,1823,0,0,0,0,0,0,0,0,0
12456,1823,0,0,0,0,0,0,0,0,0
12457,1823,0,0,0,0,0,0,0,0,0
12458,1823,0,0,0,0,0,0,0,0,0
12459,1823,0,0,0,0,0,0,0,0,0
12460,1823,0,0,0,0,0,0,0,0,0
12461,1823,0,0,0,0,0,0,0,0,0
12462,1823,0,0,0,0,0,0,0,0,0
12463,1823,0,0,0,0,0,0,0,0,0
12464,1823,0,0,0,0,0,0,0,0,0
12465,1823,0,0,0,0,0,0,0,0,0
12466,1823,0,0,0,0,0,0,0,0,0
12467,1823,0,0,0,0,0,0,0,0,0
12468,1823,0,0,0,0,0,0,0,0,0
12469,1823,0,0,0,0,0,0,0,0,0
12470,1823,0,0,0,0,0,0,0,0,0
12471,1823,0,0,0,0,0,0,0,0,0
12472,1823,0,0,0,0,0,0,0,0,0
12473,1823,0,0,0,0,0,0,0,0,0
12474,1823,0,0,0,0,0,0,0,0,0
12475,1823,0,0,0,0,0,0,0,0,0
12476,1823,0,0,0,0,0,0,0,0,0
12477,1823,0,0,0,0,0,0,0,0,0
12478,1823,0,0,0,0,0,0,1,0,0
12479,1823,0,0,0,0,0,0,0,0,0
12480,1823,0,0,0,0,0,0,0,0,0
12481,1823,0,0,0,0,0,0,0,0,0
12482,1823,0,0,0,0,0,0,0,0,0
12483,1823,0,0,0,0,0,0,0,0,0
12484,1823,0,0,0,0,0,0,0,0,0
12485,1823,0,0,0,0,0,0,0,0,0
12486,1823,0,0,0,0,0,0,0,0,0
12487,1823,0,0,0,0,0,0,0,0,0
12488,1823,0,0,0,0,0,0,0,0,0
12489,1823,0,0,0,0,0,0,0,0,0
12490,1823,0,0,0,0,0,0,0,0,0
12491,1823,0,0,0,0,0,0,0,0,0
12492,1823,0,0,0,0,0,0,0,0,0
12493,1823,0,0,0,0,0,0,0,0,0
12494,1823,0,0,0,0,0,0,0,0,0
12495,1823,0,0,0,0,0,0,0,0,0
12496,1823,0,0,0,0,0,0,0,0,0
12497,1823,0,0,0,0,0,0,0,0,0
12498,1823,0,0,0,0,0,0,0,0,0
12499,1823,0,0,0,0,0,0,0,0,0
12500,1823,0,0,0,0,0,0,0,0,0
12501,1823,0,0,0,0,0,0,0,0,0
12502,1823,0,0,0,0,0,0,0,0,0
12503,1823,0,0,0,0,0,0,0,0,0
12504,1823,0,0,0,0,0,0,0,0,0
12505,1823,0,0,0,0,0,0,0,0,0
12506,1823,0,0,0,0,0,0,0,0,0
12507,1823,0,0,0,0,0,0,0,0,0
12508,1823,0,1,0,0,0,0,0,0,0
12509,1823,0,0,0,1,0,0,0,0,0
12510,1823,0,0,0,0,0,0,0,0,0
12511,1823,0,0,0,0,0,0,0,0,0
12512,1823,0,0,0,0,0,0,0,0,0
12513,1823,0,0,0,0,0,0,0,0,0
12514,1823,0,0,0,0,0,0,0,0,0
12515,1823,0,0,0,0,0,0,0,0,0
12516,1823,0,0,0,0,0,0,0,0,0
12517,1823,0,0,0,0,0,0,0,0,0
12518,1823,0,0,0,0,0,0,0,0,0
12519,1823,0,0,0,0,0,0,0,0,0
12520,1823,0,1,0,0,0,0,0,0,0
12521,1823,0,0,0,0,0,0,0,0,0
12522,1823,0,0,0,0,0,0,0,0,0
12523,1823,0,0,0,0,0,0,0,0,0
12524,1823,0,0,0,0,0,0,0,0,0
12525,1823,0,0,0,0,0,0,0,0,0
12526,1823,0,0,0,0,0,0,0,0,0
12527,1823,0,0,0,0,0,0,0,0,0
12528,1823,0,0,0,0,0,0,0,0,0
12529,1823,0,0,0,0,0,0,0,0,0
12530,1823,0,0,0,0,0,0,0,0,0
12531,1823,0,0,0,0,0,0,0,0,0
12532,1823,0,0,0,0,0,0,0,0,0
12533,1823,0,0,0,0,0,0,0,0,0
12534,1823,0,0,0,0,0,0,0,0,0
12535,1823,0,0,0,0,0,0,0,0,0
12536,1823,0,0,0,0,0,0,0,0,0
12537,1823,0,0,0,0,0,0,0,0,0
12538,1823,0,0,0,0,0,0,0,0,0
12539,1823,0,0,0,0,0,0,0,0,0
12540,1823,0,0,0,0,0,0,0,0,0
12541,1823,0,0,0,0,0,0,0,0,0
12542,1823,0,0,0,0,0,0,0,0,0
12543,1823,0,0,0,0,0,0,0,0,0
12544,1823,0,0,0,0,0,0,0,0,0
12545,1823,0,0,0,0,0,0,0,0,0
12546,1823,0,0,0,0,0,0,0,0,0
12547,1823,0,0,0,0,0,0,0,0,0
12548,1823,0,0,0,0,0,0,0,0,0
12549,1823,0,0,0,0,0,0,0,0,0
12550,1823,0,0,0,0,0,0,0,0,0
12551,1823,0,0,0,0,0,0,0,0,0
12552,1823,0,0,0,0,0,0,0,0,0
12553,1823,0,0,0,0,0,0,0,0,0
12554,1823,0,0,0,0,0,0,0,0,0
12555,1823,0,0,0,0,0,0,0,0,0
12556,1823,0,0,0,0,0,0,0,0,0
12557,1823,0,0,0,0,0,0,0,0,0
12558,1823,0,0,0,0,0,0,0,0,0
12559,1823,0,0,0,0,0,0,0,0,0
12560,1823,0,0,0,0,0,0,0,0,0
12561,1823,0,0,0,0,0,0,0,0,0
12562,1823,0,0,0,0,0,0,0,0,0
12563,1823,0,0,0,0,0,0,0,0,0
12564,1823,0,0,0,0,0,0,0,0,0
12565,1823,0,0,0,0,0,0,0,0,0
12566,1823,0,0,0,0,0,0,0,0,0
12567,1823,0,0,0,0,0,0,0,0,0
12568,1823,0,0,0,0,0,0,0,0,0
12569,1823,0,0,0,0,0,0,0,0,0
12570,1823,0,0,0,0,0,0,0,0,0
12571,1823,0,0,0,0,0,0,0,0,0
12572,1823,0,0,0,0,0,0,0,0,0
12573,1823,0,0,0,0,0,0,0,0,0
12574,1823,0,0,0,0,0,0,0,0,0
12575,1823,0,0,0,0,0,0,0,0,0
12576,1823,0,0,0,0,0,0,0,0,0
12577,1823,0,0,0,0,0,0,0,0,0
12578,1823,0,0,0,0,0,0,0,0,0
12579,1823,0,0,0,0,0,0,0,0,0
12580,1823,0,0,0,0,0,0,0,0,0
12581,1823,0,0,0,0,0,0,0,0,0
12582,1823,0,0,0,1,0,0,0,0,0
12583,1823,0,0,0,0,0,0,0,0,0
12584,1823,0,0,0,0,0,0,0,0,0
12585,1823,0,0,0,1,0,0,0,0,0
12586,1823,0,0,0,0,0,0,0,0,0
12587,1823,0,0,0,0,0,0,0,0,0
12588,1823,0,0,0,0,0,0,0,0,0
12589,1823,0,0,0,0,0,0,0,0,0
12590,1823,0,0,0,0,0,0,0,0,0
12591,1823,0,0,0,0,0,0,0,0,0
12592,1823,0,0,0,0,0,0,0,0,0
12593,1823,0,0,0,0,0,0,0,0,0
12594,1823,0,0,0,0,0,0,0,0,0
12595,1823,0,0,0,0,0,0,0,0,0
12596,1823,0,0,0,0,0,0,0,0,0
12597,1823,0,0,0,0,0,0,0,0,0
12598,1823,0,0,0,0,0,0,0,0,0
12599,1823,0,0,0,0,0,0,0,0,0
12600,1823,1,0,0,0,0,0,0,0,0
12601,1823,0,0,0,0,0,0,0,0,0
12602,1823,0,0,0,0,0,0,0,0,0
12603,1823,0,0,0,0,0,0,0,0,0
12604,1823,0,0,0,0,0,0,0,0,0
12605,1823,0,0,0,0,0,0,0,0,0
12606,1823,0,0,0,0,0,0,0,0,0
12607,1823,0,0,0,0,0,0,0,0,0
12608,1823,1,0,0,0,0,0,0,0,0
12609,1823,0,0,0,0,0,0,0,0,0
12610,1823,0,0,0,0,0,0,0,0,0
12611,1823,0,0,0,0,0,0,0,0,0
12612,1823,0,0,0,0,0,0,0,0,0
12613,1823,0,0,0,0,0,0,0,0,0
12614,1823,0,0,0,0,0,0,0,0,0
12615,1823,0,0,0,0,0,0,0,0,0
12616,1823,0,0,0,0,0,0,0,0,0
12617,1823,0,0,0,0,0,0,0,0,0
12618,1823,0,0,0,0,0,0,0,0,0
12619,1823,0,0,0,0,0,0,0,0,0
12620,1823,0,0,0,0,0,0,0,0,0
12621,1823,0,0,0,0,0,0,0,0,0
12622,1823,0,0,0,0,0,0,0,0,0
12623,1823,0,0,0,0,0,0,0,0,0
12624,1823,0,0,0,0,0,0,0,0,0
12625,1823,0,0,0,0,0,0,0,0,0
12626,1823,0,0,0,0,0,0,0,0,0
12627,1823,0,0,0,0,0,0,0,0,0
12628,1823,0,0,0,0,0,0,0,0,0
12629,1823,0,0,0,0,0,0,0,0,0
12630,1823,0,0,0,0,0,0,0,0,0
12631,1823,0,0,0,0,0,0,0,0,0
12632,1823,0,0,0,0,0,0,0,0,0
12633,1823,0,0,0,0,0,0,0,0,0
12634,1823,0,0,0,0,0,0,0,0,0
12635,1823,0,0,0,0,0,0,0,0,0
12636,1823,0,0,0,0,0,0,0,0,0
12637,1823,0,0,0,0,0,0,0,0,0
12638,1823,0,0,0,0,0,0,0,0,0
12639,1823,0,0,0,0,0,0,0,0,0
12640,1823,0,0,0,0,0,0,0,0,0
12641,1823,0,0,0,0,0,0,0,0,0
12642,1823,0,0,0,0,0,0,0,0,0
12643,1823,0,0,0,0,0,0,0,0,0
12644,1823,0,0,0,0,0,0,0,0,0
12645,1823,0,0,0,0,0,0,0,0,0
12646,1823,0,0,0,0,0,0,0,0,0
12647,1823,0,0,0,0,0,0,0,0,0
12648,1823,0,0,0,0,0,0,0,0,0
12649,1823,0,0,0,0,0,0,0,0,0
12650,1823,0,0,0,0,0,0,0,0,0
12651,1823,0,0,0,1,0,0,0,0,0
12652,1823,0,0,0,0,0,0,0,0,0
12653,1823,0,0,0,0,0,0,0,0,0
12654,1823,0,0,0,0,0,0,0,0,0
12655,1823,0,0,0,0,0,0,0,0,0
12656,1823,0,0,0,0,0,0,0,0,0
12657,1823,0,0,0,0,0,0,1,0,0
12658,1823,0,0,0,0,0,0,0,0,0
12659,1823,0,0,0,0,0,0,0,0,0
12660,1823,0,0,0,0,0,0,0,0,0
12661,1823,0,0,0,0,0,0,0,0,0
12662,1823,0,0,0,0,0,0,0,0,0
12663,1823,0,0,0,0,0,0,0,0,0
12664,1823,0,0,0,0,0,0,0,0,0
12665,1823,0,0,0,0,0,0,0,0,0
12666,1823,0,0,0,0,0,0,0,0,0
12667,1823,0,0,0,0,0,0,0,0,0
12668,1823,0,0,0,0,0,0,0,0,0
12669,1823,0,0,0,0,0,0,0,0,0
12670,1823,0,0,0,0,0,0,0,0,0
12671,1823,0,0,0,0,0,0,0,0,0
12672,1823,0,0,0,0,0,0,0,0,0
12673,1823,0,0,0,0,0,0,0,0,0
12674,1823,0,0,0,0,0,0,0,0,0
12675,1823,0,0,0,0,0,0,0,0,0
12676,1823,0,0,0,0,0,0,0,0,0
12677,1823,0,0,0,0,0,0,0,0,0
12678,1823,0,0,0,0,0,0,0,0,0
12679,1823,0,0,0,0,0,0,0,0,0
12680,1823,0,0,0,0,0,0,0,0,0
12681,1823,0,0,0,0,0,0,0,0,0
12682,1823,0,0,0,0,0,0,0,0,0
12683,1823,0,0,0,1,0,0,0,0,0
12684,1823,0,0,0,0,0,0,0,0,0
12685,1823,0,0,0,0,0,0,0,0,0
12686,1823,0,0,0,0,0,0,0,0,0
12687,1823,0,0,0,0,0,0,0,0,0
12688,1823,0,0,0,0,0,0,0,0,0
12689,1823,0,0,0,0,0,0,0,0,0
12690,1823,0,0,0,0,0,0,0,0,0
12691,1823,0,0,0,0,0,0,0,0,0
12692,1823,0,0,0,0,0,0,0,0,0
12693,1823,0,0,0,0,0,0,0,0,0
12694,1823,0,0,0,0,0,0,0,0,0
12695,1823,0,0,0,0,0,0,0,0,0
12696,1823,0,0,0,0,0,0,0,0,0
12697,1823,0,0,0,0,0,0,0,0,0
12698,1823,0,0,0,0,0,0,0,0,0
12699,1823,0,0,0,0,0,0,0,0,0
12700,1823,0,0,0,0,0,0,0,0,0
12701,1823,0,0,0,0,0,0,0,0,0
12702,1823,0,0,0,0,0,0,0,0,0
12703,1823,0,0,0,0,0,0,0,0,0
12704,1823,0,0,0,0,0,0,1,0,0
12705,1823,0,0,0,0,0,0,0,0,0
12706,1823,0,0,0,0,0,0,0,0,0
12707,1823,0,0,0,0,0,0,0,0,0
12708,1823,0,0,0,0,0,0,0,0,0
12709,1823,0,0,0,0,0,0,0,0,0
12710,1823,0,0,0,0,0,0,0,0,0
12711,1823,0,0,0,0,0,0,0,0,0
12712,1823,0,0,0,0,0,0,0,0,0
12713,1823,0,0,0,0,0,0,0,0,0
12714,1823,0,0,0,0,0,0,0,0,0
12715,1823,0,0,0,0,0,0,0,0,0
12716,1823,0,0,0,0,0,0,0,0,0
12717,1823,0,0,0,0,0,0,0,0,0
12718,1823,0,0,0,0,0,0,0,0,0
12719,1823,0,0,0,0,0,0,0,0,0
12720,1823,0,0,0,0,0,0,0,0,0
12721,1823,0,0,0,0,0,0,0,0,0
12722,1823,0,0,0,0,0,1,0,0,0
12723,1823,0,0,0,0,0,0,0,0,0
12724,1823,0,0,0,0,0,0,0,0,0
12725,1823,0,0,0,0,0,0,0,0,0
12726,1823,0,0,0,0,0,0,0,0,0
12727,1823,0,0,0,0,0,0,0,0,0
12728,1823,0,0,0,0,0,0,0,0,0
12729,1823,0,0,0,0,0,0,0,0,0
12730,1823,0,0,0,0,0,0,0,0,0
12731,1823,0,0,0,0,0,0,0,0,0
12732,1823,0,0,0,0,0,0,0,0,0
12733,1823,0,0,0,0,0,0,0,0,0
12734,1823,0,0,0,0,0,0,0,0,0
12735,1823,0,0,0,0,0,0,0,0,0
12736,1823,0,0,0,0,0,0,0,0,0
12737,1823,0,0,0,0,0,0,0,0,0
12738,1823,0,0,0,0,0,0,0,0,0
12739,1823,0,0,0,0,0,0,0,0,0
12740,1823,0,0,0,0,0,0,0,0,0
12741,1823,0,0,0,0,0,0,0,0,0
12742,1823,0,0,0,0,0,0,0,0,0
12743,1823,0,0,0,1,0,0,0,0,0
12744,1823,0,0,0,0,0,0,0,0,0
12745,1823,0,0,0,0,0,0,0,0,0
12746,1823,0,0,0,0,0,0,0,0,0
12747,1823,0,0,0,0,0,0,0,0,0
12748,1823,0,0,0,0,0,0,0,0,0
12749,1823,0,0,0,0,0,0,0,0,0
12750,1823,0,0,0,0,0,0,0,0,0
12751,1823,0,0,0,0,0,0,0,0,0
12752,1823,0,0,0,0,0,0,0,0,0
12753,1823,0,0,0,0,0,0,0,0,0
12754,1823,0,0,0,0,0,0,0,0,0
12755,1823,0,0,0,0,0,0,0,0,0
12756,1823,0,0,0,0,0,0,0,0,0
12757,1823,0,0,0,0,0,0,0,0,0
12758,1823,0,0,0,0,0,0,0,0,0
12759,1823,0,0,0,0,0,0,0,0,0
12760,1823,0,0,0,0,0,0,0,0,0
12761,1823,0,0,0,0,0,0,0,0,0
12762,1823,0,0,0,0,0,0,0,0,0
12763,1823,0,0,0,0,0,0,0,0,0
12764,1823,0,0,0,0,0,0,0,0,0
12765,1823,0,0,0,0,0,0,0,0,0
12766,1823,0,0,0,0,0,0,0,0,0
12767,1823,0,0,0,0,0,0,0,0,0
12768,1823,0,0,0,0,0,0,0,0,0
12769,1823,0,0,0,0,0,0,0,0,0
12770,1823,0,0,0,0,0,0,0,0,0
12771,1823,0,0,0,0,0,0,0,0,0
12772,1823,0,0,0,0,0,0,0,0,0
12773,1823,0,0,0,0,0,0,0,0,0
12774,1823,0,0,0,0,0,0,0,0,0
12775,1823,0,0,0,0,0,0,0,0,0
12776,1823,0,0,0,0,0,0,0,0,0
12777,1823,0,0,0,1,0,0,0,0,0
12778,1823,0,0,0,1,0,0,0,0,0
12779,1823,0,0,0,0,0,0,0,0,0
12780,1823,0,0,0,0,0,0,0,0,0
12781,1823,0,0,0,0,0,0,0,0,0
12782,1823,0,0,0,0,0,0,0,0,0
12783,1823,0,0,0,0,0,0,0,0,0
12784,1823,0,0,0,0,0,0,0,0,0
12785,1823,0,0,0,0,0,0,0,0,0
12786,1823,0,0,0,0,0,0,0,0,0
12787,1823,0,0,0,0,0,0,0,0,0
12788,1823,0,0,0,0,0,0,0,0,0
12789,1823,0,0,0,0,0,0,0,0,0
12790,1823,0,0,0,0,0,0,0,0,0
12791,1823,0,0,0,0,0,0,0,0,0
12792,1823,0,0,0,0,0,0,0,0,0
12793,1823,0,0,0,0,0,0,0,0,0
12794,1823,0,0,0,0,0,0,0,0,0
12795,1823,0,0,0,0,0,0,0,0,0
12796,1823,0,0,0,0,0,0,0,0,0
12797,1823,0,0,0,0,0,0,0,0,0
12798,1823,0,0,0,0,0,0,0,0,0
12799,1823,0,0,0,0,0,0,0,0,0
12800,1823,0,0,0,0,0,0,0,0,0
12801,1823,0,0,0,0,0,0,0,0,0
12802,1823,0,0,0,0,0,0,0,0,0
12803,1823,0,0,0,0,0,0,0,0,0
12804,1823,0,0,0,0,0,0,0,0,0
12805,1823,0,0,0,0,0,0,0,0,0
12806,1823,0,0,0,0,0,0,0,0,0
12807,1823,0,0,0,0,0,0,0,0,0
12808,1823,0,0,0,0,0,0,0,0,0
12809,1823,0,0,0,0,0,0,0,0,0
12810,1823,0,0,0,0,0,0,0,0,0
12811,1823,0,0,0,0,0,0,0,0,0
12812,1823,0,0,0,0,0,0,0,0,0
12813,1823,0,0,0,0,0,0,0,0,0
12814,1823,0,0,0,0,0,0,0,0,0
12815,1823,0,0,0,0,0,0,0,0,0
12816,1823,0,0,0,0,0,0,0,0,0
12817,1823,0,0,0,0,0,0,0,0,0
12818,1823,0,0,0,0,0,0,0,0,0
12819,1823,0,0,0,0,0,0,0,0,0
12820,1823,0,0,0,0,0,0,0,0,0
12821,1823,0,0,0,0,0,0,0,0,0
12822,1823,0,0,0,0,0,0,0,0,0
12823,1823,0,0,0,0,0,0,0,0,0
12824,1823,0,0,0,0,0,0,0,0,0
12825,1823,0,0,0,0,0,0,0,0,0
12826,1823,0,0,0,0,0,0,0,0,0
12827,1823,0,0,0,0,0,0,0,0,0
12828,1823,0,0,0,0,0,0,0,0,0
12829,1823,0,0,1,0,0,0,0,0,0
12830,1823,0,0,0,0,0,0,0,0,0
12831,1823,0,0,0,0,0,0,0,0,0
12832,1823,0,0,0,1,0,0,0,0,0
12833,1823,0,0,0,0,0,0,0,0,0
12834,1823,0,0,0,0,0,0,0,0,0
12835,1823,0,0,0,0,0,0,0,0,0
12836,1823,0,0,0,0,0,0,0,0,0
12837,1823,0,0,0,0,0,0,0,0,0
12838,1823,0,0,0,0,0,0,0,0,0
12839,1823,0,0,0,0,0,0,0,0,0
12840,1823,0,0,0,0,0,0,0,0,0
12841,1823,0,0,0,0,0,0,0,0,0
12842,1823,0,0,0,0,0,0,0,0,0
12843,1823,0,0,0,0,0,0,1,0,0
12844,1823,0,0,0,0,0,0,0,0,0
12845,1823,0,0,0,0,0,0,0,0,0
12846,1823,0,0,0,0,0,0,0,0,0
12847,1823,0,0,0,0,0,0,0,0,0
12848,1823,0,0,0,0,0,0,0,0,0
12849,1823,0,0,0,0,0,0,0,0,0
12850,1823,0,0,0,0,0,0,0,0,0
12851,1823,0,0,0,0,0,0,0,0,0
12852,1823,0,0,0,0,0,0,0,0,0
12853,1823,0,0,0,0,0,0,0,0,0
12854,1823,0,0,0,0,0,0,0,0,0
12855,1823,0,0,0,0,0,0,0,0,0
12856,1823,0,0,0,0,0,0,0,0,0
12857,1823,0,0,0,0,0,0,0,0,0
12858,1823,0,0,0,0,0,0,0,0,0
12859,1823,0,0,0,0,0,0,0,0,0
12860,1823,0,0,0,0,0,0,0,0,0
12861,1823,0,0,0,0,0,0,0,0,0
12862,1823,0,0,0,0,0,0,0,0,0
12863,1823,0,0,0,0,0,0,0,0,0
12864,1823,0,0,0,0,0,0,0,0,0
12865,1823,0,0,0,0,0,0,0,0,0
12866,1823,0,0,0,0,0,0,0,0,0
12867,1823,0,0,0,0,0,0,0,0,0
12868,1823,0,0,0,0,0,0,0,0,0
12869,1823,0,0,0,0,0,0,0,0,0
12870,1823,0,0,0,0,0,0,0,0,0
12871,1823,0,0,0,0,0,0,0,0,0
12872,1823,0,0,0,0,0,0,0,0,0
12873,1823,0,0,0,0,0,0,0,0,0
12874,1823,0,0,0,0,0,0,0,0,0
12875,1823,0,0,0,0,0,0,0,0,0
12876,1823,0,0,0,0,0,0,0,0,0
12877,1823,0,0,0,0,0,0,0,0,0
12878,1823,0,0,0,0,0,0,0,0,0
12879,1823,0,0,0,0,0,0,0,0,0
12880,1823,0,0,0,0,0,0,0,0,0
12881,1823,0,0,0,0,0,0,0,0,0
12882,1823,0,0,0,0,0,0,0,0,0
12883,1823,0,0,0,0,0,0,0,0,0
12884,1823,0,0,0,0,0,0,0,0,0
12885,1823,0,0,0,0,0,0,0,0,0
12886,1823,0,0,0,0,0,0,0,0,0
12887,1823,0,0,0,0,0,0,0,0,0
12888,1823,0,0,0,0,0,0,0,0,0
12889,1823,0,0,0,0,0,0,0,0,0
12890,1823,0,0,0,0,0,0,0,0,0
12891,1823,0,0,0,0,0,0,0,0,0
12892,1823,0,0,0,0,0,0,0,0,0
12893,1823,0,0,0,0,0,0,0,0,0
12894,1823,0,0,0,0,0,0,0,0,0
12895,1823,0,0,0,0,0,0,0,0,0
12896,1823,0,0,0,0,0,0,0,0,0
12897,1823,0,0,0,0,0,0,0,0,0
12898,1823,0,0,0,0,0,0,0,0,0
12899,1823,0,0,1,0,0,0,0,0,0
12900,1823,0,0,0,0,0,0,0,0,0
12901,1823,0,0,0,0,0,0,1,0,0
12902,1823,0,0,0,0,0,0,0,0,0
12903,1823,0,0,0,0,0,0,1,0,0
12904,1823,0,0,0,0,0,0,1,0,0
12905,1823,0,0,0,0,0,0,0,0,0
12906,1823,0,0,0,0,0,0,0,0,0
12907,1823,0,0,0,0,0,0,0,0,0
12908,1823,0,0,0,0,0,0,0,0,0
12909,1823,0,0,0,0,0,0,0,0,0
12910,1823,0,0,0,0,0,0,0,0,0
12911,1823,0,0,0,0,0,0,0,0,0
12912,1823,0,0,0,0,0,0,1,0,0
12913,1823,0,0,0,0,0,0,0,0,0
12914,1823,0,0,0,0,0,0,0,0,0
12915,1823,0,0,0,0,0,0,0,0,0
12916,1823,0,0,0,0,0,0,0,0,0
12917,1823,0,0,0,0,0,0,0,0,0
12918,1823,0,0,0,0,0,0,0,0,0
12919,1823,0,0,0,0,0,0,0,0,0
12920,1823,0,0,0,0,0,0,0,0,0
12921,1823,0,0,0,0,0,0,0,0,0
12922,1823,0,0,0,0,0,0,0,0,0
12923,1823,0,0,0,0,0,0,0,0,0
12924,1823,0,0,0,0,0,0,0,0,0
12925,1823,0,0,0,0,0,0,0,0,0
12926,1823,0,0,0,0,0,0,0,0,0
12927,1823,0,0,0,0,0,0,0,0,0
12928,1823,0,0,0,0,0,0,0,0,0
12929,1823,0,0,0,0,0,0,0,0,0
12930,1823,0,0,0,0,0,0,0,0,0
12931,1823,0,0,0,0,0,0,0,0,0
12932,1823,0,0,0,0,0,0,0,0,0
12933,1823,0,0,0,0,0,0,0,0,0
12934,1823,0,0,0,0,0,0,0,0,0
12935,1823,0,0,0,0,0,0,0,0,0
12936,1823,0,0,0,0,0,0,0,0,0
12937,1823,0,0,1,0,0,0,0,0,0
12938,1823,0,0,0,0,0,0,0,0,0
12939,1823,0,0,0,0,0,0,0,0,0
12940,1823,0,0,0,0,0,0,0,0,0
12941,1823,0,0,0,0,0,0,0,0,0
12942,1823,0,0,0,0,0,0,0,0,0
12943,1823,0,0,0,0,0,0,0,0,0
12944,1823,0,0,0,0,0,0,0,0,0
12945,1823,0,0,0,0,0,0,0,0,0
12946,1823,0,0,0,0,0,0,0,0,0
12947,1823,0,0,0,0,0,0,0,0,0
12948,1823,0,0,0,0,0,0,0,0,0
12949,1823,0,0,0,0,0,0,0,0,0
12950,1823,0,0,0,0,0,0,0,0,0
12951,1823,0,0,0,0,0,0,0,0,0
12952,1823,0,0,0,0,0,0,0,0,0
12953,1823,0,0,0,0,0,0,0,0,0
12954,1823,0,0,0,0,0,0,0,0,0
12955,1823,1,0,0,0,0,0,0,0,0
12956,1823,0,0,0,0,0,0,0,0,0
12957,1823,0,0,0,0,0,0,0,0,0
12958,1823,0,0,0,0,0,0,0,0,0
12959,1823,0,0,0,0,0,0,0,0,0
12960,1823,0,0,0,0,0,0,0,0,0
12961,1823,0,0,0,0,0,0,0,0,0
12962,1823,0,0,0,0,0,0,0,0,0
12963,1823,0,0,0,0,0,0,0,0,0
12964,1823,0,0,0,0,0,0,0,0,0
12965,1823,0,0,0,0,0,0,0,0,0
12966,1823,0,0,0,0,0,1,0,0,0
12967,1823,0,0,0,0,0,0,0,0,0
12968,1823,0,0,0,0,0,0,0,0,0
12969,1823,0,0,0,0,0,0,0,0,0
12970,1823,0,0,0,0,0,0,0,0,0
12971,1823,0,0,0,0,0,0,0,0,0
12972,1823,0,0,0,0,0,0,0,0,0
12973,1823,0,0,0,0,0,0,0,0,0
12974,1823,0,0,0,0,0,0,0,0,0
12975,1823,0,0,0,0,0,0,0,0,0
12976,1823,0,0,0,0,0,0,0,0,0
12977,1823,0,0,0,0,0,0,0,0,0
12978,1823,0,0,0,0,0,0,0,0,0
12979,1823,0,0,0,0,0,0,0,0,0
12980,1823,0,0,0,0,0,0,0,0,0
12981,1823,0,0,0,0,0,0,0,0,0
12982,1823,0,0,1,0,0,0,0,0,0
12983,1823,0,0,0,0,0,0,0,0,0
12984,1823,0,0,0,0,0,0,0,0,0
12985,1823,0,0,0,0,0,0,0,0,0
12986,1823,0,0,0,0,0,0,0,0,0
12987,1823,0,0,0,0,0,0,0,0,0
12988,1823,0,0,0,0,0,0,0,0,0
12989,1823,0,0,0,0,0,0,0,0,0
12990,1823,0,0,0,0,0,0,0,0,0
12991,1823,0,0,0,0,0,0,0,0,0
12992,1823,0,0,0,1,0,0,0,0,0
12993,1823,0,0,0,0,0,0,0,0,0
12994,1823,0,0,0,0,0,0,0,0,0
12995,1823,0,0,0,0,0,0,0,0,0
12996,1823,0,0,0,0,0,0,0,0,0
12997,1823,0,0,0,0,0,0,0,0,0
12998,1823,0,0,0,0,0,0,0,0,0
12999,1823,0,0,0,0,0,0,0,0,0
13000,1823,0,0,0,0,0,0,0,0,0
13001,1823,0,0,0,0,0,0,0,0,0
13002,1823,0,0,0,0,0,0,0,0,0
13003,1823,0,0,0,0,0,0,0,0,0
13004,1823,0,0,0,0,0,0,0,0,0
13005,1823,0,0,0,0,0,0,0,0,0
13006,1823,0,0,0,0,0,0,0,0,0
13007,1823,0,0,0,0,0,0,0,0,0
13008,1823,0,0,0,0,0,0,0,0,0
13009,1823,0,0,1,0,0,0,0,0,0
13010,1823,0,0,0,0,0,0,0,0,0
13011,1823,0,0,0,0,0,0,0,0,0
13012,1823,0,0,0,0,0,0,0,0,0
13013,1823,0,0,0,0,0,1,0,0,0
13014,1823,0,0,0,0,0,0,0,0,0
13015,1823,0,0,0,0,0,0,0,0,0
13016,1823,0,0,0,0,0,0,0,0,0
13017,1823,0,0,0,0,0,0,0,0,0
13018,1823,0,0,0,0,0,0,0,0,0
13019,1823,0,0,0,0,0,0,0,0,0
13020,1823,0,0,0,0,0,0,0,0,0
13021,1823,0,0,0,0,0,0,0,0,0
13022,1823,0,0,0,0,0,0,0,0,0
13023,1823,0,0,0,0,0,0,0,0,0
13024,1823,0,0,0,0,0,0,0,0,0
13025,1823,0,0,0,0,0,0,0,0,0
13026,1823,0,0,0,0,0,0,0,0,0
13027,1823,0,0,0,0,0,0,0,0,0
13028,1823,0,0,0,0,0,0,0,0,0
13029,1823,0,1,0,0,0,0,0,0,0
13030,1823,0,0,0,0,0,0,0,0,0
13031,1823,0,0,0,0,0,0,0,0,0
13032,1823,0,0,0,0,0,0,0,0,0
13033,1823,0,0,0,0,0,0,0,0,0
13034,1823,0,0,0,0,0,0,0,0,0
13035,1823,0,0,0,0,0,0,0,0,0
13036,1823,0,0,0,0,0,0,0,0,0
13037,1823,0,0,1,0,0,0,0,0,0
13038,1823,0,0,0,0,0,0,0,0,0
13039,1823,0,0,0,1,0,0,0,0,0
13040,1823,0,0,0,0,0,0,0,0,0
13041,1823,0,0,0,0,0,0,0,0,0
13042,1823,0,0,0,0,0,0,0,0,0
13043,1823,0,0,1,0,0,0,0,0,0
13044,1823,0,0,0,0,0,1,0,0,0
13045,1823,0,0,0,0,0,0,0,0,0
13046,1823,0,0,0,0,0,0,0,0,0
13047,1823,0,0,0,0,0,0,0,0,0
13048,1823,1,0,0,0,0,0,0,0,0
13049,1823,0,0,0,0,0,0,0,0,0
13050,1823,0,0,0,0,0,0,0,0,0
13051,1823,0,0,0,0,0,0,0,0,0
13052,1823,0,0,0,0,0,0,0,0,0
13053,1823,0,0,0,0,0,0,0,0,0
13054,1823,0,0,0,0,0,0,1,0,0
13055,1823,0,0,0,0,0,0,0,0,0
13056,1823,0,0,0,0,0,0,0,0,0
13057,1823,0,0,0,0,0,0,0,0,0
13058,1823,0,0,0,0,0,0,0,0,0
13059,1823,0,0,0,0,0,0,0,0,0
13060,1823,0,0,0,0,0,0,0,0,0
13061,1823,0,0,0,0,0,0,0,0,0
13062,1823,0,0,0,0,0,0,0,0,0
13063,1823,0,0,0,0,0,0,0,0,0
13064,1823,0,0,0,0,0,0,0,0,0
13065,1823,0,0,0,0,0,0,0,0,0
13066,1823,0,0,0,0,0,0,0,0,0
13067,1823,0,0,0,0,0,0,0,0,0
13068,1823,0,0,0,0,0,0,0,0,0
13069,1823,0,0,0,0,0,0,0,0,0
13070,1823,0,0,0,0,0,0,0,0,0
13071,1823,0,0,0,0,0,0,0,0,0
13072,1823,0,0,0,0,0,0,0,0,0
13073,1823,0,0,0,0,0,0,0,0,0
13074,1823,0,0,0,0,0,0,0,0,0
13075,1823,0,0,0,0,0,0,0,0,0
13076,1823,0,0,0,0,0,0,0,0,0
13077,1823,0,0,0,0,0,0,0,0,0
13078,1823,0,0,0,0,0,0,0,0,0
13079,1823,0,0,0,0,0,0,0,0,0
13080,1823,0,0,0,0,0,0,0,0,0
13081,1823,0,0,0,0,0,0,0,0,0
13082,1823,0,0,0,0,0,0,0,0,0
13083,1823,0,0,0,0,0,0,0,0,0
13084,1823,0,0,0,0,0,0,0,0,0
13085,1823,0,0,0,0,0,0,0,0,0
13086,1823,0,0,0,0,0,0,0,0,0
13087,1823,0,0,0,0,0,0,0,0,0
13088,1823,0,0,0,0,0,0,0,0,0
13089,1823,0,0,0,0,0,0,0,0,0
13090,1823,0,0,0,0,0,0,0,0,0
13091,1823,0,0,0,0,0,0,0,0,0
13092,1823,0,0,0,0,0,0,0,0,0
13093,1823,0,0,0,0,0,0,0,0,0
13094,1823,0,0,0,0,0,0,1,0,0
13095,1823,0,0,0,0,0,0,0,0,0
13096,1823,0,0,0,0,0,0,0,0,0
13097,1823,0,0,0,0,0,0,0,0,0
13098,1823,0,0,0,0,0,0,0,0,1
13099,1823,0,0,0,0,0,0,0,0,0
13100,1823,0,0,0,0,0,0,0,0,0
13101,1823,0,0,0,0,0,0,0,0,0
13102,1823,0,0,0,0,0,0,0,0,0
13103,1823,0,0,0,0,0,0,0,0,0
13104,1823,0,0,0,0,0,0,0,0,0
13105,1823,0,0,0,0,0,0,0,0,0
13106,1823,0,0,0,0,0,0,0,0,0
13107,1823,0,0,0,0,0,0,0,0,0
13108,1823,0,0,0,0,0,0,0,0,0
13109,1823,0,0,0,0,0,0,1,0,0
13110,1823,0,0,0,0,0,0,0,0,0
13111,1823,0,0,0,0,0,0,0,0,0
13112,1823,0,0,0,0,0,0,0,0,0
13113,1823,0,0,0,0,0,0,0,0,0
13114,1823,0,0,0,0,0,0,0,0,0
13115,1823,0,0,0,0,0,0,0,0,0
13116,1823,0,0,0,0,0,0,0,0,0
13117,1823,0,0,0,0,0,0,0,0,0
13118,1823,0,0,0,0,0,0,0,0,0
13119,1823,0,0,0,0,0,0,0,0,0
13120,1823,0,0,0,0,0,0,0,0,0
13121,1823,0,0,0,0,0,0,0,0,0
13122,1823,0,0,0,0,0,0,0,0,0
13123,1823,0,0,0,0,0,0,0,0,0
13124,1823,0,0,0,0,0,0,0,0,0
13125,1823,0,0,0,0,0,0,0,0,0
13126,1823,0,0,0,0,0,0,0,0,0
13127,1823,0,0,0,0,0,0,0,0,0
13128,1823,0,0,0,0,0,0,0,0,0
13129,1823,0,0,0,0,0,0,0,0,0
13130,1823,0,0,0,0,0,0,0,0,0
13131,1823,0,0,0,0,0,0,0,0,0
13132,1823,0,0,0,0,0,0,0,0,0
13133,1823,0,0,0,0,0,0,0,0,0
13134,1823,0,0,0,0,0,0,0,0,0
13135,1823,0,0,0,0,0,0,0,0,0
13136,1823,0,0,0,0,0,0,0,0,0
13137,1823,0,0,0,0,0,0,0,0,0
13138,1823,0,0,0,0,0,0,0,0,0
13139,1823,0,0,0,0,0,0,0,0,0
13140,1823,0,0,0,0,0,0,0,0,0
13141,1823,0,0,0,0,0,0,0,0,0
13142,1823,0,0,0,0,0,0,0,0,0
13143,1823,0,0,1,0,0,0,0,0,0
13144,1823,0,0,0,0,0,0,0,0,0
13145,1823,0,0,0,0,0,0,0,0,0
13146,1823,0,0,0,0,0,0,0,0,0
13147,1823,0,0,0,0,0,0,0,0,0
13148,1823,0,0,0,0,0,0,0,0,0
13149,1823,0,0,0,0,0,0,0,0,0
13150,1823,0,0,0,0,0,0,0,0,0
13151,1823,0,0,0,0,0,0,0,0,0
13152,1823,0,0,0,0,0,0,0,0,0
13153,1823,0,0,0,0,0,0,0,0,0
13154,1823,0,0,0,0,0,0,0,0,0
13155,1823,0,0,0,0,0,0,0,0,0
13156,1823,0,0,0,0,0,0,0,0,0
13157,1823,0,0,0,0,0,0,0,0,0
13158,1823,0,0,0,0,0,0,0,0,0
13159,1823,0,0,0,0,0,0,0,0,0
13160,1823,0,0,0,0,0,0,0,0,0
13161,1823,0,0,0,0,0,0,0,0,0
13162,1823,0,0,0,0,0,0,0,0,0
13163,1823,0,0,0,0,0,0,0,0,0
13164,1823,0,0,0,0,0,0,0,0,0
13165,1823,0,0,0,0,0,0,0,0,0
13166,1823,0,0,0,0,0,0,0,0,0
13167,1823,0,0,0,0,0,0,0,0,0
13168,1823,0,0,0,0,0,0,0,0,0
13169,1823,0,0,0,0,0,0,0,0,0
13170,1823,0,0,0,0,0,0,0,0,0
13171,1823,0,0,0,0,0,0,0,0,0
13172,1823,0,0,0,0,0,0,0,0,0
13173,1823,0,0,0,0,0,0,0,0,0
13174,1823,0,0,0,1,0,0,0,0,0
13175,1823,0,0,0,0,0,0,0,0,0
13176,1823,0,0,0,0,0,0,0,0,0
13177,1823,0,0,0,0,0,0,0,0,0
13178,1823,0,0,0,0,0,0,0,0,0
13179,1823,0,0,0,0,0,0,0,0,0
13180,1823,0,0,0,0,0,0,0,0,0
13181,1823,0,0,0,0,0,0,0,0,0
13182,1823,1,0,0,0,0,0,0,0,0
13183,1823,0,0,0,0,0,0,0,0,0
13184,1823,0,0,0,0,0,0,0,0,0
13185,1823,0,0,0,0,0,0,0,0,0
13186,1823,0,0,0,0,0,0,0,0,0
13187,1823,0,0,0,0,0,0,0,0,0
13188,1823,0,0,0,0,0,0,0,0,0
13189,1823,0,0,0,0,0,0,0,0,0
13190,1823,1,0,0,0,0,0,0,0,0
13191,1823,0,0,0,0,0,0,0,0,0
13192,1823,0,0,0,0,0,0,0,0,0
13193,1823,0,0,0,0,0,0,0,0,0
13194,1823,0,0,0,0,0,0,0,0,0
13195,1823,0,0,0,0,0,0,0,0,0
13196,1823,0,0,0,0,0,0,0,0,0
13197,1823,0,0,0,0,0,0,0,0,0
13198,1823,0,0,0,0,0,0,0,0,0
13199,1823,0,0,0,0,0,0,0,0,0
13200,1823,0,0,0,0,0,0,0,0,0
13201,1823,0,0,0,0,0,0,0,0,0
13202,1823,0,0,0,0,0,0,0,0,0
13203,1823,1,0,0,0,0,0,0,0,0
13204,1823,0,0,0,0,0,0,0,0,0
13205,1823,0,0,0,0,0,0,0,0,0
13206,1823,0,0,0,0,0,0,0,0,0
13207,1823,0,0,0,0,0,0,0,0,0
13208,1823,0,0,0,0,0,0,0,0,0
13209,1823,0,0,0,0,0,0,0,0,0
13210,1823,0,0,0,0,0,0,0,0,0
13211,1823,0,0,0,0,0,0,0,0,0
13212,1823,0,0,0,0,0,0,0,0,0
13213,1823,0,0,0,0,0,0,0,0,0
13214,1823,0,0,0,0,0,0,0,0,0
13215,1823,0,0,0,0,0,0,0,0,0
13216,1823,0,0,0,0,0,0,0,0,0
13217,1823,0,0,0,0,0,0,0,0,0
13218,1823,0,0,0,0,0,0,0,0,0
13219,1823,0,0,0,0,0,0,0,0,0
13220,1823,0,0,0,0,0,0,0,0,0
13221,1823,0,0,0,0,0,0,0,0,0
13222,1823,0,0,0,0,0,0,0,0,0
13223,1823,0,0,0,0,0,0,0,0,0
13224,1823,0,0,0,0,0,0,0,0,0
13225,1823,0,0,0,0,0,0,0,0,0
13226,1823,0,0,0,0,0,0,0,0,0
13227,1823,0,0,0,0,0,0,0,0,0
13228,1823,0,0,0,0,0,0,0,0,0
13229,1823,0,0,0,0,0,0,0,0,0
13230,1823,0,0,0,0,0,0,0,0,0
13231,1823,0,0,0,0,0,0,0,0,0
13232,1823,0,0,0,0,0,0,0,0,0
13233,1823,0,0,0,0,0,0,0,0,0
13234,1823,0,0,0,0,0,0,0,0,0
13235,1823,0,0,0,0,0,0,0,0,0
13236,1823,0,0,0,0,0,0,0,0,0
13237,1823,0,0,0,0,0,0,0,0,0
13238,1823,0,0,0,0,0,0,0,0,0
13239,1823,0,0,0,0,0,0,0,0,0
13240,1823,0,0,0,0,0,0,0,0,0
13241,1823,0,0,0,0,0,0,0,0,0
13242,1823,0,0,0,0,0,0,0,0,0
13243,1823,0,0,0,0,0,0,0,0,0
13244,1823,0,0,0,0,0,0,0,0,0
13245,1823,0,0,0,0,0,0,0,0,0
13246,1823,0,0,0,0,0,0,1,0,0
13247,1823,0,0,0,0,0,0,0,0,0
13248,1823,0,0,0,0,0,0,0,0,0
13249,1823,0,0,0,1,0,0,0,0,0
13250,1823,0,0,0,0,0,0,0,0,0
13251,1823,0,0,0,0,0,0,0,0,0
13252,1823,0,0,0,0,0,0,0,0,0
13253,1823,0,0,0,0,0,0,0,0,0
13254,1823,0,0,0,0,0,0,0,0,0
13255,1823,0,0,0,0,0,0,0,0,0
13256,1823,1,0,0,0,0,0,0,0,0
13257,1823,0,0,0,0,0,0,0,0,0
13258,1823,0,0,0,0,0,0,0,0,0
13259,1823,0,0,0,1,0,0,0,0,0
13260,1823,1,0,0,0,0,0,0,0,0
13261,1823,0,0,0,0,0,0,0,0,0
13262,1823,0,0,0,0,0,0,0,0,0
13263,1823,0,0,0,0,0,0,0,0,0
13264,1823,0,0,0,0,0,0,0,0,0
13265,1823,0,0,0,0,0,0,0,0,0
13266,1823,0,0,0,0,0,0,0,0,0
13267,1823,0,0,0,0,0,0,0,0,0
13268,1823,0,0,1,0,0,0,0,0,0
13269,1823,0,0,0,0,0,0,0,0,0
13270,1823,0,0,0,0,0,0,0,0,0
13271,1823,0,0,0,0,0,0,0,0,0
13272,1823,0,0,0,0,0,0,0,0,0
13273,1823,0,0,0,0,0,0,0,0,0
13274,1823,0,0,0,0,0,0,0,0,0
13275,1823,0,0,0,0,0,0,0,0,0
13276,1823,0,0,0,0,0,0,0,0,0
13277,1823,0,0,0,0,0,0,0,0,0
13278,1823,0,0,0,0,0,0,0,0,0
13279,1823,0,0,0,0,0,0,0,0,0
13280,1823,0,0,0,1,0,0,0,0,0
13281,1823,0,0,0,0,0,0,0,0,0
13282,1823,0,0,0,0,0,0,0,0,0
13283,1823,0,0,0,0,0,0,0,0,0
13284,1823,0,0,0,0,0,0,0,0,0
13285,1823,0,0,0,0,0,0,0,0,0
13286,1823,0,0,0,0,0,0,0,0,0
13287,1823,0,0,0,0,0,0,0,0,0
13288,1823,0,0,0,0,0,0,0,0,0
13289,1823,0,0,0,0,0,0,1,0,0
13290,1823,0,0,0,0,0,0,0,0,0
13291,1823,0,0,0,0,0,0,0,0,0
13292,1823,0,0,0,0,0,0,0,0,0
13293,1823,0,0,0,0,0,0,0,0,0
13294,1823,0,0,0,0,0,0,0,0,0
13295,1823,0,0,0,0,0,0,0,0,0
13296,1823,0,0,0,0,0,0,0,0,0
13297,1823,0,0,0,0,0,0,0,0,0
13298,1823,0,0,0,0,0,0,0,0,0
13299,1823,0,0,0,0,0,0,0,0,0
13300,1823,0,0,0,0,0,0,0,0,0
13301,1823,0,0,0,0,0,0,0,0,0
13302,1823,0,0,0,0,0,0,0,0,0
13303,1823,0,0,0,0,0,0,0,0,0
13304,1823,0,0,0,0,0,0,1,0,0
13305,1823,0,0,0,0,0,0,0,0,0
13306,1823,0,0,0,0,0,0,0,0,0
13307,1823,0,0,0,0,0,0,0,0,0
13308,1823,0,0,0,0,0,0,0,0,0
13309,1823,0,0,0,0,0,0,0,0,0
13310,1823,1,0,0,0,0,0,0,0,0
13311,1823,0,0,0,0,0,0,0,0,0
13312,1823,0,0,0,0,0,0,0,0,0
13313,1823,0,0,0,0,0,0,0,0,0
13314,1823,0,0,0,0,0,0,0,0,0
13315,1823,0,0,0,0,0,0,0,0,0
13316,1823,0,0,0,0,0,0,0,0,0
13317,1823,0,0,0,0,0,0,0,0,0
13318,1823,0,0,0,0,0,0,0,0,0
13319,1823,0,0,0,0,0,0,0,0,0
13320,1823,0,0,0,0,0,0,0,0,0
13321,1823,0,0,0,0,0,0,0,0,0
13322,1823,0,0,0,0,0,0,0,0,0
13323,1823,0,0,0,0,0,0,0,0,0
13324,1823,0,0,0,0,0,0,0,0,0
13325,1823,0,0,0,0,0,1,0,0,0
13326,1823,0,0,0,0,0,0,0,0,0
13327,1823,0,0,0,0,0,0,0,0,0
13328,1823,0,0,0,0,0,0,0,0,0
13329,1823,0,0,0,0,0,0,0,0,0
13330,1823,0,0,0,0,0,0,0,0,0
13331,1823,0,0,0,0,0,0,0,0,0
13332,1823,0,0,0,0,0,0,0,0,0
13333,1823,0,0,0,0,0,0,0,0,0
13334,1823,0,0,0,0,0,0,0,0,0
13335,1823,0,0,0,0,0,0,0,0,0
13336,1823,0,0,0,0,0,0,0,0,0
13337,1823,0,0,0,0,0,0,0,0,0
13338,1823,0,0,0,0,0,0,0,0,0
13339,1823,0,0,0,0,0,0,0,0,0
13340,1823,0,0,0,0,0,0,0,0,0
13341,1823,0,0,0,0,0,0,0,0,0
13342,1823,0,0,0,0,0,0,0,0,0
13343,1823,0,0,0,0,0,0,0,0,0
13344,1823,0,0,0,0,0,0,0,0,0
13345,1823,0,0,0,0,0,0,0,0,0
13346,1823,0,0,0,0,0,0,0,0,0
13347,1823,0,0,0,0,0,0,0,0,0
13348,1823,0,0,0,0,0,0,0,0,0
13349,1823,0,0,0,0,0,0,0,0,0
13350,1823,0,0,0,0,0,0,0,0,0
13351,1823,0,0,0,0,0,0,0,0,0
13352,1823,0,0,0,0,0,0,0,0,0
13353,1823,0,0,0,0,0,0,0,0,0
13354,1823,0,0,0,0,0,0,0,0,0
13355,1823,0,0,0,0,0,0,0,0,0
13356,1823,0,0,0,0,0,0,0,0,0
13357,1823,0,0,0,0,0,0,0,0,0
13358,1823,0,0,0,0,0,0,0,0,0
13359,1823,0,0,0,0,0,0,0,0,0
13360,1823,0,0,0,0,0,0,0,0,0
13361,1823,0,0,0,0,0,0,0,0,0
13362,1823,0,0,0,0,0,0,0,0,0
13363,1823,0,0,0,0,0,0,0,0,0
13364,1823,0,0,0,0,0,0,0,0,0
13365,1823,0,0,0,0,0,0,0,0,0
13366,1823,0,0,0,0,0,0,0,0,0
13367,1823,0,0,0,0,0,0,0,0,0
13368,1823,0,0,0,0,0,0,0,0,0
13369,1823,0,0,1,0,0,0,0,0,0
13370,1823,0,0,0,0,0,0,0,0,0
13371,1823,0,0,0,0,0,0,0,0,0
13372,1823,0,0,0,0,0,0,0,0,0
13373,1823,0,0,0,0,0,0,0,0,0
13374,1823,0,0,0,0,0,0,0,0,0
13375,1823,0,0,0,0,0,0,0,0,0
13376,1823,0,0,0,0,0,0,0,0,0
13377,1823,0,0,0,0,0,0,0,0,0
13378,1823,0,0,0,0,0,0,0,0,0
13379,1823,1,0,0,0,0,0,0,0,0
13380,1823,0,0,0,0,0,0,0,0,0
13381,1823,0,0,0,0,0,0,0,0,0
13382,1823,0,0,0,0,0,0,0,0,0
13383,1823,0,0,0,0,0,0,0,0,0
13384,1823,0,0,0,0,0,0,0,0,0
13385,1823,0,0,0,0,0,1,0,0,0
13386,1823,0,0,0,0,0,0,0,0,0
13387,1823,0,0,0,0,0,0,0,0,0
13388,1823,0,0,0,0,0,0,0,0,0
13389,1823,0,0,0,0,0,0,0,0,0
13390,1823,0,0,0,0,0,0,0,0,0
13391,1823,0,0,0,0,0,0,0,0,1
13392,1823,0,0,0,0,0,0,0,0,0
13393,1823,0,0,0,0,0,0,0,0,0
13394,1823,0,0,0,0,0,0,0,0,0
13395,1823,0,0,0,0,0,0,0,0,0
13396,1823,1,0,0,0,0,0,0,0,0
13397,1823,0,0,0,0,0,0,0,0,0
13398,1823,0,0,0,0,0,0,0,0,0
13399,1823,0,0,0,0,0,0,0,0,0
13400,1823,0,0,0,0,0,0,0,0,0
13401,1823,0,0,0,0,0,0,0,0,0
13402,1823,0,0,0,0,0,0,0,0,0
13403,1823,0,0,0,0,0,0,0,0,0
13404,1823,0,0,0,0,0,0,0,0,0
13405,1823,0,0,0,0,0,0,0,0,0
13406,1823,0,0,0,0,0,0,0,0,0
13407,1823,0,0,0,0,0,0,0,0,0
13408,1823,0,0,0,0,0,0,0,0,0
13409,1823,0,0,0,0,0,0,0,0,0
13410,1823,0,0,0,0,0,0,0,0,0
13411,1823,0,0,0,0,0,0,0,0,0
13412,1823,0,0,0,0,0,0,0,0,0
13413,1823,0,0,0,0,0,0,0,0,0
13414,1823,0,0,0,0,0,0,0,0,0
13415,1823,0,0,0,0,0,0,0,0,0
13416,1823,0,0,0,0,0,0,0,0,0
13417,1823,0,0,0,0,0,0,0,0,0
13418,1823,0,0,0,0,0,0,0,0,0
13419,1823,0,0,0,0,0,0,0,0,0
13420,1823,0,0,0,0,0,0,0,0,0
13421,1823,0,0,0,0,0,0,0,0,0
13422,1823,0,0,0,1,0,0,0,0,0
13423,1823,0,0,0,0,0,0,0,0,0
13424,1823,0,0,1,0,0,0,0,0,0
13425,1823,0,0,0,0,0,0,0,0,0
13426,1823,0,0,0,0,0,0,0,0,0
13427,1823,0,0,0,0,0,0,0,0,0
13428,1823,0,0,0,0,0,0,0,0,0
13429,1823,0,0,0,0,0,0,0,0,0
13430,1823,0,0,0,0,0,0,0,0,0
13431,1823,0,0,0,0,0,0,0,0,0
13432,1823,0,0,0,0,0,0,0,0,0
13433,1823,0,0,0,0,0,0,0,0,0
13434,1823,0,0,0,0,0,0,0,0,0
13435,1823,0,0,0,0,0,0,0,0,0
13436,1823,0,0,0,0,0,0,1,0,0
13437,1823,0,0,0,0,0,0,0,0,0
13438,1823,0,0,0,0,0,0,0,0,0
13439,1823,0,0,0,0,0,0,0,0,0
13440,1823,0,0,0,0,0,0,0,0,0
13441,1823,0,0,0,0,0,0,0,0,0
13442,1823,0,0,0,0,0,0,0,0,0
13443,1823,0,0,0,0,0,0,0,0,0
13444,1823,0,0,0,0,0,0,0,0,0
13445,1823,0,0,0,0,0,0,0,0,0
13446,1823,0,0,0,0,0,0,0,0,0
13447,1823,0,0,0,0,0,0,0,0,0
13448,1823,0,0,0,0,0,0,0,0,0
13449,1823,0,0,0,0,0,0,0,0,0
13450,1823,0,0,0,0,0,0,0,0,0
13451,1823,0,0,0,0,0,0,0,0,0
13452,1823,0,0,0,0,0,0,0,0,0
13453,1823,0,0,0,0,0,0,0,0,0
13454,1823,0,0,0,0,0,0,0,0,0
13455,1823,0,0,0,0,0,0,0,0,0
13456,1823,0,0,0,0,0,0,0,0,0
13457,1823,0,0,0,0,0,0,0,0,0
13458,1823,0,0,0,0,0,0,0,0,0
13459,1823,0,0,0,0,0,0,0,0,0
13460,1823,0,0,0,0,0,0,0,0,0
13461,1823,0,0,0,0,0,0,0,0,0
13462,1823,0,0,1,0,0,0,0,0,0
13463,1823,0,0,0,0,0,0,0,0,0
13464,1823,0,0,0,0,0,0,0,0,0
13465,1823,0,0,0,0,0,0,0,0,0
13466,1823,0,0,0,0,0,0,0,0,0
13467,1823,0,0,0,1,0,0,0,0,0
13468,1823,0,0,0,0,0,0,0,0,0
13469,1823,0,0,0,0,0,0,0,0,0
13470,1823,0,0,0,0,0,0,0,0,0
13471,1823,0,0,0,0,0,0,0,0,0
13472,1823,0,0,0,0,0,0,0,0,0
13473,1823,0,0,0,0,0,0,1,0,0
13474,1823,0,0,0,0,0,0,0,0,0
13475,1823,0,0,0,0,0,0,0,0,0
13476,1823,0,0,0,0,0,0,0,0,0
13477,1823,0,0,0,0,0,0,0,0,0
13478,1823,0,0,0,0,0,0,1,0,0
13479,1823,0,0,0,0,0,0,0,0,0
13480,1823,0,0,0,0,0,0,0,0,0
13481,1823,0,0,0,0,0,0,0,0,0
13482,1823,0,0,0,0,0,0,0,0,0
13483,1823,0,0,0,0,0,0,0,0,0
13484,1823,0,0,0,0,0,0,0,0,0
13485,1823,0,0,1,0,0,0,0,0,0
13486,1823,0,0,0,0,0,0,0,0,0
13487,1823,0,0,0,0,0,0,0,0,0
13488,1823,0,0,0,0,0,0,0,0,0
13489,1823,0,0,0,0,0,0,0,0,0
13490,1823,0,0,0,0,0,0,0,0,0
13491,1823,0,0,0,0,0,0,0,0,0
13492,1823,0,0,1,0,0,0,0,0,0
13493,1823,0,0,0,0,0,0,0,0,0
13494,1823,0,0,0,0,0,0,0,0,0
13495,1823,0,0,0,0,0,0,0,0,0
13496,1823,0,0,0,0,0,0,0,0,0
13497,1823,0,0,0,0,0,0,0,0,0
13498,1823,1,0,0,0,0,0,0,0,0
13499,1823,0,0,0,0,0,0,0,0,0
13500,1823,0,0,0,0,0,0,0,0,0
13501,1823,0,0,0,0,0,0,0,0,0
13502,1823,0,0,0,0,0,0,0,0,0
13503,1823,0,0,0,0,0,0,0,0,0
13504,1823,0,0,0,0,0,0,0,0,0
13505,1823,0,0,0,1,0,0,0,0,0
13506,1823,0,0,0,0,0,0,0,0,0
13507,1823,0,0,0,0,0,0,1,0,0
13508,1823,0,0,0,0,0,0,0,0,0
13509,1823,0,0,0,0,0,0,0,0,0
13510,1823,0,0,0,0,0,0,0,0,0
13511,1823,0,0,0,0,0,0,0,0,0
13512,1823,0,0,0,0,0,0,0,0,0
13513,1823,0,0,0,0,0,0,0,0,0
13514,1823,0,0,0,0,0,0,0,0,0
13515,1823,0,0,0,0,0,0,0,0,0
13516,1823,0,0,0,0,0,0,0,0,0
13517,1823,0,0,0,0,0,0,0,0,0
13518,1823,0,0,0,0,0,0,0,0,0
13519,1823,0,0,0,0,0,0,0,0,0
13520,1823,0,0,0,0,0,0,0,0,0
13521,1823,0,0,0,0,0,0,0,0,0
13522,1823,0,0,0,0,0,0,0,0,0
13523,1823,0,0,0,0,0,0,0,0,0
13524,1823,0,0,0,0,0,0,0,0,0
13525,1823,0,0,0,0,0,0,0,0,0
13526,1823,0,0,0,0,0,0,0,0,0
13527,1823,0,0,0,0,0,0,0,0,0
13528,1823,0,0,0,0,0,0,0,0,0
13529,1823,1,0,0,1,0,0,0,0,0
13530,1823,0,0,0,0,0,0,0,0,0
13531,1823,0,0,0,0,0,0,0,0,0
13532,1823,0,0,0,0,0,0,0,0,0
13533,1823,0,0,0,0,0,0,0,0,0
13534,1823,0,0,0,0,0,0,0,0,0
13535,1823,0,0,0,0,0,0,0,0,0
13536,1823,0,0,0,0,0,0,0,0,0
13537,1823,0,0,0,0,0,0,0,0,0
13538,1823,0,0,0,0,0,0,0,0,0
13539,1823,0,0,0,0,0,0,0,0,0
13540,1823,0,0,0,0,0,0,0,0,0
13541,1823,0,0,0,0,0,0,0,0,0
13542,1823,0,0,0,0,0,0,0,0,0
13543,1823,0,0,0,0,0,0,0,0,0
13544,1823,0,0,0,0,0,0,0,0,0
13545,1823,0,0,0,0,0,0,0,0,0
13546,1823,0,0,0,0,0,0,0,0,0
13547,1823,0,0,0,1,0,0,0,0,0
13548,1823,0,0,0,0,0,0,0,0,0
13549,1823,0,0,0,0,0,0,0,0,0
13550,1823,0,0,0,0,0,0,0,0,0
13551,1823,0,0,0,0,0,0,0,0,0
13552,1823,0,0,0,0,0,0,0,0,0
13553,1823,0,0,0,0,0,0,0,0,0
13554,1823,0,0,0,0,0,0,0,0,0
13555,1823,0,0,0,0,0,0,0,0,0
13556,1823,0,0,0,0,0,0,0,0,0
13557,1823,0,0,0,0,0,0,0,0,0
13558,1823,0,0,0,0,0,0,0,0,0
13559,1823,0,0,0,0,0,0,0,0,0
13560,1823,0,0,0,0,0,0,0,0,0
13561,1823,0,0,0,0,0,0,0,0,0
13562,1823,0,0,0,0,0,0,0,0,0
13563,1823,0,0,0,0,0,0,0,0,0
13564,1823,0,0,0,0,0,0,0,0,0
13565,1823,0,0,0,0,0,0,0,0,0
13566,1823,0,0,0,0,0,0,0,0,0
13567,1823,0,0,0,0,0,0,0,0,0
13568,1823,0,0,0,0,0,0,0,0,0
13569,1823,0,0,0,0,0,0,0,0,0
13570,1823,0,0,0,0,0,0,0,0,0
13571,1823,0,0,0,0,0,0,0,0,0
13572,1823,0,0,0,0,0,0,0,0,0
13573,1823,0,0,0,0,0,0,0,0,0
13574,1823,1,0,0,0,0,0,0,0,0
13575,1823,0,0,0,0,0,0,0,0,0
13576,1823,0,0,0,1,0,0,0,0,0
13577,1823,0,0,0,0,0,0,0,0,0
13578,1823,0,0,0,0,0,0,0,0,0
13579,1823,0,0,0,1,0,0,0,0,0
13580,1823,0,0,0,0,0,0,0,0,0
13581,1823,0,0,0,0,0,0,0,0,0
13582,1823,0,0,0,0,0,0,0,0,0
13583,1823,0,0,0,0,0,0,0,0,0
13584,1823,0,0,1,0,0,0,0,0,0
13585,1823,0,0,0,0,0,0,0,0,0
13586,1823,0,0,0,0,0,0,0,0,0
13587,1823,0,0,0,0,0,0,0,0,0
13588,1823,0,0,0,0,0,0,0,0,0
13589,1823,0,0,0,0,0,0,0,0,0
13590,1823,0,0,0,0,0,0,0,0,0
13591,1823,0,0,0,0,0,0,0,0,0
13592,1823,0,0,0,0,0,0,0,0,0
13593,1823,0,0,0,0,0,0,0,0,0
13594,1823,0,0,0,0,0,0,0,0,0
13595,1823,0,0,0,0,0,0,0,0,0
13596,1823,0,0,0,0,0,0,0,0,0
13597,1823,0,0,0,0,0,0,0,0,0
13598,1823,0,0,0,0,0,0,0,0,0
13599,1823,0,0,0,0,0,0,0,0,0
13600,1823,0,0,0,0,0,0,0,0,0
13601,1823,0,0,0,0,0,0,0,0,0
13602,1823,0,0,0,0,0,0,0,0,0
13603,1823,0,0,0,0,0,0,0,0,0
13604,1823,0,0,0,0,0,0,0,0,0
13605,1823,0,0,0,0,0,0,0,0,0
13606,1823,0,0,0,0,0,0,0,0,0
13607,1823,0,0,0,0,0,0,0,0,0
13608,1823,0,0,0,0,0,0,0,0,0
13609,1823,0,0,0,0,0,0,0,0,0
13610,1823,0,0,0,0,0,0,0,0,0
13611,1823,0,0,0,0,0,0,0,0,0
13612,1823,0,0,0,0,0,0,0,0,0
13613,1823,0,0,0,0,0,0,0,0,0
13614,1823,0,0,0,0,0,0,0,0,0
13615,1823,0,0,0,0,0,0,0,0,0
13616,1823,0,0,0,0,0,0,0,0,0
13617,1823,0,0,0,0,0,0,0,0,0
13618,1823,0,0,0,0,0,0,0,0,0
13619,1823,0,0,0,0,0,0,0,0,0
13620,1823,0,0,0,0,0,0,0,0,0
13621,1823,0,0,0,0,0,0,0,0,0
13622,1823,0,0,0,0,0,0,0,0,0
13623,1823,0,0,0,0,0,0,0,0,0
13624,1823,0,0,1,0,0,0,0,0,0
13625,1823,0,0,0,0,0,0,0,0,0
13626,1823,0,0,0,0,0,0,0,0,0
13627,1823,0,0,0,0,0,0,0,0,0
13628,1823,0,0,0,0,0,0,0,0,0
13629,1823,0,0,0,0,0,0,0,0,0
13630,1823,0,0,0,0,0,0,0,0,0
13631,1823,0,0,0,0,0,0,0,0,0
13632,1823,0,0,0,0,0,0,0,0,0
13633,1823,0,0,0,0,0,0,0,0,0
13634,1823,0,0,0,0,0,0,0,0,0
13635,1823,0,0,0,0,0,0,0,0,0
13636,1823,0,0,0,0,0,0,0,0,0
13637,1823,0,0,0,0,0,0,0,0,0
13638,1823,0,0,0,0,0,0,0,0,0
13639,1823,0,0,0,0,0,0,0,0,0
13640,1823,0,0,0,0,0,0,0,0,0
13641,1823,0,0,0,0,0,0,0,0,0
13642,1823,0,0,0,0,0,0,0,0,0
13643,1823,0,0,0,0,0,0,0,0,0
13644,1823,0,0,0,0,0,0,0,0,0
13645,1823,0,0,0,0,0,0,0,0,0
13646,1823,0,0,0,0,0,0,0,0,0
13647,1823,0,0,0,0,0,0,0,0,0
13648,1823,0,0,0,0,0,0,0,0,0
13649,1823,0,0,0,0,0,0,0,0,0
13650,1823,0,0,0,0,0,0,0,0,0
13651,1823,0,0,0,0,0,0,0,0,0
13652,1823,0,0,0,0,0,0,0,0,0
13653,1823,0,0,0,0,0,0,0,0,0
13654,1823,0,0,0,0,0,0,0,0,0
13655,1823,0,0,0,0,0,0,0,0,0
13656,1823,0,0,0,0,0,0,0,0,0
13657,1823,0,0,0,0,0,1,0,0,0
13658,1823,0,0,0,0,0,0,0,0,0
13659,1823,0,0,0,0,0,0,0,0,0
13660,1823,0,0,0,0,0,0,0,0,0
13661,1823,0,0,0,0,0,0,0,0,0
13662,1823,0,0,0,0,0,0,0,0,0
13663,1823,0,0,0,0,0,0,0,0,0
13664,1823,0,0,0,0,0,0,1,0,0
13665,1823,0,0,0,0,0,0,0,0,0
13666,1823,0,0,0,0,0,0,0,0,0
13667,1823,0,0,0,0,0,0,1,0,0
13668,1823,0,0,0,0,0,0,0,0,0
13669,1823,0,0,0,0,0,0,0,0,0
13670,1823,0,0,0,0,0,0,0,0,0
13671,1823,0,0,0,0,0,0,0,0,0
13672,1823,0,0,0,0,0,0,0,0,0
13673,1823,0,0,0,0,0,0,0,0,0
13674,1823,0,0,0,0,0,0,0,0,0
13675,1823,0,0,0,0,0,0,0,0,0
13676,1823,0,0,0,0,0,0,0,0,0
13677,1823,0,0,0,0,0,0,0,0,0
13678,1823,0,0,0,0,0,0,0,0,0
13679,1823,0,0,0,0,0,0,0,0,0
13680,1823,0,0,0,0,0,0,0,0,0
13681,1823,0,0,0,0,0,0,0,0,0
13682,1823,0,0,0,0,0,0,0,0,0
13683,1823,0,0,0,0,0,0,0,0,0
13684,1823,0,0,0,0,0,0,0,0,0
13685,1823,0,0,0,0,0,0,0,0,0
13686,1823,0,0,0,0,0,0,0,0,0
13687,1823,0,0,0,0,0,0,0,0,0
13688,1823,0,0,0,0,0,0,0,0,0
13689,1823,0,0,0,0,0,0,0,0,0
13690,1823,0,0,0,0,0,0,0,0,0
13691,1823,0,0,0,0,0,0,0,0,0
13692,1823,0,0,0,0,0,0,0,0,0
13693,1823,0,0,0,0,0,0,0,0,0
13694,1823,0,0,0,0,0,0,0,0,0
13695,1823,0,0,0,0,0,0,0,0,0
13696,1823,0,0,0,0,0,0,1,0,0
13697,1823,0,0,0,0,0,0,0,0,0
13698,1823,0,0,0,0,0,0,0,0,0
13699,1823,0,0,0,0,0,0,0,0,0
13700,1823,0,0,0,0,0,0,0,0,0
13701,1823,0,0,1,0,0,0,0,0,0
13702,1823,0,0,0,0,0,0,0,0,0
13703,1823,0,0,0,0,0,0,0,0,0
13704,1823,0,0,0,0,0,0,0,0,0
13705,1823,0,0,0,0,0,0,0,0,0
13706,1823,0,0,0,0,0,0,0,0,0
13707,1823,0,0,0,0,0,0,0,0,0
13708,1823,0,0,0,0,0,0,0,0,0
13709,1823,0,0,0,0,0,0,0,0,0
13710,1823,0,0,0,0,0,0,0,0,0
13711,1823,0,0,0,0,0,0,0,0,0
13712,1823,0,0,0,0,0,0,0,0,0
13713,1823,0,0,0,0,0,0,0,0,0
13714,1823,0,0,0,0,0,0,0,0,0
13715,1823,0,0,0,0,0,0,0,0,0
13716,1823,0,0,0,0,0,0,0,0,0
13717,1823,0,0,0,0,0,0,0,0,0
13718,1823,0,0,0,0,0,0,0,0,0
13719,1823,0,0,0,0,0,0,0,0,0
13720,1823,0,0,0,0,0,0,0,0,0
13721,1823,0,0,0,0,0,0,0,0,0
13722,1823,0,0,0,0,0,0,0,0,0
13723,1823,0,0,0,0,0,0,0,0,0
13724,1823,0,0,0,0,0,0,0,0,0
13725,1823,0,0,0,0,0,0,0,0,0
13726,1823,0,0,0,0,0,0,0,0,0
13727,1823,0,0,0,0,0,0,0,0,0
13728,1823,0,0,0,0,0,0,0,0,0
13729,1823,0,0,0,0,0,0,0,0,0
13730,1823,0,0,0,0,0,0,0,0,0
13731,1823,0,0,0,0,0,0,0,0,0
13732,1823,0,0,0,0,0,0,0,0,0
13733,1823,0,0,0,0,0,0,1,0,0
13734,1823,0,0,0,0,0,0,0,0,0
13735,1823,0,0,0,0,0,0,0,0,0
13736,1823,0,0,0,0,0,0,0,0,0
13737,1823,0,0,0,0,0,0,0,0,0
13738,1823,0,0,0,0,0,0,0,0,0
13739,1823,0,0,0,0,0,0,0,0,0
13740,1823,0,0,0,0,0,0,0,0,0
13741,1823,0,0,0,0,0,0,0,0,0
13742,1823,0,0,0,0,0,0,0,0,0
13743,1823,0,0,0,0,0,0,0,0,0
13744,1823,0,0,0,0,0,0,0,0,0
13745,1823,0,0,0,1,0,0,0,0,0
13746,1823,0,0,0,0,0,0,0,0,0
13747,1823,0,0,0,0,0,0,0,0,0
13748,1823,0,0,0,0,0,0,0,0,0
13749,1823,0,0,0,0,0,0,0,0,0
13750,1823,0,0,0,0,0,0,0,0,0
13751,1823,0,0,0,0,0,0,0,0,0
13752,1823,0,0,0,0,0,0,0,0,0
13753,1823,0,0,0,0,0,0,0,0,0
13754,1823,0,0,0,0,0,0,1,0,0
13755,1823,0,0,0,0,0,0,0,0,0
13756,1823,0,0,0,0,0,0,0,0,0
13757,1823,0,0,0,0,0,0,0,0,0
13758,1823,0,0,0,0,0,0,0,0,0
13759,1823,0,0,0,0,0,0,0,0,0
13760,1823,0,0,0,0,0,0,0,0,0
13761,1823,0,0,0,0,0,0,0,0,0
13762,1823,0,0,0,0,0,0,0,0,0
13763,1823,0,0,0,0,0,0,0,0,0
13764,1823,0,0,0,0,0,0,0,0,0
13765,1823,0,0,0,0,0,0,0,0,0
13766,1823,0,0,0,0,0,0,0,0,0
13767,1823,0,0,0,0,0,0,0,0,0
13768,1823,0,0,0,0,0,0,0,0,0
13769,1823,1,0,0,0,0,0,0,0,0
13770,1823,0,0,0,0,0,0,0,0,0
13771,1823,0,0,0,0,0,0,0,0,0
13772,1823,0,0,0,0,0,0,0,0,0
13773,1823,0,0,0,0,0,0,0,0,0
13774,1823,0,0,0,0,0,0,0,0,0
13775,1823,0,0,0,0,0,0,0,0,0
13776,1823,0,0,0,0,0,0,0,0,0
13777,1823,0,0,0,0,0,0,0,0,0
13778,1823,0,0,0,0,0,0,0,0,0
13779,1823,0,0,0,0,0,0,0,0,0
13780,1823,0,0,0,0,0,0,0,0,0
13781,1823,0,0,0,0,0,0,1,0,0
13782,1823,0,0,0,0,0,0,0,0,0
13783,1823,0,0,0,0,0,0,0,0,0
13784,1823,0,0,0,0,0,0,0,0,0
13785,1823,0,0,0,0,0,0,0,0,0
13786,1823,0,0,0,0,0,0,0,0,0
13787,1823,0,0,0,0,0,0,0,0,0
13788,1823,0,0,0,0,0,0,0,0,0
13789,1823,1,0,0,0,0,0,0,0,0
13790,1823,0,0,0,0,0,0,0,0,0
13791,1823,0,0,0,0,0,0,0,0,0
13792,1823,0,0,0,0,0,0,0,0,0
13793,1823,0,0,0,0,0,0,0,0,0
13794,1823,0,0,0,0,0,0,0,0,0
13795,1823,0,0,0,1,0,0,0,0,0
13796,1823,0,0,0,0,0,1,0,0,0
13797,1823,0,0,0,0,0,0,0,0,0
13798,1823,0,0,0,0,0,0,0,0,0
13799,1823,0,0,0,0,0,0,0,0,0
13800,1823,0,0,0,0,0,0,1,0,0
13801,1823,0,0,0,0,0,0,0,0,0
13802,1823,0,0,0,0,0,0,0,0,0
13803,1823,0,0,0,0,0,0,0,0,0
13804,1823,0,0,0,0,0,0,0,0,0
13805,1823,0,0,0,0,0,0,0,0,0
13806,1823,0,0,0,0,0,0,0,0,0
13807,1823,0,0,0,0,0,0,0,0,0
13808,1823,0,0,0,0,0,0,0,0,0
13809,1823,0,0,0,0,0,0,0,0,0
13810,1823,0,0,0,0,0,0,0,0,0
13811,1823,0,0,0,0,0,0,0,0,0
13812,1823,0,0,0,0,0,0,0,0,0
13813,1823,0,0,0,0,0,0,0,0,0
13814,1823,0,0,0,0,0,0,0,0,0
13815,1823,0,0,0,0,0,0,0,0,0
13816,1823,0,0,0,0,0,0,0,0,0
13817,1823,0,0,0,0,0,0,0,0,0
13818,1823,0,0,0,0,0,0,0,0,0
13819,1823,0,0,0,0,0,0,0,0,0
13820,1823,0,0,0,0,0,0,0,0,0
13821,1823,0,0,0,0,0,0,0,0,0
13822,1823,0,0,0,0,0,0,0,0,0
13823,1823,0,0,0,0,0,0,0,0,0
13824,1823,0,0,0,0,0,0,0,0,0
13825,1823,0,0,0,0,0,0,0,0,0
13826,1823,0,0,0,0,0,0,0,0,0
13827,1823,0,0,0,0,0,0,0,0,0
13828,1823,0,0,0,0,0,0,0,0,0
13829,1823,0,0,0,0,0,0,0,0,0
13830,1823,0,0,0,0,0,0,0,0,0
13831,1823,0,0,0,0,0,0,0,0,0
13832,1823,0,0,0,0,0,0,0,0,0
13833,1823,0,0,0,0,0,0,0,0,0
13834,1823,0,0,0,0,0,0,0,0,0
13835,1823,0,0,0,0,0,0,0,0,0
13836,1823,0,0,0,0,0,0,0,0,0
13837,1823,0,0,0,0,0,0,0,0,0
13838,1823,0,0,0,0,0,0,0,0,0
13839,1823,0,0,0,0,0,0,0,0,0
13840,1823,0,0,0,0,0,0,0,0,0
13841,1823,0,0,0,0,0,0,0,0,0
13842,1823,0,0,0,0,0,0,0,0,0
13843,1823,0,0,0,0,0,0,0,0,0
13844,1823,0,0,0,0,0,0,0,0,0
13845,1823,0,0,0,0,0,0,0,0,0
13846,1823,0,0,0,0,0,0,0,0,0
13847,1823,0,0,0,0,0,0,0,0,0
13848,1823,0,0,0,0,0,0,0,0,0
13849,1823,0,0,0,0,0,0,0,0,0
13850,1823,0,0,0,0,0,0,0,0,0
13851,1823,0,0,0,1,0,0,0,0,0
13852,1823,0,0,0,0,0,0,0,0,0
13853,1823,0,0,0,0,0,0,0,0,0
13854,1823,0,0,0,0,0,0,0,0,0
13855,1823,0,0,0,0,0,0,0,0,0
13856,1823,0,0,0,0,0,0,0,0,0
13857,1823,0,0,0,0,0,0,0,0,0
13858,1823,0,0,0,0,0,0,0,0,0
13859,1823,0,0,0,0,0,0,0,0,0
13860,1823,0,0,0,0,0,0,0,0,0
13861,1823,0,0,0,0,0,0,0,0,0
13862,1823,0,0,0,0,0,0,0,0,0
13863,1823,0,0,0,0,0,0,0,0,0
13864,1823,0,0,0,0,0,0,0,0,0
13865,1823,0,0,0,0,0,0,0,0,0
13866,1823,0,0,0,0,0,0,0,0,0
13867,1823,0,0,0,0,0,0,0,0,0
13868,1823,0,0,0,0,0,0,0,0,0
13869,1823,0,0,0,0,0,0,0,0,0
13870,1823,0,0,0,0,0,0,0,0,0
13871,1823,0,0,0,0,0,0,0,0,0
13872,1823,0,0,0,0,0,0,0,0,0
13873,1823,0,0,0,0,0,0,0,0,0
13874,1823,0,0,0,0,0,0,0,0,0
13875,1823,0,0,0,1,0,0,0,0,0
13876,1823,0,0,0,0,0,0,0,0,0
13877,1823,0,0,1,0,0,0,0,0,0
13878,1823,0,0,0,0,0,0,0,0,0
13879,1823,0,0,0,0,0,0,0,0,0
13880,1823,0,0,0,0,0,0,0,0,0
13881,1823,0,0,0,0,0,0,0,0,0
13882,1823,0,0,0,0,0,0,0,0,0
13883,1823,0,0,0,0,0,0,0,0,0
13884,1823,0,0,0,0,0,0,0,0,0
13885,1823,0,0,0,0,0,0,0,0,0
13886,1823,0,0,0,0,0,0,0,0,0
13887,1823,0,0,0,0,0,0,0,0,0
13888,1823,0,0,0,0,0,0,0,0,0
13889,1823,0,0,0,0,0,0,0,0,0
13890,1823,0,0,0,0,0,0,0,0,0
13891,1823,0,0,0,0,0,0,0,0,0
13892,1823,0,0,0,0,0,0,1,0,0
13893,1823,0,0,0,0,0,0,0,0,0
13894,1823,0,0,0,0,0,0,0,0,0
13895,1823,0,0,0,0,0,0,0,0,0
13896,1823,0,0,0,0,0,0,0,0,0
13897,1823,0,0,0,0,0,0,0,0,0
13898,1823,0,0,0,0,0,0,0,0,0
13899,1823,0,0,0,0,0,0,0,0,0
13900,1823,0,0,0,0,0,0,0,0,0
13901,1823,0,0,0,0,0,0,0,0,0
13902,1823,0,0,0,0,0,0,0,0,0
13903,1823,0,0,0,0,0,0,0,0,0
13904,1823,0,0,0,0,0,0,0,0,0
13905,1823,0,0,0,0,0,0,0,0,0
13906,1823,0,0,0,0,0,0,0,0,0
13907,1823,0,0,0,0,0,0,0,0,0
13908,1823,0,0,0,0,0,0,0,0,0
13909,1823,0,0,0,0,0,0,0,0,0
13910,1823,0,0,0,0,0,0,0,0,0
13911,1823,0,0,0,0,0,0,0,0,0
13912,1823,0,0,0,0,0,0,0,0,0
13913,1823,0,0,0,0,0,0,0,0,0
13914,1823,0,0,0,0,0,0,0,0,0
13915,1823,0,0,0,0,0,0,0,0,0
13916,1823,0,0,0,0,0,0,0,0,0
13917,1823,0,0,0,0,0,0,0,0,0
13918,1823,0,0,0,0,0,0,0,0,0
13919,1823,0,0,0,0,0,0,0,0,0
13920,1823,0,0,0,0,0,0,0,0,0
13921,1823,0,0,0,0,0,0,0,0,0
13922,1823,0,0,0,0,0,0,0,0,0
13923,1823,0,0,0,0,0,0,0,0,0
13924,1823,0,0,0,0,0,0,0,0,0
13925,1823,0,0,0,0,0,0,0,0,0
13926,1823,0,0,0,0,0,0,0,0,0
13927,1823,0,0,0,0,0,0,0,0,0
13928,1823,0,0,0,0,0,0,0,0,0
13929,1823,0,0,0,0,0,0,0,0,0
13930,1823,0,0,0,0,0,0,0,0,0
13931,1823,0,0,0,0,0,0,0,0,0
13932,1823,0,0,0,0,0,0,0,0,0
13933,1823,0,0,0,0,0,0,0,0,0
13934,1823,0,0,0,0,0,0,0,0,0
13935,1823,0,0,0,0,0,0,0,0,0
13936,1823,0,0,0,0,0,0,0,0,0
13937,1823,0,0,0,0,0,0,0,0,0
13938,1823,0,0,0,0,0,1,0,0,0
13939,1823,0,0,0,0,0,0,0,0,0
13940,1823,0,0,0,0,0,0,0,0,0
13941,1823,0,0,0,0,0,0,0,0,0
13942,1823,0,0,0,0,0,0,0,0,0
13943,1823,0,0,0,0,0,0,0,0,0
13944,1823,0,0,0,0,0,0,0,0,0
13945,1823,0,0,0,0,0,0,0,0,0
13946,1823,0,0,0,0,0,0,0,0,0
13947,1823,0,0,0,0,0,0,0,0,0
13948,1823,0,0,0,0,0,0,0,0,0
13949,1823,0,0,0,0,0,0,0,0,0
13950,1823,0,0,0,0,0,0,0,0,0
13951,1823,0,0,0,0,0,0,0,0,0
13952,1823,0,0,0,0,0,0,0,0,0
13953,1823,0,0,0,0,0,0,0,0,0
13954,1823,0,0,0,1,0,0,0,0,0
13955,1823,0,0,0,0,0,0,0,0,0
13956,1823,0,0,0,0,0,0,0,0,0
13957,1823,0,0,0,0,0,0,0,0,1
13958,1823,0,0,0,0,0,0,0,0,0
13959,1823,0,0,0,0,0,0,0,0,0
13960,1823,0,0,0,0,0,0,0,0,0
13961,1823,0,0,0,0,0,0,0,0,0
13962,1823,0,0,0,1,0,0,0,0,0
13963,1823,0,0,0,0,0,0,0,0,0
13964,1823,0,0,0,0,0,0,0,0,0
13965,1823,0,0,0,0,0,0,0,0,0
13966,1823,0,0,0,0,0,0,0,0,0
13967,1823,0,0,0,0,0,0,0,0,0
13968,1823,0,0,0,0,0,0,0,0,0
13969,1823,0,0,0,0,0,0,0,0,0
13970,1823,0,0,0,0,0,0,0,0,0
13971,1823,0,0,0,0,0,0,0,0,0
13972,1823,0,0,0,0,0,0,0,0,0
13973,1823,0,0,0,0,0,0,0,0,0
13974,1823,0,0,0,0,0,0,0,0,0
13975,1823,0,0,0,0,0,0,0,0,0
13976,1823,0,0,0,0,0,0,0,0,0
13977,1823,0,0,0,0,0,0,0,0,0
13978,1823,0,0,0,0,0,1,0,0,0
13979,1823,0,0,0,0,0,0,0,0,0
13980,1823,0,0,0,0,0,0,0,0,0
13981,1823,0,0,0,0,0,1,0,0,0
13982,1823,0,0,0,0,0,0,0,0,0
13983,1823,0,0,0,0,0,0,0,0,0
13984,1823,0,0,0,0,0,0,0,0,0
13985,1823,0,0,0,0,0,0,0,0,0
13986,1823,0,0,0,0,0,0,0,0,0
13987,1823,0,0,0,0,0,0,0,0,0
13988,1823,0,0,0,0,0,0,0,0,0
13989,1823,0,0,0,0,0,0,0,0,0
13990,1823,0,0,0,0,0,0,0,0,0
13991,1823,0,0,0,0,0,0,0,0,0
13992,1823,0,0,0,0,0,0,0,0,0
13993,1823,0,0,0,0,0,0,0,0,0
13994,1823,0,0,0,0,0,0,0,0,0
13995,1823,0,0,0,0,0,0,0,0,0
13996,1823,0,0,0,0,0,0,0,0,0
13997,1823,0,0,0,0,0,0,0,0,0
13998,1823,0,0,0,0,0,0,0,0,0
13999,1823,0,0,0,0,0,0,0,0,0
14000,1823,0,0,0,0,0,0,0,0,0
14001,1823,0,0,0,0,0,0,0,0,0
14002,1823,0,0,0,0,0,0,0,0,0
14003,1823,0,0,0,0,0,0,0,0,0
14004,1823,0,0,0,0,0,0,0,0,0
14005,1823,0,0,0,0,0,0,0,0,0
14006,1823,0,0,0,0,0,0,0,0,0
14007,1823,0,0,0,0,0,0,0,0,0
14008,1823,0,0,0,0,0,0,0,0,0
14009,1823,0,0,0,0,0,0,0,0,0
14010,1823,0,0,0,0,0,0,0,0,0
14011,1823,0,0,0,0,0,0,0,0,0
14012,1823,0,0,0,0,0,0,0,0,0
14013,1823,0,0,0,0,0,0,0,0,0
14014,1823,0,0,0,0,0,0,0,0,0
14015,1823,0,0,0,0,0,0,0,0,0
14016,1823,1,0,0,0,0,0,0,0,0
14017,1823,0,0,0,0,0,0,0,0,0
14018,1823,0,0,0,0,0,0,0,0,0
14019,1823,0,0,0,0,0,0,0,0,0
14020,1823,0,0,0,0,0,0,0,0,0
14021,1823,0,0,0,0,0,0,0,0,0
14022,1823,0,0,0,0,0,0,0,0,0
14023,1823,0,0,0,0,0,0,0,0,0
14024,1823,0,0,0,0,0,0,0,0,0
14025,1823,0,0,1,0,0,0,0,0,0
14026,1823,0,0,0,0,0,0,0,0,0
14027,1823,0,0,0,0,0,0,0,0,0
14028,1823,0,0,0,0,0,0,0,0,0
14029,1823,0,0,0,0,0,0,0,0,0
14030,1823,0,0,0,0,0,0,0,0,0
14031,1823,0,0,0,0,0,0,0,0,0
14032,1823,0,0,0,0,0,0,0,0,0
14033,1823,0,0,0,0,0,0,0,0,0
14034,1823,0,0,0,0,0,0,0,0,0
14035,1823,0,0,0,0,0,0,1,0,0
14036,1823,0,0,0,0,0,0,0,0,0
14037,1823,0,0,0,0,0,0,0,0,0
14038,1823,0,0,0,0,0,0,0,0,0
14039,1823,0,0,0,1,0,0,0,0,0
14040,1823,0,0,0,0,0,0,0,0,0
14041,1823,0,0,0,0,0,0,0,0,0
14042,1823,0,0,0,0,0,0,0,0,0
14043,1823,0,0,0,0,0,0,0,0,0
14044,1823,0,0,0,0,0,1,0,0,0
14045,1823,0,0,0,0,0,0,0,0,0
14046,1823,0,0,0,0,0,0,0,0,0
14047,1823,0,0,0,0,0,0,0,0,0
14048,1823,0,0,0,0,0,0,0,0,0
14049,1823,1,0,1,0,0,0,1,0,0
14050,1823,0,0,0,0,0,0,0,0,0
14051,1823,0,0,0,0,0,0,0,0,0
14052,1823,0,0,0,0,0,0,0,0,0
14053,1823,0,0,0,0,0,0,0,0,0
14054,1823,0,0,0,0,0,0,0,0,0
14055,1823,0,0,0,0,0,0,0,0,0
14056,1823,0,0,0,1,0,0,0,0,0
14057,1823,0,0,0,0,0,0,0,0,0
14058,1823,0,0,0,0,0,0,0,0,0
14059,1823,0,0,0,0,0,0,0,0,0
14060,1823,0,0,0,0,0,0,0,0,0
14061,1823,0,0,0,0,0,0,0,0,0
14062,1823,0,0,0,0,0,0,0,0,0
14063,1823,0,0,0,0,0,0,0,0,0
14064,1823,0,0,0,0,0,0,0,0,0
14065,1823,0,0,0,0,0,0,0,0,0
14066,1823,0,0,0,0,0,0,0,0,0
14067,1823,0,0,0,0,0,0,0,0,0
14068,1823,0,0,0,0,0,1,1,0,0
14069,1823,0,0,0,0,0,0,0,0,0
14070,1823,0,0,0,0,0,0,0,0,0
14071,1823,0,0,0,0,0,0,0,0,0
14072,1823,0,0,0,0,0,0,0,0,0
14073,1823,0,0,0,0,0,0,0,0,0
14074,1823,0,0,0,0,0,0,0,0,0
14075,1823,0,0,0,0,0,0,0,0,0
14076,1823,0,0,0,0,0,0,0,0,0
14077,1823,0,0,0,0,0,0,0,0,0
14078,1823,0,0,0,0,0,0,0,0,0
14079,1823,0,0,0,0,0,0,0,0,1
14080,1823,0,0,0,0,0,0,0,0,0
14081,1823,0,0,0,0,0,0,0,0,0
14082,1823,0,0,0,0,0,0,0,0,0
14083,1823,0,0,0,0,0,0,0,0,0
14084,1823,0,0,0,0,0,0,0,0,0
14085,1823,0,0,0,1,0,0,0,0,0
14086,1823,0,0,0,1,0,0,0,0,0
14087,1823,0,0,0,0,0,0,0,0,0
14088,1823,0,0,0,0,0,0,0,0,0
14089,1823,0,0,0,0,0,0,0,0,0
14090,1823,0,0,0,0,0,0,0,0,0
14091,1823,0,0,0,0,0,0,0,0,0
14092,1823,0,0,0,0,0,0,0,0,0
14093,1823,0,0,0,0,0,0,0,0,0
14094,1823,0,0,0,0,0,0,0,0,0
14095,1823,0,0,0,0,0,0,0,0,0
14096,1823,0,0,0,0,0,0,0,0,0
14097,1823,0,0,0,0,0,0,0,0,0
14098,1823,0,0,0,0,0,0,0,0,0
14099,1823,0,0,0,0,0,0,0,0,0
14100,1823,0,0,0,0,0,0,0,0,0
14101,1823,0,0,0,0,0,0,0,0,0
14102,1823,0,0,0,0,0,0,0,0,0
14103,1823,0,0,0,0,0,0,0,0,0
14104,1823,0,0,0,0,0,0,0,0,0
14105,1823,0,0,0,0,0,0,0,0,0
14106,1823,0,0,0,0,0,0,0,0,0
14107,1823,0,0,0,0,0,0,0,0,0
14108,1823,0,0,0,0,0,0,0,0,0
14109,1823,0,0,0,0,0,0,0,0,0
14110,1823,0,0,0,0,0,1,0,0,0
14111,1823,0,0,0,0,0,0,0,0,0
14112,1823,0,0,0,0,0,0,0,0,0
14113,1823,0,0,0,0,0,0,0,0,0
14114,1823,0,0,0,0,0,0,0,0,0
14115,1823,0,0,0,0,0,0,0,0,0
14116,1823,0,0,0,0,0,0,0,0,0
14117,1823,0,0,0,0,0,0,0,0,0
14118,1823,0,0,0,0,0,0,0,0,0
14119,1823,0,0,0,0,0,0,0,0,0
14120,1823,0,0,0,0,0,0,0,0,0
14121,1823,0,0,0,0,0,0,0,0,0
14122,1823,0,0,0,0,0,0,0,0,0
14123,1823,0,0,0,0,0,0,0,0,0
14124,1823,0,0,0,0,0,0,0,0,0
14125,1823,0,0,0,0,0,0,0,0,0
14126,1823,0,0,0,0,0,0,0,0,0
14127,1823,0,0,0,0,0,0,0,0,0
14128,1823,0,0,0,0,0,0,0,0,0
14129,1823,0,0,0,0,0,0,0,0,0
14130,1823,0,0,0,0,0,0,0,0,0
14131,1823,0,0,0,0,0,0,0,0,0
14132,1823,0,0,0,0,0,0,0,0,0
14133,1823,0,0,0,0,0,0,0,0,0
14134,1823,0,0,0,0,0,0,0,0,0
14135,1823,0,0,0,0,0,0,0,0,0
14136,1823,0,0,0,0,0,0,0,0,0
14137,1823,0,0,0,0,0,0,0,0,0
14138,1823,0,0,0,0,0,0,0,0,0
14139,1823,0,0,0,0,0,0,0,0,0
14140,1823,0,0,0,0,0,0,0,0,0
14141,1823,0,0,0,0,0,0,0,0,0
14142,1823,0,0,0,0,0,0,0,0,0
14143,1823,0,0,0,0,0,0,0,0,0
14144,1823,0,0,0,0,0,0,1,0,0
14145,1823,0,0,1,0,0,0,0,0,0
14146,1823,0,0,0,0,0,1,0,0,0
14147,1823,0,0,0,0,0,0,0,0,0
14148,1823,0,0,0,0,0,0,0,0,0
14149,1823,0,0,0,0,0,0,1,0,0
14150,1823,0,0,0,1,0,0,0,0,0
14151,1823,0,0,0,0,0,0,0,0,0
14152,1823,0,0,0,0,0,0,0,0,0
14153,1823,0,0,0,0,0,0,0,0,0
14154,1823,0,0,0,0,0,0,0,0,0
14155,1823,0,0,0,0,0,0,0,0,0
14156,1823,0,0,0,0,0,0,0,0,0
14157,1823,0,0,0,0,0,0,0,0,0
14158,1823,0,0,1,0,0,0,0,0,0
14159,1823,0,0,0,0,0,0,0,0,0
14160,1823,0,0,0,0,0,0,0,0,0
14161,1823,0,0,0,0,0,0,1,0,0
14162,1823,0,0,0,0,0,0,0,0,0
14163,1823,0,0,0,0,0,0,0,0,0
14164,1823,0,0,0,0,0,0,0,0,0
14165,1823,0,0,0,0,0,1,0,0,0
14166,1823,0,0,0,0,0,0,0,0,0
14167,1823,0,0,0,0,0,0,0,0,0
14168,1823,0,0,0,0,0,0,0,0,0
14169,1823,0,0,0,0,0,0,0,0,0
14170,1823,0,0,0,0,0,0,0,0,0
14171,1823,0,0,0,0,0,0,0,0,0
14172,1823,0,0,0,0,0,0,0,0,0
14173,1823,0,0,0,0,0,0,0,0,0
14174,1823,0,0,0,0,0,0,0,0,0
14175,1823,0,0,0,0,0,0,0,0,0
14176,1823,0,0,0,0,0,0,0,0,0
14177,1823,0,0,0,0,0,0,0,0,0
14178,1823,0,0,0,0,0,0,0,0,0
14179,1823,0,0,0,0,0,0,0,0,0
14180,1823,0,0,0,0,0,0,0,0,0
14181,1823,0,0,0,0,0,0,0,0,0
14182,1823,0,0,0,0,0,0,0,0,0
14183,1823,0,0,0,0,0,0,0,0,0
14184,1823,0,0,0,0,0,0,0,0,0
14185,1823,0,0,0,0,0,0,0,0,0
14186,1823,0,0,0,0,0,0,0,0,0
14187,1823,0,0,0,0,0,0,0,0,0
14188,1823,0,0,0,0,0,0,0,0,0
14189,1823,0,0,0,0,0,0,0,0,0
14190,1823,0,0,0,0,0,0,0,0,0
14191,1823,0,0,0,0,0,0,0,0,0
14192,1823,0,0,0,0,0,0,0,0,0
14193,1823,0,0,0,0,0,0,0,0,0
14194,1823,0,0,0,0,0,0,0,0,0
14195,1823,0,0,0,0,0,0,0,0,0
14196,1823,0,0,0,0,0,0,0,0,0
14197,1823,0,0,0,0,0,0,0,0,0
14198,1823,0,0,0,0,0,0,0,0,0
14199,1823,0,0,0,0,0,0,0,0,0
14200,1823,0,0,0,0,0,0,0,0,0
14201,1823,0,0,0,0,0,0,1,0,0
14202,1823,0,0,0,0,0,0,0,0,0
14203,1823,0,0,0,0,0,0,0,0,0
14204,1823,0,0,0,0,0,0,0,0,0
14205,1823,0,0,0,0,0,0,0,0,0
14206,1823,0,0,0,0,0,0,0,0,0
14207,1823,0,0,0,0,0,0,0,0,0
14208,1823,0,0,0,0,0,0,0,0,0
14209,1823,0,0,0,0,0,0,0,0,0
14210,1823,0,0,0,0,0,0,0,0,0
14211,1823,0,0,0,1,0,0,0,0,0
14212,1823,0,0,0,0,0,0,0,0,0
14213,1823,0,0,0,0,0,0,0,0,0
14214,1823,0,0,0,0,0,0,0,0,0
14215,1823,0,0,0,0,0,0,0,0,0
14216,1823,0,0,0,0,0,0,0,0,0
14217,1823,0,0,0,0,0,0,0,0,0
14218,1823,0,0,0,0,0,0,0,0,0
14219,1823,0,0,0,0,0,0,0,0,0
14220,1823,0,0,0,0,0,0,0,0,0
14221,1823,0,0,0,0,0,0,0,0,0
14222,1823,0,0,0,0,0,0,0,0,0
14223,1823,0,0,0,0,0,0,0,0,0
14224,1823,0,0,0,0,0,0,0,0,0
14225,1823,0,0,0,0,0,0,0,0,0
14226,1823,0,0,0,0,0,0,1,0,0
14227,1823,0,0,0,0,0,0,0,0,0
14228,1823,0,0,0,0,0,0,0,0,0
14229,1823,0,0,0,0,0,0,0,0,0
14230,1823,0,0,0,0,0,0,0,0,0
14231,1823,0,0,1,0,0,0,0,0,0
14232,1823,0,0,0,0,0,0,0,0,0
14233,1823,0,0,0,0,0,0,0,0,0
14234,1823,0,0,0,0,0,0,0,0,0
14235,1823,0,0,0,0,0,0,0,0,0
14236,1823,0,0,0,0,0,0,0,0,0
14237,1823,0,0,0,0,0,0,0,0,0
14238,1823,0,0,0,0,0,0,0,0,0
14239,1823,0,0,0,0,0,0,0,0,0
14240,1823,0,0,0,0,0,0,0,0,0
14241,1823,0,0,0,0,0,0,0,0,0
14242,1823,0,0,0,0,0,0,0,0,0
14243,1823,0,0,0,0,0,0,0,0,0
14244,1823,0,0,0,0,0,0,0,0,0
14245,1823,0,0,0,0,0,0,0,0,0
14246,1823,0,0,0,0,0,0,0,0,0
14247,1823,0,0,0,0,0,0,1,0,0
14248,1823,0,0,0,0,0,0,0,0,0
14249,1823,0,0,0,0,0,0,0,0,0
14250,1823,0,0,0,0,0,0,0,0,0
14251,1823,0,0,0,0,0,0,0,0,0
14252,1823,0,0,0,0,0,0,0,0,0
14253,1823,0,0,0,0,0,0,0,0,0
14254,1823,0,0,0,0,0,0,0,0,0
14255,1823,0,0,0,0,0,0,0,0,0
14256,1823,0,0,0,0,0,0,0,0,0
14257,1823,0,0,0,0,0,0,0,0,0
14258,1823,0,0,0,0,0,0,0,0,0
14259,1823,0,0,0,0,0,0,0,0,0
14260,1823,0,0,0,0,0,0,0,0,0
14261,1823,0,0,0,1,0,0,0,0,0
14262,1823,0,0,0,0,0,0,0,0,0
14263,1823,0,0,0,0,0,0,0,0,0
14264,1823,0,0,0,0,0,0,0,0,0
14265,1823,0,0,0,0,0,0,0,0,0
14266,1823,0,0,0,0,0,0,0,0,0
14267,1823,0,0,0,0,0,0,0,0,0
14268,1823,0,0,0,0,0,0,0,0,0
14269,1823,0,0,0,0,0,0,0,0,0
14270,1823,0,0,0,0,0,0,0,0,0
14271,1823,0,0,0,0,0,0,0,0,0
14272,1823,0,0,0,0,0,0,0,0,0
14273,1823,0,0,0,0,0,0,0,0,0
14274,1823,0,0,0,0,0,0,0,0,0
14275,1823,0,0,0,0,0,0,0,0,0
14276,1823,0,0,0,0,0,0,0,0,0
14277,1823,0,0,0,0,0,0,0,0,0
14278,1823,0,0,1,0,0,0,0,0,0
14279,1823,0,0,0,0,0,0,0,0,0
14280,1823,0,0,0,0,0,0,0,0,0
14281,1823,0,0,0,0,0,0,0,0,0
14282,1823,0,0,0,0,0,0,0,0,0
14283,1823,0,0,0,0,0,0,0,0,0
14284,1823,0,0,0,0,0,0,0,0,0
14285,1823,0,0,0,0,0,0,0,0,0
14286,1823,0,0,0,0,0,0,0,0,0
14287,1823,0,0,0,0,0,0,0,0,0
14288,1823,0,0,0,0,0,0,0,0,0
14289,1823,0,0,0,0,0,0,0,0,0
14290,1823,0,0,0,0,0,0,0,0,0
14291,1823,0,0,0,0,0,0,0,0,0
14292,1823,0,0,0,0,0,0,0,0,0
14293,1823,0,0,0,0,0,0,0,0,0
14294,1823,0,0,0,0,0,0,0,0,0
14295,1823,0,0,0,0,0,0,0,0,0
14296,1823,0,0,0,0,0,0,0,0,0
14297,1823,0,0,0,0,0,0,0,0,0
14298,1823,0,0,0,0,0,0,0,0,0
14299,1823,0,0,0,0,0,0,0,0,0
14300,1823,0,0,0,1,0,0,0,0,0
14301,1823,0,0,0,0,0,0,1,0,0
14302,1823,0,0,0,0,0,0,0,0,0
14303,1823,0,0,0,0,0,0,0,0,0
14304,1823,0,0,0,0,0,0,0,0,0
14305,1823,0,0,0,0,0,0,0,0,0
14306,1823,0,0,0,0,0,0,0,0,0
14307,1823,0,0,0,0,0,0,0,0,0
14308,1823,0,0,0,0,0,0,0,0,0
14309,1823,0,0,0,0,0,0,0,0,0
14310,1823,0,0,0,0,0,0,0,0,0
14311,1823,0,0,0,0,0,0,0,0,0
14312,1823,0,0,0,0,0,0,0,0,0
14313,1823,0,0,0,0,0,0,0,0,0
14314,1823,0,0,0,0,0,0,0,0,0
14315,1823,0,0,0,0,0,0,0,0,0
14316,1823,0,0,0,0,0,0,0,0,0
14317,1823,0,0,0,0,0,0,0,0,0
14318,1823,0,0,0,0,0,0,0,0,0
14319,1823,0,0,0,0,0,0,0,0,0
14320,1823,0,0,0,0,0,0,0,0,0
14321,1823,0,0,0,0,0,0,0,0,0
14322,1823,0,0,0,0,0,0,0,0,0
14323,1823,0,0,0,0,0,0,0,0,0
14324,1823,0,0,0,0,0,0,0,0,0
14325,1823,0,0,0,0,0,0,0,0,0
14326,1823,0,0,0,0,0,0,0,0,0
14327,1823,0,0,0,0,0,0,0,0,0
14328,1823,0,0,0,0,0,0,0,0,0
14329,1823,0,0,0,0,0,0,0,0,0
14330,1823,0,0,0,0,0,0,0,0,0
14331,1823,0,0,0,0,0,0,0,0,0
14332,1823,0,0,0,0,0,0,0,0,0
14333,1823,0,0,0,0,0,0,0,0,0
14334,1823,0,0,0,0,0,0,0,0,0
14335,1823,0,0,0,0,0,0,0,0,0
14336,1823,0,0,0,0,0,0,0,0,0
14337,1823,0,0,0,0,0,0,0,0,0
14338,1823,0,0,0,0,0,0,1,0,0
14339,1823,0,0,0,0,0,0,0,0,0
14340,1823,0,0,0,0,0,0,0,0,0
14341,1823,0,0,0,0,0,0,0,0,0
14342,1823,0,0,0,0,0,0,0,0,0
14343,1823,0,0,0,0,0,0,0,0,0
14344,1823,0,0,0,0,0,0,0,0,0
14345,1823,0,0,0,0,0,0,0,0,0
14346,1823,0,0,0,0,0,0,0,0,0
14347,1823,0,0,0,0,0,0,0,0,0
14348,1823,0,0,0,0,0,0,1,0,0
14349,1823,0,0,0,0,0,0,0,0,0
14350,1823,0,0,0,0,0,0,0,0,0
14351,1823,0,0,0,0,0,0,0,0,0
14352,1823,0,0,0,0,0,0,0,0,0
14353,1823,0,0,0,0,0,0,0,0,0
14354,1823,0,0,0,0,0,0,0,0,0
14355,1823,0,0,0,0,0,0,0,0,0
14356,1823,0,0,0,0,0,0,0,0,0
14357,1823,0,0,0,0,0,0,0,0,0
14358,1823,0,0,0,1,0,0,0,0,0
14359,1823,0,0,0,0,0,0,0,0,0
14360,1823,0,0,0,0,0,0,0,0,0
14361,1823,0,0,0,0,0,0,0,0,0
14362,1823,0,0,0,0,0,0,0,0,0
14363,1823,0,0,0,0,0,0,0,0,0
14364,1823,0,0,0,0,0,0,0,0,0
14365,1823,0,0,0,0,0,0,0,0,0
14366,1823,0,0,0,0,0,0,0,0,0
14367,1823,0,0,0,0,0,0,0,0,0
14368,1823,0,0,0,0,0,0,0,0,0
14369,1823,0,0,0,0,0,0,0,0,0
14370,1823,0,0,0,0,0,0,0,0,0
14371,1823,0,0,0,1,0,0,0,0,0
14372,1823,0,0,1,0,0,0,0,0,0
14373,1823,0,0,0,0,0,0,0,0,0
14374,1823,0,0,0,0,0,0,0,0,0
14375,1823,0,0,0,0,0,0,0,0,0
14376,1823,0,0,0,0,0,0,0,0,0
14377,1823,0,0,0,0,0,0,0,0,0
14378,1823,0,0,0,0,0,0,0,0,0
14379,1823,0,0,0,0,0,0,0,0,0
14380,1823,0,0,0,0,0,0,0,0,0
14381,1823,0,0,0,0,0,0,0,0,0
14382,1823,0,0,0,0,0,0,0,0,0
14383,1823,0,0,0,0,0,0,0,0,0
14384,1823,0,0,0,0,0,0,0,0,0
14385,1823,0,0,0,0,0,0,0,0,0
14386,1823,0,0,0,0,0,0,0,0,0
14387,1823,0,0,0,0,0,0,0,0,0
14388,1823,0,0,0,0,0,0,0,0,0
14389,1823,0,0,0,0,0,0,0,0,0
14390,1823,0,0,0,0,0,0,0,0,0
14391,1823,0,0,0,0,0,0,0,0,0
14392,1823,0,0,0,0,0,0,0,0,0
14393,1823,0,0,0,0,0,0,0,0,0
14394,1823,0,0,0,0,0,0,0,0,0
14395,1823,0,0,0,0,0,0,0,0,0
14396,1823,0,0,0,0,0,0,0,0,0
14397,1823,0,0,0,0,0,0,0,0,0
14398,1823,0,0,0,0,0,0,0,0,0
14399,1823,0,0,0,0,0,0,0,0,0
14400,1823,0,0,1,0,0,0,0,0,0
14401,1823,0,0,0,0,0,0,0,0,0
14402,1823,0,0,0,0,0,0,0,0,0
14403,1823,0,0,0,0,0,0,0,0,0
14404,1823,0,0,0,0,0,0,0,0,0
14405,1823,0,0,0,0,0,0,0,0,0
14406,1823,0,0,0,0,0,0,1,0,0
14407,1823,0,0,0,0,0,0,0,0,0
14408,1823,0,0,0,0,0,0,0,0,0
14409,1823,0,0,0,0,0,0,0,0,0
14410,1823,0,0,0,0,0,0,0,0,0
14411,1823,0,0,0,0,0,0,0,0,0
14412,1823,0,0,0,0,0,0,0,0,0
14413,1823,0,0,0,0,0,0,0,0,0
14414,1823,0,0,1,0,0,0,0,0,0
14415,1823,0,0,0,0,0,0,0,0,0
14416,1823,0,0,0,0,0,0,0,0,0
14417,1823,0,0,0,0,0,0,0,0,0
14418,1823,0,0,0,0,0,0,0,0,0
14419,1823,0,0,0,0,0,0,1,0,0
14420,1823,0,0,0,0,0,0,0,0,0
14421,1823,0,0,0,0,0,0,0,0,0
14422,1823,0,0,0,0,0,0,0,0,0
14423,1823,0,0,0,0,0,0,0,0,0
14424,1823,0,0,0,0,0,0,0,0,0
14425,1823,0,0,0,0,0,0,0,0,0
14426,1823,0,0,0,0,0,0,0,0,0
14427,1823,0,0,0,0,0,0,0,0,0
14428,1823,0,0,0,0,0,0,0,0,0
14429,1823,0,0,0,0,0,0,0,0,0
14430,1823,0,0,0,0,0,0,0,0,0
14431,1823,0,0,0,0,0,0,0,0,0
14432,1823,0,0,0,0,0,0,0,0,0
14433,1823,0,0,0,0,0,0,0,0,0
14434,1823,0,0,0,0,0,0,0,0,0
14435,1823,0,0,0,0,0,0,0,0,0
14436,1823,0,0,0,0,0,0,0,0,0
14437,1823,0,0,0,0,0,0,0,0,0
14438,1823,0,0,0,0,0,0,0,0,0
14439,1823,0,0,0,0,0,0,0,0,0
14440,1823,0,0,0,0,0,0,0,0,0
14441,1823,0,0,0,0,0,0,0,0,0
14442,1823,0,0,0,0,0,0,0,0,0
14443,1823,0,0,0,0,0,0,0,0,0
14444,1823,0,0,0,0,0,0,1,0,0
14445,1823,0,0,0,0,0,0,0,0,0
14446,1823,0,0,0,0,0,0,0,0,0
14447,1823,0,0,0,0,0,0,0,0,0
14448,1823,0,0,0,0,0,0,0,0,0
14449,1823,0,0,0,0,0,0,0,0,0
14450,1823,0,0,0,0,0,0,0,0,0
14451,1823,0,0,0,1,0,0,0,0,0
14452,1823,0,0,0,0,0,0,0,0,0
14453,1823,0,0,0,1,0,0,0,0,0
14454,1823,0,0,0,1,0,0,0,0,0
14455,1823,0,0,0,0,0,0,0,0,0
14456,1823,0,0,0,0,0,0,0,0,0
14457,1823,0,0,0,0,0,0,0,0,0
14458,1823,0,0,0,0,0,0,0,0,0
14459,1823,0,0,0,0,0,0,0,0,0
14460,1823,0,0,0,0,0,0,0,0,0
14461,1823,0,0,0,0,0,0,0,0,0
14462,1823,0,0,0,0,0,0,0,0,0
14463,1823,0,0,0,0,0,0,0,0,0
14464,1823,0,0,0,0,0,0,0,0,0
14465,1823,0,0,0,0,0,0,0,0,0
14466,1823,0,0,0,0,0,0,0,0,0
14467,1823,0,0,0,0,0,0,0,0,0
14468,1823,0,0,1,0,0,0,0,0,0
14469,1823,0,0,0,1,0,0,0,0,0
14470,1823,0,0,0,0,0,0,0,0,0
14471,1823,0,0,0,0,0,0,0,0,0
14472,1823,0,0,0,0,0,0,0,0,0
14473,1823,0,0,0,0,0,0,0,0,0
14474,1823,0,0,0,0,0,0,0,0,0
14475,1823,0,0,1,0,0,0,0,0,0
14476,1823,0,0,0,0,0,0,0,0,0
14477,1823,0,0,0,1,0,0,0,0,0
14478,1823,0,0,0,0,0,0,0,0,0
14479,1823,0,0,0,0,0,0,0,0,0
14480,1823,0,0,0,0,0,0,0,0,0
14481,1823,0,0,0,0,0,0,0,0,0
14482,1823,0,0,0,0,0,0,0,0,0
14483,1823,0,0,0,1,0,0,0,0,0
14484,1823,0,0,0,0,0,0,0,0,0
14485,1823,0,0,0,0,0,0,0,0,0
14486,1823,0,0,0,0,0,0,0,0,0
14487,1823,0,0,0,0,0,0,0,0,0
14488,1823,0,0,0,0,0,0,0,0,1
14489,1823,0,0,0,0,0,0,0,0,0
14490,1823,0,0,0,0,0,0,0,0,0
14491,1823,0,0,0,0,0,0,0,0,0
14492,1823,0,0,0,0,0,0,0,0,0
14493,1823,0,0,0,0,0,0,0,0,0
14494,1823,0,0,1,0,0,0,0,0,0
14495,1823,0,0,0,0,0,0,0,0,0
14496,1823,0,0,0,0,0,0,0,0,0
14497,1823,0,0,0,0,0,0,0,0,0
14498,1823,0,0,0,0,0,0,0,0,0
14499,1823,0,0,0,0,0,0,0,0,0
14500,1823,0,0,0,0,0,0,0,0,0
14501,1823,0,0,0,0,0,0,0,0,0
14502,1823,0,0,0,0,0,0,0,0,0
14503,1823,0,0,0,0,0,0,0,0,0
14504,1823,0,0,0,0,0,0,0,0,0
14505,1823,0,0,0,0,0,0,0,0,0
14506,1823,0,0,0,0,0,0,0,0,0
14507,1823,0,0,0,0,0,0,0,0,0
14508,1823,0,0,0,0,0,0,0,0,0
14509,1823,0,0,0,0,0,0,0,0,0
14510,1823,0,0,0,0,0,0,0,0,0
14511,1823,0,0,0,0,0,0,0,0,0
14512,1823,0,0,0,0,0,0,0,0,0
14513,1823,0,0,0,0,0,0,0,0,0
14514,1823,1,0,0,0,0,0,0,0,0
14515,1823,0,0,0,0,0,0,0,0,0
14516,1823,0,0,0,0,0,0,0,0,0
14517,1823,0,0,0,0,0,0,0,0,0
14518,1823,0,0,0,0,0,0,0,0,0
14519,1823,0,0,0,0,0,0,0,0,0
14520,1823,0,0,0,0,0,0,0,0,0
14521,1823,0,0,0,0,0,0,0,0,0
14522,1823,0,0,0,0,0,0,0,0,0
14523,1823,0,0,0,0,0,0,0,0,0
14524,1823,0,0,0,0,0,0,0,0,0
14525,1823,0,0,0,0,0,0,0,0,0
14526,1823,0,0,0,0,0,0,0,0,0
14527,1823,0,0,0,0,0,0,0,0,0
14528,1823,0,0,0,0,0,0,0,0,0
14529,1823,0,0,0,0,0,0,0,0,0
14530,1823,0,0,0,0,0,0,0,0,0
14531,1823,0,0,0,0,0,0,0,0,0
14532,1823,0,0,0,0,0,0,0,0,0
14533,1823,0,0,0,0,0,0,0,0,0
14534,1823,0,0,0,0,0,0,0,0,0
14535,1823,0,0,0,0,0,0,0,0,0
14536,1823,0,0,0,0,0,0,0,0,0
14537,1823,0,0,0,0,0,0,0,0,0
14538,1823,0,0,0,0,0,0,0,0,0
14539,1823,0,0,0,0,0,0,0,0,0
14540,1823,0,0,0,0,0,0,0,0,0
14541,1823,0,0,0,0,0,0,0,0,0
14542,1823,0,0,0,0,0,0,0,0,0
14543,1823,0,0,0,0,0,0,0,0,0
14544,1823,0,0,0,0,0,0,0,0,0
14545,1823,0,0,0,0,0,0,0,0,0
14546,1823,0,0,0,0,0,0,0,0,0
14547,1823,0,0,0,1,0,0,0,0,0
14548,1823,0,0,0,0,0,0,0,0,0
14549,1823,0,0,0,0,0,0,0,0,0
14550,1823,0,0,0,0,0,0,0,0,0
14551,1823,0,0,0,0,0,0,0,0,0
14552,1823,0,0,0,0,0,0,0,0,0
14553,1823,0,0,0,0,0,0,0,0,0
14554,1823,0,0,0,0,0,0,0,0,0
14555,1823,0,0,0,0,0,0,0,0,0
14556,1823,0,0,0,0,0,0,0,0,0
14557,1823,0,0,0,0,0,0,0,0,0
14558,1823,0,0,0,0,0,0,0,0,0
14559,1823,0,0,0,0,0,0,0,0,0
14560,1823,0,0,0,0,0,0,0,0,0
14561,1823,0,0,0,0,0,1,0,0,0
14562,1823,0,0,0,0,0,0,0,0,0
14563,1823,0,0,0,0,0,0,0,0,0
14564,1823,0,0,0,0,0,0,0,0,0
14565,1823,0,0,0,0,0,0,0,0,0
14566,1823,0,0,0,0,0,0,0,0,0
14567,1823,0,0,0,0,0,0,0,0,0
14568,1823,0,0,0,0,0,0,0,0,0
14569,1823,0,0,0,0,0,0,0,0,0
14570,1823,0,0,0,0,0,0,0,0,0
14571,1823,0,0,0,0,0,0,0,0,0
14572,1823,0,0,0,0,0,0,0,0,0
14573,1823,0,0,0,0,0,0,0,0,0
14574,1823,0,0,0,0,0,0,0,0,0
14575,1823,0,0,0,1,0,0,0,0,0
14576,1823,0,0,0,0,0,0,0,0,0
14577,1823,0,0,0,0,0,0,0,0,0
14578,1823,0,0,0,0,0,0,0,0,0
14579,1823,0,0,0,0,0,0,0,0,0
14580,1823,0,0,0,0,0,0,0,0,0
14581,1823,0,0,0,0,0,0,0,0,0
14582,1823,0,0,0,0,0,0,0,0,0
14583,1823,0,0,0,0,0,0,0,0,0
14584,1823,0,0,0,0,0,0,0,0,0
14585,1823,0,0,0,0,0,0,0,0,0
14586,1823,0,0,0,0,0,0,0,0,0
14587,1823,0,0,0,0,0,0,0,0,0
14588,1823,0,0,0,0,0,0,0,0,0
14589,1823,0,0,0,0,0,0,0,0,0
14590,1823,0,0,0,0,0,0,1,0,0
14591,1823,0,0,0,0,0,0,0,0,0
14592,1823,0,0,0,0,0,0,0,0,0
14593,1823,0,0,0,0,0,0,0,0,0
14594,1823,0,0,0,0,0,0,0,0,0
14595,1823,0,0,0,0,0,0,0,0,0
14596,1823,0,0,0,0,0,0,0,0,0
14597,1823,0,0,0,0,0,0,0,0,0
14598,1823,0,0,0,0,0,0,0,0,0
14599,1823,0,0,0,0,0,0,0,0,0
14600,1823,0,0,0,0,0,0,0,0,0
14601,1823,0,0,0,0,0,0,0,0,0
14602,1823,0,0,0,0,0,0,0,0,0
14603,1823,0,0,0,0,0,0,0,0,0
14604,1823,0,0,0,0,0,0,0,0,0
14605,1823,0,0,0,0,0,0,0,0,0
14606,1823,0,0,0,0,0,0,0,0,0
14607,1823,0,0,0,0,0,0,0,0,0
14608,1823,1,0,0,0,0,0,0,0,0
14609,1823,0,0,0,0,0,0,0,0,0
14610,1823,0,0,0,0,0,0,0,0,0
14611,1823,0,0,0,0,0,0,0,0,0
14612,1823,0,0,1,0,0,0,0,0,0
14613,1823,0,0,0,0,0,0,0,0,0
14614,1823,0,0,0,0,0,0,0,0,0
14615,1823,0,0,0,0,0,0,0,0,0
14616,1823,0,0,0,0,0,0,0,0,0
14617,1823,0,0,0,0,0,0,0,0,0
14618,1823,0,0,0,0,0,0,0,0,0
14619,1823,0,0,0,0,0,0,0,0,0
14620,1823,0,0,0,0,0,0,0,0,0
14621,1823,0,0,0,1,0,0,0,0,0
14622,1823,0,0,0,0,0,0,0,0,0
14623,1823,0,0,0,0,0,0,0,0,0
14624,1823,0,0,0,0,0,0,0,0,0
14625,1823,0,0,0,0,0,0,0,0,0
14626,1823,0,0,0,0,0,0,0,0,0
14627,1823,0,0,0,0,0,0,0,0,0
14628,1823,0,0,0,0,0,0,0,0,0
14629,1823,0,0,0,0,0,0,0,0,0
14630,1823,0,0,0,0,0,0,0,0,0
14631,1823,0,0,0,0,0,0,0,0,0
14632,1823,0,0,0,0,0,1,0,0,0
14633,1823,0,0,0,0,0,0,0,0,0
14634,1823,0,0,0,0,0,0,0,0,0
14635,1823,0,0,0,0,0,0,0,0,0
14636,1823,0,0,0,0,0,0,0,0,1
14637,1823,0,0,0,0,0,0,0,0,0
14638,1823,0,0,0,0,0,0,0,0,0
14639,1823,0,0,0,0,0,0,0,0,0
14640,1823,0,0,0,0,0,0,0,0,0
14641,1823,0,0,0,0,0,0,0,0,0
14642,1823,0,0,0,0,0,0,0,0,0
14643,1823,0,0,0,0,0,0,0,0,0
14644,1823,0,0,0,0,0,0,0,0,0
14645,1823,0,0,0,1,0,0,0,0,0
14646,1823,0,0,0,0,0,0,0,0,0
14647,1823,0,0,0,0,0,0,0,0,0
14648,1823,0,0,0,0,0,0,0,0,0
14649,1823,0,0,0,0,0,0,0,0,0
14650,1823,1,0,0,0,0,0,0,0,0
14651,1823,0,0,0,0,0,0,0,0,0
14652,1823,0,0,0,0,0,0,0,0,0
14653,1823,0,0,0,0,0,0,0,0,0
14654,1823,0,0,0,0,0,0,0,0,0
14655,1823,0,0,0,0,0,0,0,0,0
14656,1823,0,0,0,0,0,0,0,0,0
14657,1823,0,0,0,0,0,0,1,0,0
14658,1823,0,0,0,0,0,0,0,0,0
14659,1823,0,0,0,0,0,0,0,0,0
14660,1823,0,0,0,0,0,0,0,0,0
14661,1823,0,0,0,0,0,0,0,0,0
14662,1823,0,0,0,0,0,0,0,0,0
14663,1823,0,0,0,0,0,0,0,0,0
14664,1823,0,0,0,0,0,0,0,0,0
14665,1823,0,0,0,0,0,0,0,0,0
14666,1823,0,0,0,0,0,0,0,0,0
14667,1823,0,0,0,0,0,0,0,0,0
14668,1823,0,0,0,0,0,0,0,0,0
14669,1823,0,0,0,0,0,0,0,0,0
14670,1823,0,0,0,0,0,0,0,0,0
14671,1823,0,0,0,0,0,0,0,0,0
14672,1823,0,0,0,0,0,0,0,0,0
14673,1823,0,0,0,0,0,0,0,0,0
14674,1823,0,0,0,0,0,0,0,0,0
14675,1823,0,0,0,0,0,0,0,0,0
14676,1823,0,0,0,0,0,0,0,0,0
14677,1823,0,0,0,0,0,0,0,0,0
14678,1823,0,0,0,0,0,0,0,0,0
14679,1823,0,0,0,0,0,0,0,0,0
14680,1823,0,0,0,0,0,0,0,0,0
14681,1823,0,0,0,0,0,0,0,0,0
14682,1823,0,0,0,0,0,0,0,0,0
14683,1823,0,0,0,0,0,0,0,0,0
14684,1823,0,0,0,0,0,0,0,0,0
14685,1823,0,0,0,0,0,0,0,0,0
14686,1823,0,0,0,0,0,0,0,0,0
14687,1823,0,0,0,0,0,0,0,0,0
14688,1823,0,0,0,0,0,0,0,0,0
14689,1823,0,0,0,0,0,0,0,0,0
14690,1823,0,0,0,1,0,0,0,0,0
14691,1823,0,0,0,0,0,0,0,0,0
14692,1823,0,0,0,0,0,0,1,0,0
14693,1823,0,0,0,0,0,0,0,0,0
14694,1823,0,0,0,0,0,0,0,0,0
14695,1823,0,0,0,0,0,0,0,0,0
14696,1823,0,0,0,0,0,0,0,0,0
14697,1823,0,0,0,0,0,0,0,0,0
14698,1823,0,0,0,0,0,0,0,0,0
14699,1823,0,0,0,0,0,0,0,0,0
14700,1823,0,0,0,0,0,0,1,0,0
14701,1823,0,0,0,0,0,0,0,0,0
14702,1823,0,0,0,0,0,0,0,0,0
14703,1823,0,0,0,0,0,0,0,0,0
14704,1823,0,0,0,0,0,0,0,0,0
14705,1823,0,0,0,0,0,0,0,0,0
14706,1823,0,0,0,0,0,0,0,0,0
14707,1823,0,0,0,0,0,0,0,0,0
14708,1823,0,0,0,0,0,0,0,0,0
14709,1823,0,0,0,0,0,0,0,0,0
14710,1823,0,0,0,0,0,0,0,0,0
14711,1823,0,0,0,0,0,0,0,0,0
14712,1823,0,0,0,0,0,0,0,0,0
14713,1823,0,0,0,0,0,0,0,0,0
14714,1823,1,0,0,0,0,0,0,0,0
14715,1823,0,0,0,0,0,0,0,0,0
14716,1823,0,0,0,0,0,0,0,0,0
14717,1823,0,0,0,0,0,0,0,0,0
14718,1823,0,0,0,0,0,0,0,0,0
14719,1823,0,0,0,0,0,0,0,0,0
14720,1823,0,0,0,0,0,0,0,0,0
14721,1823,0,0,0,0,0,0,0,0,0
14722,1823,0,0,0,0,0,0,0,0,0
14723,1823,0,0,0,0,0,0,0,0,0
14724,1823,0,0,0,0,0,0,0,0,0
14725,1823,0,0,0,0,0,0,0,0,0
14726,1823,0,0,0,0,0,0,0,0,0
14727,1823,0,0,0,0,0,0,0,0,0
14728,1823,0,0,0,0,0,0,0,0,0
14729,1823,0,0,0,0,0,0,0,0,0
14730,1823,0,0,0,0,0,0,0,0,0
14731,1823,0,0,0,0,0,0,0,0,0
14732,1823,0,0,0,0,0,0,0,0,0
14733,1823,0,0,0,0,0,0,0,0,0
14734,1823,0,0,0,0,0,0,0,0,0
14735,1823,0,0,0,0,0,0,0,0,0
14736,1823,0,0,0,0,0,0,0,0,0
14737,1823,1,0,0,0,0,0,0,0,0
14738,1823,0,0,0,0,0,0,0,0,0
14739,1823,0,0,0,0,0,0,0,0,0
14740,1823,0,0,0,0,0,0,0,0,0
14741,1823,0,0,0,0,0,0,0,0,0
14742,1823,0,0,0,0,0,0,0,0,0
14743,1823,0,0,0,0,0,0,0,0,0
14744,1823,0,0,0,0,0,0,0,0,0
14745,1823,0,0,0,0,0,0,0,0,0
14746,1823,0,0,0,0,0,0,0,0,0
14747,1823,0,0,0,0,0,0,0,0,0
14748,1823,0,0,0,0,0,0,0,0,0
14749,1823,0,0,0,0,0,0,0,0,0
14750,1823,0,0,0,0,0,0,0,0,1
14751,1823,0,0,0,0,0,0,0,0,0
14752,1823,0,0,0,0,0,0,0,0,0
14753,1823,0,0,0,0,0,0,0,0,0
14754,1823,0,0,0,0,0,0,0,0,0
14755,1823,0,0,0,0,0,0,0,0,0
14756,1823,0,0,0,0,0,0,0,0,0
14757,1823,0,0,0,0,0,0,0,0,0
14758,1823,0,0,0,0,0,0,0,0,0
14759,1823,0,0,0,0,0,0,0,0,0
14760,1823,0,0,0,0,0,0,0,0,0
14761,1823,0,0,0,0,0,0,0,0,0
14762,1823,0,0,0,0,0,0,0,0,0
14763,1823,0,0,0,0,0,0,0,0,0
14764,1823,0,1,0,0,0,0,0,0,0
14765,1823,0,0,0,0,0,0,0,0,0
14766,1823,0,0,0,0,0,0,0,0,0
14767,1823,0,0,0,0,0,0,0,0,0
14768,1823,0,0,0,0,0,0,0,0,0
14769,1823,0,0,0,0,0,0,0,0,0
14770,1823,0,0,0,0,0,0,0,0,0
14771,1823,0,0,0,0,0,0,0,0,0
14772,1823,0,0,0,0,0,0,0,0,0
14773,1823,0,0,0,0,0,0,0,0,0
14774,1823,0,0,0,0,0,0,0,0,0
14775,1823,0,0,0,0,0,0,1,0,0
14776,1823,0,0,0,0,0,0,0,0,0
14777,1823,0,0,0,0,0,0,0,0,0
14778,1823,0,0,0,0,0,0,0,0,0
14779,1823,0,0,0,0,0,0,0,0,0
14780,1823,0,0,0,0,0,0,0,0,0
14781,1823,0,0,0,0,0,0,0,0,0
14782,1823,0,0,0,0,0,0,0,0,0
14783,1823,0,0,0,0,0,0,0,0,0
14784,1823,0,0,0,0,0,0,0,0,0
14785,1823,0,0,0,0,0,0,0,0,0
14786,1823,0,0,0,0,0,0,0,0,0
14787,1823,0,0,0,0,0,0,0,0,0
14788,1823,0,0,0,0,0,0,0,0,0
14789,1823,0,0,0,0,0,0,0,0,0
14790,1823,0,0,0,0,0,0,0,0,0
14791,1823,0,0,0,0,0,0,0,0,0
14792,1823,0,0,0,0,0,0,0,0,0
14793,1823,0,0,0,0,0,0,0,0,0
14794,1823,0,0,0,0,0,0,0,0,0
14795,1823,0,0,0,0,0,0,0,0,0
14796,1823,0,0,0,0,0,0,0,0,0
14797,1823,0,0,0,0,0,0,0,0,0
14798,1823,0,0,0,0,0,0,0,0,0
14799,1823,0,0,0,0,0,0,0,0,0
14800,1823,0,0,0,0,0,0,0,0,0
14801,1823,0,0,0,0,0,0,0,0,0
14802,1823,0,0,0,0,0,0,0,0,0
14803,1823,0,0,0,0,0,0,0,0,0
14804,1823,0,0,0,0,0,0,0,0,0
14805,1823,0,0,0,0,0,0,0,0,0
14806,1823,0,0,0,0,0,0,0,0,0
14807,1823,0,0,0,0,0,0,0,0,0
14808,1823,0,0,0,0,0,0,0,0,0
14809,1823,0,0,0,0,0,0,0,0,0
14810,1823,0,0,0,0,0,0,0,0,0
14811,1823,0,0,0,0,0,0,0,0,0
14812,1823,0,0,0,0,0,1,0,0,0
14813,1823,0,0,0,0,0,0,1,0,0
14814,1823,0,0,0,0,0,0,0,0,0
14815,1823,0,0,0,0,0,0,0,0,0
14816,1823,0,0,0,0,0,0,0,0,0
14817,1823,0,0,0,1,0,0,0,0,0
14818,1823,0,0,0,0,0,0,0,0,0
14819,1823,0,0,0,0,0,0,0,0,0
14820,1823,0,0,0,0,0,0,0,0,0
14821,1823,0,0,0,0,0,0,0,0,0
14822,1823,0,0,0,0,0,0,0,0,0
14823,1823,0,0,0,0,0,0,0,0,0
14824,1823,0,0,0,0,0,0,0,0,0
14825,1823,0,0,0,0,0,0,0,0,0
14826,1823,0,0,0,0,0,0,0,0,0
14827,1823,0,0,0,1,0,0,0,0,0
14828,1823,0,0,0,0,0,0,0,0,0
14829,1823,0,0,0,0,0,0,0,0,0
14830,1823,0,0,0,0,0,0,0,0,0
14831,1823,0,0,0,0,0,0,0,0,0
14832,1823,0,0,0,0,0,0,0,0,0
14833,1823,0,0,0,0,0,0,0,0,0
14834,1823,0,0,0,0,0,0,0,0,0
14835,1823,0,0,0,0,0,0,0,0,0
14836,1823,0,0,0,0,0,0,0,0,0
14837,1823,0,0,0,0,0,0,0,0,0
14838,1823,0,0,0,0,0,0,0,0,0
14839,1823,0,0,0,0,0,0,0,0,0
14840,1823,0,0,0,0,0,0,0,0,0
14841,1823,0,0,0,0,0,0,0,0,0
14842,1823,0,0,1,0,0,0,0,0,0
14843,1823,0,0,0,0,0,0,0,0,0
14844,1823,0,0,0,0,0,0,0,0,0
14845,1823,0,0,0,0,0,0,0,0,0
14846,1823,0,0,0,0,0,0,0,0,0
14847,1823,0,0,0,1,0,0,0,0,0
14848,1823,0,0,0,0,0,0,0,0,0
14849,1823,0,0,0,0,0,0,0,0,0
14850,1823,0,0,0,0,0,0,0,0,0
14851,1823,1,0,0,0,0,0,0,0,0
14852,1823,0,0,0,0,0,0,0,0,0
14853,1823,0,0,0,0,0,0,0,0,0
14854,1823,0,0,0,0,0,0,0,0,0
14855,1823,0,0,0,0,0,0,0,0,0
14856,1823,0,0,0,0,0,0,0,0,0
14857,1823,0,0,0,0,0,0,0,0,0
14858,1823,0,0,0,0,0,0,0,0,0
14859,1823,0,0,0,0,0,0,0,0,0
14860,1823,0,0,0,0,0,0,0,0,0
14861,1823,0,0,0,0,0,0,0,0,0
14862,1823,0,0,0,0,0,0,0,0,0
14863,1823,0,0,0,0,0,0,0,0,0
14864,1823,0,0,0,0,0,0,0,0,0
14865,1823,0,0,0,0,0,0,0,0,0
14866,1823,0,0,0,0,0,0,0,0,0
14867,1823,0,0,0,0,0,0,0,0,0
14868,1823,0,0,0,0,0,0,0,0,0
14869,1823,0,0,0,0,0,0,0,0,0
14870,1823,0,0,0,0,0,0,0,0,0
14871,1823,0,0,0,0,0,0,0,0,0
14872,1823,0,0,0,0,0,0,0,0,0
14873,1823,0,0,0,0,0,0,0,0,0
14874,1823,0,0,0,0,0,0,0,0,0
14875,1823,0,0,0,0,0,0,0,0,0
14876,1823,0,0,0,0,0,0,0,0,0
14877,1823,0,0,0,0,0,0,0,0,0
14878,1823,0,0,0,0,0,0,0,0,0
14879,1823,0,0,0,0,0,0,0,0,0
14880,1823,0,0,0,0,0,0,0,0,0
14881,1823,0,0,0,0,0,0,0,0,0
14882,1823,0,0,0,0,0,0,0,0,0
14883,1823,0,0,0,0,0,0,0,0,0
14884,1823,0,0,0,0,0,0,0,0,0
14885,1823,0,0,0,0,0,0,0,0,0
14886,1823,0,0,0,0,0,0,0,0,0
14887,1823,0,0,0,0,0,0,0,0,0
14888,1823,0,0,0,0,0,0,0,0,0
14889,1823,0,0,0,0,0,0,0,0,0
14890,1823,0,0,0,0,0,0,0,0,0
14891,1823,0,0,0,0,0,0,0,0,0
14892,1823,0,0,0,0,0,0,1,0,0
14893,1823,0,0,0,0,0,0,0,0,0
14894,1823,0,0,0,1,0,0,0,0,0
14895,1823,0,0,0,0,0,0,0,0,0
14896,1823,0,0,0,0,0,0,0,0,0
14897,1823,0,0,0,0,0,0,0,0,0
14898,1823,0,0,0,0,0,0,0,0,0
14899,1823,0,0,0,0,0,0,0,0,0
14900,1823,0,0,0,0,0,0,0,0,0
14901,1823,0,0,0,0,0,0,0,0,0
14902,1823,0,0,0,0,0,0,0,0,0
14903,1823,0,0,0,0,0,0,0,0,0
14904,1823,0,0,0,0,0,0,0,0,0
14905,1823,0,0,0,0,0,0,0,0,0
14906,1823,0,0,0,0,0,0,0,0,0
14907,1823,0,0,0,0,0,0,0,0,0
14908,1823,0,0,0,0,0,0,0,0,0
14909,1823,0,0,0,0,0,0,0,0,0
14910,1823,0,0,0,0,0,0,0,0,0
14911,1823,0,0,0,0,0,0,0,0,0
14912,1823,0,0,0,0,0,0,0,0,0
14913,1823,0,0,0,0,0,0,0,0,0
14914,1823,0,0,0,0,0,0,0,0,0
14915,1823,0,0,0,0,0,0,0,0,0
14916,1823,0,0,0,0,0,0,0,0,0
14917,1823,0,0,0,0,0,0,0,0,0
14918,1823,0,0,0,0,0,0,0,0,0
14919,1823,0,0,0,0,0,0,0,0,0
14920,1823,0,0,0,0,0,0,0,0,0
14921,1823,0,0,0,0,0,0,0,0,0
14922,1823,0,0,0,0,0,0,0,0,0
14923,1823,0,0,0,0,0,0,0,0,0
14924,1823,0,0,0,0,0,0,0,0,0
14925,1823,0,0,0,0,0,0,0,0,0
14926,1823,0,0,0,0,0,0,0,0,0
14927,1823,0,0,0,0,0,0,0,0,0
14928,1823,0,0,0,0,0,0,0,0,0
14929,1823,0,0,0,0,0,0,0,0,0
14930,1823,0,0,0,0,0,0,0,0,0
14931,1823,0,0,0,0,0,0,0,0,0
14932,1823,0,0,0,0,0,0,0,0,0
14933,1823,0,0,0,0,0,0,0,0,0
14934,1823,0,0,0,0,0,0,0,0,0
14935,1823,0,0,0,0,0,0,0,0,0
14936,1823,0,0,0,0,0,0,0,0,0
14937,1823,0,0,0,0,0,0,0,0,0
14938,1823,0,0,0,0,0,0,0,0,0
14939,1823,0,0,0,0,0,0,0,0,0
14940,1823,0,0,0,0,0,0,0,0,0
14941,1823,0,0,0,0,0,0,0,0,0
14942,1823,0,0,0,1,0,0,0,0,0
14943,1823,0,0,0,0,0,0,0,0,0
14944,1823,0,0,0,0,0,0,0,0,0
14945,1823,0,0,0,0,0,0,0,0,0
14946,1823,0,0,0,0,0,0,0,0,0
14947,1823,0,0,0,0,0,0,0,0,0
14948,1823,0,0,0,0,0,0,0,0,0
14949,1823,0,0,0,0,0,0,0,0,0
14950,1823,0,0,0,0,0,0,0,0,0
14951,1823,0,0,0,0,0,0,0,0,0
14952,1823,0,0,0,0,0,0,0,0,0
14953,1823,0,0,0,0,0,0,0,0,0
14954,1823,0,0,0,0,0,0,0,0,0
14955,1823,0,0,0,0,0,0,0,0,0
14956,1823,0,0,0,0,0,0,1,0,0
14957,1823,0,0,0,0,0,0,0,0,0
14958,1823,0,0,0,0,0,0,0,0,0
14959,1823,0,0,0,0,0,0,0,0,0
14960,1823,0,0,0,0,0,0,0,0,0
14961,1823,0,0,0,0,0,0,0,0,0
14962,1823,0,0,0,0,0,0,0,0,0
14963,1823,0,0,0,0,0,0,0,0,0
14964,1823,0,0,0,0,0,0,0,0,0
14965,1823,0,0,0,0,0,0,0,0,0
14966,1823,0,0,0,0,0,0,0,0,0
14967,1823,0,0,0,0,0,0,0,0,0
14968,1823,0,0,0,0,0,0,0,0,0
14969,1823,0,0,0,0,0,0,0,0,0
14970,1823,0,0,0,0,0,0,0,0,0
14971,1823,0,0,0,0,0,0,0,0,0
14972,1823,0,0,0,0,0,0,0,0,0
14973,1823,0,0,0,0,0,0,0,0,0
14974,1823,0,0,0,0,0,0,0,0,0
14975,1823,0,0,0,0,0,0,0,0,0
14976,1823,0,0,0,0,0,0,0,0,0
14977,1823,0,0,0,0,0,0,0,0,0
14978,1823,0,0,0,1,0,0,0,0,0
14979,1823,0,0,0,0,0,0,0,0,0
14980,1823,0,0,0,0,0,0,0,0,0
14981,1823,0,0,0,0,0,0,0,0,0
14982,1823,0,0,0,0,0,0,0,0,0
14983,1823,0,0,0,0,0,0,0,0,0
14984,1823,0,0,0,0,0,0,0,0,0
14985,1823,0,0,0,1,0,0,0,0,0
14986,1823,0,0,0,0,0,0,0,0,0
14987,1823,0,0,0,0,0,0,0,0,0
14988,1823,0,0,0,0,0,0,0,0,0
14989,1823,0,0,0,0,0,0,0,0,0
14990,1823,0,0,0,0,0,0,0,0,0
14991,1823,0,0,0,0,0,0,0,0,0
14992,1823,0,0,0,0,0,0,0,0,0
14993,1823,0,0,0,0,0,0,0,0,0
14994,1823,0,0,0,0,0,0,0,0,0
14995,1823,0,0,0,0,0,0,0,0,0
14996,1823,0,0,0,0,0,0,1,0,0
14997,1823,0,0,0,0,0,0,0,0,0
14998,1823,0,0,0,0,0,0,0,0,0
14999,1823,0,0,0,0,0,0,0,0,0
15000,1823,0,0,0,0,0,0,0,0,0
15001,1823,0,0,0,0,0,0,0,0,0
15002,1823,0,0,0,0,0,0,0,0,0
15003,1823,0,0,0,0,0,0,0,0,0
15004,1823,0,0,0,0,0,0,0,0,0
15005,1823,0,0,1,0,0,0,0,0,0
15006,1823,0,0,0,0,0,0,0,0,0
15007,1823,0,0,0,0,0,0,0,0,0
15008,1823,0,0,0,0,0,0,0,0,0
15009,1823,0,0,1,0,0,0,0,0,0
15010,1823,0,0,0,0,0,0,0,0,0
15011,1823,0,0,0,0,0,0,0,0,0
15012,1823,0,0,0,0,0,0,0,0,0
15013,1823,0,0,0,0,0,0,1,0,0
15014,1823,0,0,0,0,0,0,0,0,0
15015,1823,0,0,0,0,0,0,0,0,0
15016,1823,0,0,0,0,0,0,0,0,0
15017,1823,0,0,0,0,0,0,0,0,0
15018,1823,0,0,0,0,0,0,0,0,0
15019,1823,0,0,0,0,0,0,0,0,0
15020,1823,0,0,0,0,0,0,0,0,0
15021,1823,0,0,0,0,0,0,0,0,0
15022,1823,0,0,0,0,0,0,0,0,0
15023,1823,0,0,0,0,0,0,0,0,0
15024,1823,0,0,0,0,0,0,0,0,0
15025,1823,0,0,0,0,0,0,0,0,0
15026,1823,0,0,0,0,0,0,0,0,0
15027,1823,0,0,0,0,0,0,0,0,0
15028,1823,0,0,0,0,0,0,0,0,0
15029,1823,0,0,0,0,0,0,0,0,0
15030,1823,0,0,0,0,0,0,0,0,0
15031,1823,0,0,0,0,0,0,0,0,0
15032,1823,0,0,0,0,0,0,0,0,0
15033,1823,0,0,0,0,0,0,0,0,0
15034,1823,0,0,0,0,0,0,0,0,0
15035,1823,0,0,0,0,0,0,0,0,0
15036,1823,0,0,0,0,0,0,0,0,0
15037,1823,0,0,0,0,0,0,0,0,0
15038,1823,0,0,0,0,0,0,0,0,0
15039,1823,0,0,0,0,0,0,0,0,0
15040,1823,1,0,0,0,0,0,0,0,0
15041,1823,0,0,0,0,0,0,0,0,0
15042,1823,0,0,0,0,0,0,0,0,0
15043,1823,0,0,0,0,0,0,0,0,0
15044,1823,0,0,0,0,0,0,0,0,0
15045,1823,1,0,0,0,0,0,0,0,0
15046,1823,0,0,0,0,0,0,0,0,0
15047,1823,0,0,0,0,0,0,0,0,0
15048,1823,0,0,0,0,0,0,0,0,0
15049,1823,0,0,0,0,0,0,0,0,0
15050,1823,0,0,0,0,0,0,0,0,0
15051,1823,0,0,0,0,0,0,0,0,0
15052,1823,0,0,0,1,0,0,0,0,0
15053,1823,0,0,0,0,0,0,0,0,0
15054,1823,0,0,0,0,0,0,0,0,0
15055,1823,0,0,0,0,0,0,0,0,0
15056,1823,0,0,0,0,0,0,0,0,0
15057,1823,0,0,0,0,0,0,0,0,0
15058,1823,0,0,0,0,0,0,0,0,0
15059,1823,0,0,0,0,0,0,0,0,0
15060,1823,0,0,0,0,0,0,0,0,0
15061,1823,0,0,0,0,0,0,0,0,0
15062,1823,0,0,0,0,0,0,0,0,0
15063,1823,0,0,0,0,0,0,0,0,0
15064,1823,0,0,0,0,0,0,0,0,1
15065,1823,0,0,0,0,0,0,0,0,0
15066,1823,0,0,0,0,0,0,0,0,0
15067,1823,0,0,0,0,0,0,0,0,0
15068,1823,0,0,0,0,0,0,0,0,0
15069,1823,0,0,0,0,0,0,0,0,0
15070,1823,0,0,0,0,0,0,0,0,0
15071,1823,0,0,0,0,0,0,0,0,0
15072,1823,0,0,0,0,0,0,0,0,0
15073,1823,0,0,0,0,0,0,0,0,0
15074,1823,0,0,0,0,0,0,0,0,0
15075,1823,0,0,0,0,0,0,0,0,0
15076,1823,0,0,0,0,0,0,0,0,0
15077,1823,0,0,0,0,0,0,0,0,0
15078,1823,0,0,0,0,0,0,0,0,0
15079,1823,0,0,0,0,0,1,0,0,0
15080,1823,0,0,1,0,0,0,0,0,0
15081,1823,0,0,0,0,0,0,0,0,0
15082,1823,0,0,0,0,0,0,0,0,0
15083,1823,0,0,0,0,0,0,0,0,0
15084,1823,0,0,0,0,0,0,0,0,0
15085,1823,0,0,0,0,0,0,0,0,0
15086,1823,0,0,0,0,0,0,0,0,0
15087,1823,0,0,0,0,0,0,0,0,0
15088,1823,0,0,0,0,0,0,0,0,0
15089,1823,0,0,0,0,0,0,0,0,0
15090,1823,0,0,0,0,0,0,0,0,0
15091,1823,0,0,0,0,0,0,0,0,0
15092,1823,0,0,0,0,0,0,0,0,0
15093,1823,0,0,0,0,0,0,0,0,0
15094,1823,0,0,0,0,0,0,0,0,0
15095,1823,0,0,0,0,0,0,0,0,0
15096,1823,0,0,0,0,0,0,0,0,0
15097,1823,0,0,0,0,0,0,0,0,0
15098,1823,0,0,0,0,0,0,0,0,0
15099,1823,0,0,0,0,0,0,0,0,0
15100,1823,0,0,0,0,0,0,0,0,0
15101,1823,0,0,0,0,0,0,0,0,0
15102,1823,0,0,0,0,0,0,0,0,0
15103,1823,0,0,0,0,0,0,0,0,0
15104,1823,0,0,0,0,0,0,0,0,0
15105,1823,0,0,0,0,0,0,0,0,0
15106,1823,0,0,0,0,0,0,0,0,0
15107,1823,0,0,0,0,0,0,0,0,0
15108,1823,0,0,0,0,0,0,0,0,0
15109,1823,0,0,0,0,0,0,0,0,0
15110,1823,0,0,0,0,0,1,0,0,0
15111,1823,0,0,0,0,0,0,0,0,0
15112,1823,0,0,0,0,0,0,0,0,0
15113,1823,0,0,0,0,0,0,0,0,0
15114,1823,0,0,0,0,0,0,0,0,0
15115,1823,0,0,0,0,0,0,0,0,0
15116,1823,0,0,0,0,0,0,0,0,0
15117,1823,0,0,0,0,0,0,0,0,0
15118,1823,0,0,0,0,0,0,0,0,0
15119,1823,0,0,0,0,0,0,0,0,0
15120,1823,0,0,0,0,0,0,0,0,0
15121,1823,0,0,0,0,0,0,0,0,0
15122,1823,0,0,0,0,0,0,0,0,0
15123,1823,0,0,0,0,0,0,0,0,0
15124,1823,0,0,0,0,0,0,0,0,0
15125,1823,0,0,0,0,0,0,0,0,0
15126,1823,0,0,0,0,0,0,0,0,0
15127,1823,0,0,0,0,0,0,0,0,0
15128,1823,0,0,0,0,0,0,0,0,0
15129,1823,0,0,0,0,0,0,0,0,0
15130,1823,0,0,0,0,0,0,0,0,0
15131,1823,0,0,0,0,0,0,0,0,0
15132,1823,0,0,0,0,0,0,0,0,0
15133,1823,0,0,0,0,0,0,0,0,0
15134,1823,0,0,0,0,0,0,0,0,0
15135,1823,0,0,0,0,0,0,0,0,0
15136,1823,0,0,0,0,0,0,0,0,0
15137,1823,0,0,0,0,0,0,0,0,0
15138,1823,0,0,0,1,0,0,0,0,0
15139,1823,0,0,0,0,0,0,0,0,0
15140,1823,0,0,0,0,0,0,0,0,0
15141,1823,0,0,0,0,0,0,0,0,0
15142,1823,0,0,0,0,0,0,0,0,0
15143,1823,0,0,0,0,0,0,0,0,0
15144,1823,0,0,0,0,0,0,0,0,0
15145,1823,0,0,0,0,0,0,0,0,0
15146,1823,0,0,0,0,0,0,0,0,0
15147,1823,0,0,0,0,0,0,0,0,0
15148,1823,0,0,0,0,0,0,0,0,0
15149,1823,0,0,1,0,0,0,0,0,0
15150,1823,0,0,0,0,0,0,0,0,0
15151,1823,0,0,0,0,0,0,0,0,0
15152,1823,0,0,0,0,0,0,0,0,0
15153,1823,0,0,0,0,0,0,0,0,0
15154,1823,0,0,0,0,0,0,0,0,0
15155,1823,0,0,0,0,0,0,0,0,0
15156,1823,0,0,0,0,0,0,0,0,0
15157,1823,0,0,0,0,0,0,0,0,0
15158,1823,0,0,0,0,0,0,0,0,0
15159,1823,0,0,1,0,0,0,0,0,0
15160,1823,0,0,0,0,0,0,0,0,0
15161,1823,0,0,0,0,0,0,0,0,0
15162,1823,0,0,0,0,0,0,0,0,0
15163,1823,0,0,0,0,0,0,1,0,0
15164,1823,0,0,0,0,0,0,0,0,0
15165,1823,0,0,0,0,0,0,0,0,0
15166,1823,0,0,0,0,0,0,0,0,0
15167,1823,0,0,0,0,0,0,0,0,0
15168,1823,0,0,0,0,0,0,0,0,0
15169,1823,0,0,0,0,0,0,0,0,0
15170,1823,0,0,0,0,0,0,0,0,0
15171,1823,0,0,0,0,0,0,0,0,0
15172,1823,0,0,0,0,0,0,0,0,0
15173,1823,0,0,0,0,0,0,0,0,0
15174,1823,0,0,0,1,0,0,0,0,0
15175,1823,0,0,0,0,0,0,0,0,0
15176,1823,0,0,0,0,0,0,0,0,0
15177,1823,0,0,0,0,0,0,0,0,0
15178,1823,0,0,0,0,0,0,0,0,0
15179,1823,0,0,0,0,0,0,0,0,0
15180,1823,0,0,0,0,0,0,0,0,0
15181,1823,0,0,0,0,0,0,0,0,0
15182,1823,0,0,0,0,0,0,0,0,0
15183,1823,0,0,0,0,0,0,0,0,0
15184,1823,0,0,0,0,0,0,0,0,0
15185,1823,0,0,0,0,0,0,0,0,0
15186,1823,0,0,0,0,0,0,1,0,0
15187,1823,0,0,0,0,0,0,0,0,0
15188,1823,1,0,0,0,0,0,0,0,0
15189,1823,0,0,0,0,0,0,0,0,0
15190,1823,0,0,0,0,0,0,0,0,0
15191,1823,0,0,0,0,0,0,0,0,0
15192,1823,0,0,0,0,0,0,0,0,0
15193,1823,0,0,0,0,0,0,1,0,0
15194,1823,0,0,0,0,0,0,0,0,0
15195,1823,0,0,0,0,0,0,0,0,0
15196,1823,0,0,0,0,0,0,0,0,0
15197,1823,0,0,0,0,0,0,0,0,0
15198,1823,0,0,0,0,0,0,0,0,0
15199,1823,0,0,0,1,0,0,0,0,0
15200,1823,0,0,0,0,0,0,0,0,0
15201,1823,0,0,0,0,0,0,0,0,0
15202,1823,0,0,0,0,0,0,0,0,0
15203,1823,0,0,0,0,0,0,0,0,0
15204,1823,0,0,0,0,0,0,0,0,0
15205,1823,0,0,0,0,0,0,0,0,0
15206,1823,0,0,0,0,0,0,0,0,0
15207,1823,0,0,0,0,0,0,0,0,0
15208,1823,0,0,0,0,0,0,0,0,0
15209,1823,0,0,0,0,0,0,0,0,0
15210,1823,1,0,0,0,0,0,0,0,0
15211,1823,0,0,0,0,0,0,0,0,0
15212,1823,0,0,0,0,0,0,0,0,0
15213,1823,0,0,0,0,0,0,0,0,0
15214,1823,0,0,0,0,0,0,0,0,0
15215,1823,0,0,0,0,0,0,0,0,0
15216,1823,0,0,0,0,0,0,0,0,0
15217,1823,0,0,0,0,0,0,0,0,0
15218,1823,0,0,0,0,0,0,0,0,0
15219,1823,0,0,0,0,0,0,0,0,0
15220,1823,0,0,0,0,0,0,0,0,0
15221,1823,0,0,0,0,0,0,0,0,0
15222,1823,0,0,0,0,0,0,0,0,0
15223,1823,0,0,0,0,0,0,0,0,0
15224,1823,0,0,0,0,0,0,0,0,0
15225,1823,0,0,0,0,0,0,0,0,0
15226,1823,0,0,0,0,0,0,0,0,0
15227,1823,0,0,0,0,0,0,0,0,0
15228,1823,0,0,0,0,0,0,0,0,0
15229,1823,0,0,0,0,0,0,0,0,0
15230,1823,0,0,0,1,0,0,0,0,0
15231,1823,0,0,0,0,0,0,0,0,0
15232,1823,0,0,0,0,0,0,0,0,0
15233,1823,0,0,0,0,0,0,0,0,0
15234,1823,0,0,0,0,0,0,0,0,0
15235,1823,0,0,0,0,0,0,0,0,0
15236,1823,0,0,0,0,0,0,0,0,0
15237,1823,0,0,0,0,0,0,0,0,0
15238,1823,0,0,0,0,0,0,0,0,0
15239,1823,0,0,0,0,0,0,0,0,0
15240,1823,0,0,0,0,0,0,0,0,0
15241,1823,0,0,0,0,0,0,0,0,0
15242,1823,0,0,0,0,0,1,0,0,0
15243,1823,0,0,0,0,0,0,0,0,0
15244,1823,0,0,0,0,0,0,0,0,0
15245,1823,0,0,0,0,0,0,0,0,0
15246,1823,0,0,0,0,0,0,0,0,0
15247,1823,0,0,0,0,0,0,0,0,0
15248,1823,0,0,0,0,0,0,0,0,0
15249,1823,0,0,0,0,0,0,0,0,0
15250,1823,0,0,0,0,0,0,0,0,0
15251,1823,0,0,0,0,0,0,0,0,0
15252,1823,0,0,0,0,0,0,0,0,0
15253,1823,0,0,0,0,0,0,0,0,0
15254,1823,0,0,0,0,0,0,0,0,0
15255,1823,0,0,0,0,0,0,0,0,0
15256,1823,0,0,0,0,0,0,0,0,0
15257,1823,0,0,0,0,0,0,0,0,0
15258,1823,0,0,0,0,0,0,0,0,0
15259,1823,0,0,0,0,0,0,0,0,0
15260,1823,0,0,0,0,0,0,1,0,0
15261,1823,0,0,0,0,0,0,0,0,0
15262,1823,0,0,0,0,0,0,0,0,0
15263,1823,0,0,0,0,0,0,0,0,0
15264,1823,0,0,0,0,0,0,0,0,0
15265,1823,0,0,0,0,0,0,0,0,0
15266,1823,0,0,0,0,0,0,0,0,0
15267,1823,0,0,0,0,0,0,0,0,0
15268,1823,0,0,0,0,0,0,0,0,0
15269,1823,0,0,0,0,0,0,0,0,0
15270,1823,0,0,0,0,0,0,0,0,0
15271,1823,0,0,0,0,0,0,0,0,0
15272,1823,0,0,0,0,0,0,0,0,0
15273,1823,0,0,0,0,0,0,0,0,0
15274,1823,0,0,0,0,0,0,0,0,0
15275,1823,0,0,0,0,0,0,1,0,0
15276,1823,0,0,0,0,0,0,0,0,0
15277,1823,0,0,0,0,0,0,0,0,0
15278,1823,0,0,0,0,0,0,0,0,0
15279,1823,0,0,0,0,0,0,0,0,0
15280,1823,0,0,0,0,0,0,0,0,0
15281,1823,0,0,0,0,0,0,0,0,0
15282,1823,0,0,0,0,0,0,0,0,0
15283,1823,0,0,0,0,0,0,0,0,0
15284,1823,0,0,0,0,0,0,0,0,0
15285,1823,0,0,0,0,0,0,0,0,0
15286,1823,0,0,0,0,0,0,0,0,0
15287,1823,0,0,0,0,0,0,0,0,0
15288,1823,0,0,0,0,0,0,0,0,0
15289,1823,0,0,0,0,0,0,0,0,0
15290,1823,0,0,0,0,0,0,0,0,0
15291,1823,0,0,0,0,0,0,0,0,0
15292,1823,0,0,0,0,0,0,0,0,0
15293,1823,0,0,0,0,0,0,0,0,0
15294,1823,0,0,0,0,0,0,0,0,0
15295,1823,0,0,0,0,0,0,0,0,0
15296,1823,0,0,0,0,0,0,0,0,0
15297,1823,0,0,0,0,0,0,0,0,0
15298,1823,0,0,0,0,0,0,0,0,0
15299,1823,0,0,0,0,0,0,0,0,0
15300,1823,0,0,0,0,0,0,1,0,0
15301,1823,1,0,1,0,0,0,0,0,0
15302,1823,0,0,0,0,0,0,0,0,0
15303,1823,0,0,0,0,0,0,0,0,0
15304,1823,0,0,0,0,0,0,0,0,0
15305,1823,0,0,0,0,0,0,0,0,0
15306,1823,0,0,0,0,0,0,0,0,0
15307,1823,0,0,0,0,0,0,0,0,0
15308,1823,0,0,0,0,0,0,0,0,0
15309,1823,0,0,0,0,0,0,0,0,0
15310,1823,0,0,0,0,0,0,0,0,0
15311,1823,0,0,0,0,0,0,0,0,0
15312,1823,0,0,0,0,0,0,1,0,0
15313,1823,0,0,0,0,0,0,0,0,0
15314,1823,0,0,0,0,0,0,0,0,0
15315,1823,0,0,0,0,0,0,0,0,0
15316,1823,0,0,0,0,0,0,0,0,0
15317,1823,0,0,0,1,0,0,0,0,0
15318,1823,0,0,0,0,0,0,0,0,0
15319,1823,0,0,0,0,0,0,0,0,0
15320,1823,0,0,0,0,0,0,0,0,0
15321,1823,0,0,0,0,0,0,0,0,0
15322,1823,0,0,1,0,0,0,0,0,0
15323,1823,0,0,0,0,0,0,0,0,0
15324,1823,0,0,0,0,0,0,0,0,0
15325,1823,0,0,0,0,0,0,0,0,0
15326,1823,0,0,1,0,0,0,0,0,0
15327,1823,0,0,0,0,0,0,0,0,0
15328,1823,0,0,0,0,0,0,0,0,0
15329,1823,0,0,0,0,0,0,0,0,0
15330,1823,0,0,0,0,0,0,0,0,0
15331,1823,0,0,0,0,0,0,0,0,0
15332,1823,0,0,0,0,0,0,1,0,0
15333,1823,0,0,0,0,0,0,0,0,0
15334,1823,0,0,0,0,0,0,0,0,0
15335,1823,0,0,0,0,0,0,0,0,0
15336,1823,0,0,0,0,0,0,0,0,0
15337,1823,0,0,0,0,0,0,0,0,0
15338,1823,0,0,0,0,0,0,0,0,0
15339,1823,0,0,0,0,0,0,0,0,0
15340,1823,0,0,0,0,0,0,0,0,0
15341,1823,0,0,0,0,0,0,0,0,0
15342,1823,0,0,0,0,0,0,0,0,0
15343,1823,0,0,0,0,0,0,0,0,0
15344,1823,0,0,0,0,0,0,0,0,0
15345,1823,0,0,0,0,0,0,0,0,0
15346,1823,0,0,0,1,0,0,0,0,0
15347,1823,0,0,0,0,0,0,0,0,0
15348,1823,0,0,0,0,0,0,0,0,0
15349,1823,0,0,0,0,0,0,1,0,0
15350,1823,0,0,0,0,0,0,0,0,0
15351,1823,0,0,0,0,0,0,0,0,0
15352,1823,0,0,0,0,0,0,0,0,0
15353,1823,0,0,0,0,0,0,0,0,0
15354,1823,0,0,0,0,0,0,0,0,0
15355,1823,0,0,0,0,0,0,0,0,0
15356,1823,0,0,0,0,0,0,0,0,0
15357,1823,0,0,0,0,0,0,0,0,0
15358,1823,0,0,0,0,0,0,0,0,0
15359,1823,0,0,0,0,0,0,0,0,0
15360,1823,0,0,0,0,0,0,0,0,0
15361,1823,0,0,0,0,0,0,0,0,0
15362,1823,0,0,0,0,0,0,0,0,0
15363,1823,0,0,0,0,0,0,0,0,0
15364,1823,0,0,0,0,0,0,0,0,0
15365,1823,0,0,0,0,0,0,0,0,0
15366,1823,0,0,0,0,0,0,0,0,0
15367,1823,0,0,0,0,0,0,1,0,0
15368,1823,0,0,0,0,0,0,0,0,0
15369,1823,0,0,0,1,0,0,0,0,0
15370,1823,0,0,0,0,0,0,0,0,0
15371,1823,0,0,0,0,0,0,0,0,0
15372,1823,0,0,0,0,0,0,0,0,0
15373,1823,0,0,0,0,0,0,1,0,0
15374,1823,0,0,0,0,0,0,0,0,0
15375,1823,0,0,0,0,0,0,0,0,0
15376,1823,0,0,0,0,0,0,0,0,0
15377,1823,0,0,0,0,0,0,0,0,0
15378,1823,0,0,0,0,0,0,0,0,0
15379,1823,0,0,0,0,0,0,0,0,0
15380,1823,0,0,0,0,0,0,0,0,0
15381,1823,0,0,0,0,0,0,0,0,0
15382,1823,0,0,0,0,0,0,0,0,0
15383,1823,0,0,0,0,0,0,0,0,0
15384,1823,0,0,0,0,0,0,0,0,0
15385,1823,0,0,0,0,0,0,0,0,0
15386,1823,0,0,0,0,0,0,0,0,0
15387,1823,0,0,0,0,0,0,0,0,0
15388,1823,0,0,0,0,0,0,0,0,0
15389,1823,0,0,0,0,0,0,0,0,0
15390,1823,0,0,0,0,0,0,0,0,0
15391,1823,0,0,0,0,0,0,0,0,0
15392,1823,0,0,0,0,0,0,0,0,0
15393,1823,0,0,0,0,0,0,0,0,0
15394,1823,0,0,0,0,0,0,0,0,0
15395,1823,0,0,0,0,0,0,0,0,0
15396,1823,0,0,0,0,0,0,0,0,0
15397,1823,0,0,0,0,0,0,0,0,0
15398,1823,0,0,0,0,0,0,0,0,0
15399,1823,0,0,0,0,0,0,0,0,0
15400,1823,0,0,0,0,0,0,0,0,0
15401,1823,0,0,0,0,0,0,1,0,0
15402,1823,0,0,1,1,0,0,0,0,0
15403,1823,0,0,0,0,0,0,0,0,0
15404,1823,0,0,0,0,0,0,0,0,0
15405,1823,0,0,1,0,0,0,0,0,0
15406,1823,0,0,0,0,0,0,0,0,0
15407,1823,0,0,0,0,0,0,0,0,0
15408,1823,0,0,0,0,0,0,0,0,0
15409,1823,0,0,0,0,0,0,0,0,0
15410,1823,0,0,0,0,0,0,0,0,0
15411,1823,0,0,0,0,0,0,0,0,0
15412,1823,0,0,0,0,0,0,0,0,0
15413,1823,0,0,0,0,0,0,0,0,0
15414,1823,0,0,0,0,0,0,0,0,0
15415,1823,0,0,0,0,0,0,0,0,0
15416,1823,1,0,0,0,0,0,0,0,0
15417,1823,0,0,0,0,0,0,0,0,0
15418,1823,0,0,0,0,0,0,0,0,0
15419,1823,0,0,0,0,0,0,0,0,0
15420,1823,0,0,0,0,0,0,0,0,0
15421,1823,0,0,0,0,0,0,0,0,0
15422,1823,0,0,0,0,0,0,0,0,0
15423,1823,0,0,0,0,0,0,0,0,0
15424,1823,0,0,0,0,0,0,0,0,0
15425,1823,0,0,0,0,0,0,0,0,0
15426,1823,0,0,0,0,0,0,0,0,0
15427,1823,0,0,0,0,0,0,0,0,0
15428,1823,0,0,0,0,0,0,0,0,0
15429,1823,0,0,0,0,0,0,0,0,0
15430,1823,0,0,0,0,0,0,0,0,0
15431,1823,0,0,0,0,0,0,0,0,0
15432,1823,0,0,0,0,0,0,0,0,0
15433,1823,0,0,0,0,0,0,0,0,0
15434,1823,0,0,0,0,0,0,0,0,0
15435,1823,0,0,0,0,0,0,0,0,0
15436,1823,0,0,0,0,0,0,0,0,0
15437,1823,0,0,0,0,0,0,0,0,0
15438,1823,0,0,0,0,0,0,0,0,0
15439,1823,0,0,0,0,0,0,0,0,0
15440,1823,0,0,0,0,0,0,0,0,0
15441,1823,0,0,0,0,0,0,0,0,0
15442,1823,0,0,0,0,0,0,0,0,0
15443,1823,0,0,0,0,0,0,0,0,0
15444,1823,0,0,0,0,0,0,0,0,0
15445,1823,0,0,0,0,0,0,0,0,0
15446,1823,0,0,0,0,0,0,0,0,0
15447,1823,0,0,0,0,0,0,1,0,0
15448,1823,0,1,0,0,0,0,0,0,0
15449,1823,0,0,0,0,0,0,0,0,0
15450,1823,0,0,0,0,0,0,0,0,0
15451,1823,0,0,0,0,0,0,0,0,0
15452,1823,0,0,0,0,0,0,0,0,0
15453,1823,0,0,0,0,0,0,0,0,0
15454,1823,0,0,0,0,0,0,0,0,0
15455,1823,0,0,1,0,0,0,0,0,0
15456,1823,0,0,0,0,0,0,0,0,0
15457,1823,0,0,0,0,0,0,0,0,0
15458,1823,0,0,0,0,0,0,0,0,0
15459,1823,0,0,0,0,0,0,0,0,0
15460,1823,0,0,0,0,0,0,0,0,0
15461,1823,0,0,0,0,0,0,0,0,0
15462,1823,0,0,0,0,0,0,0,0,0
15463,1823,0,0,0,0,0,0,0,0,0
15464,1823,0,0,0,0,0,0,0,0,0
15465,1823,0,0,0,0,0,0,0,0,0
15466,1823,0,0,0,0,0,0,0,0,0
15467,1823,0,0,0,0,0,0,0,0,0
15468,1823,0,0,0,0,0,0,0,0,0
15469,1823,0,0,0,0,0,0,0,0,0
15470,1823,0,0,0,0,0,0,0,0,0
15471,1823,0,0,0,0,0,0,0,0,0
15472,1823,0,0,0,0,0,0,0,0,0
15473,1823,0,0,0,0,0,0,0,0,0
15474,1823,0,0,0,0,0,0,0,0,0
15475,1823,0,0,0,0,0,0,0,0,0
15476,1823,0,0,0,0,0,0,0,0,0
15477,1823,0,0,0,0,0,0,0,0,0
15478,1823,0,0,0,0,0,0,0,0,0
15479,1823,0,0,0,0,0,0,0,0,0
15480,1823,0,0,0,0,0,0,0,0,0
15481,1823,0,0,0,0,0,0,0,0,0
15482,1823,0,0,0,0,0,0,0,0,0
15483,1823,0,0,0,0,0,0,0,0,0
15484,1823,0,0,0,0,0,0,0,0,0
15485,1823,0,0,0,0,0,0,0,0,0
15486,1823,0,0,0,0,0,0,0,0,0
15487,1823,0,0,0,0,0,0,0,0,0
15488,1823,0,0,0,0,0,0,0,0,0
15489,1823,0,0,0,0,0,0,0,0,0
15490,1823,0,0,0,0,0,0,0,0,0
15491,1823,0,0,0,0,0,0,0,0,0
15492,1823,0,0,0,0,0,0,0,0,0
15493,1823,0,0,0,0,0,0,0,0,0
15494,1823,0,0,0,0,0,0,0,0,0
15495,1823,0,0,0,0,0,0,0,0,0
15496,1823,0,0,0,0,0,0,0,0,0
15497,1823,0,0,0,0,0,0,0,0,0
15498,1823,0,0,0,0,0,0,0,0,0
15499,1823,0,0,0,0,0,0,0,0,0
15500,1823,0,0,0,0,0,0,0,0,0
15501,1823,0,0,0,0,0,0,0,0,0
15502,1823,0,0,0,0,0,0,0,0,0
15503,1823,0,0,0,0,0,0,0,0,0
15504,1823,0,0,0,0,0,0,0,0,0
15505,1823,0,0,0,0,0,0,0,0,0
15506,1823,0,0,0,0,0,0,0,0,0
15507,1823,0,0,0,0,0,0,0,0,0
15508,1823,0,0,0,0,0,0,0,0,0
15509,1823,0,0,0,0,0,0,0,0,0
15510,1823,0,0,0,0,0,0,0,0,0
15511,1823,0,0,0,0,0,0,0,0,0
15512,1823,0,0,0,0,0,0,0,0,0
15513,1823,0,0,0,0,0,0,1,0,0
15514,1823,0,0,0,0,0,0,0,0,0
15515,1823,0,0,0,0,0,0,0,0,0
15516,1823,0,0,0,0,0,0,0,0,0
15517,1823,0,0,0,0,0,0,0,0,0
15518,1823,0,0,0,0,0,0,0,0,0
15519,1823,0,0,0,0,0,0,0,0,0
15520,1823,0,0,0,0,0,0,0,0,0
15521,1823,0,0,1,0,0,0,0,0,0
15522,1823,0,0,0,0,0,0,0,0,0
15523,1823,0,0,0,0,0,0,0,0,0
15524,1823,0,0,0,0,0,0,0,0,0
15525,1823,0,0,0,0,0,0,0,0,0
15526,1823,0,0,0,0,0,0,0,0,0
15527,1823,0,0,0,0,0,0,0,0,0
15528,1823,0,0,0,0,0,0,0,0,0
15529,1823,0,0,0,0,0,0,0,0,0
15530,1823,0,0,0,0,0,0,0,0,0
15531,1823,0,0,0,0,0,0,0,0,0
15532,1823,0,0,0,0,0,0,0,0,0
15533,1823,0,0,0,0,0,0,1,0,0
15534,1823,0,0,0,0,0,1,0,0,0
15535,1823,0,0,0,0,0,0,0,0,0
15536,1823,0,0,0,0,0,0,0,0,0
15537,1823,0,0,0,0,0,0,0,0,0
15538,1823,0,0,0,0,0,0,0,0,0
15539,1823,0,0,0,0,0,0,0,0,0
15540,1823,0,0,1,0,0,0,0,0,0
15541,1823,0,0,0,0,0,0,0,0,0
15542,1823,0,0,0,0,0,0,0,0,0
15543,1823,0,0,0,0,0,0,0,0,0
15544,1823,1,0,0,0,0,0,0,0,0
15545,1823,0,0,0,0,0,0,0,0,0
15546,1823,0,0,0,0,0,0,0,0,0
15547,1823,0,0,0,0,0,0,0,0,0
15548,1823,0,0,0,0,0,0,0,0,0
15549,1823,0,0,0,0,0,0,0,0,0
15550,1823,0,0,0,0,0,0,0,0,0
15551,1823,0,0,0,0,0,0,0,0,0
15552,1823,0,0,0,0,0,0,0,0,0
15553,1823,1,0,0,0,0,0,0,0,0
15554,1823,0,0,0,0,0,0,0,0,0
15555,1823,0,0,0,0,0,0,0,0,0
15556,1823,0,0,0,0,0,0,0,0,0
15557,1823,0,0,0,0,0,0,0,0,0
15558,1823,0,0,0,0,0,0,0,0,0
15559,1823,0,0,0,0,0,0,0,0,0
15560,1823,0,0,0,0,0,0,0,0,0
15561,1823,0,0,0,0,0,0,0,0,0
15562,1823,0,0,0,0,0,0,0,0,0
15563,1823,0,0,0,0,0,0,0,0,0
15564,1823,0,0,0,0,0,0,0,0,0
15565,1823,0,0,0,0,0,0,0,0,0
15566,1823,0,0,0,0,0,0,0,0,0
15567,1823,0,0,0,0,0,0,0,0,0
15568,1823,0,0,0,0,0,0,0,0,0
15569,1823,0,0,1,0,0,0,0,0,0
15570,1823,0,0,0,0,0,0,0,0,0
15571,1823,0,0,0,0,0,0,0,0,0
15572,1823,0,0,0,0,0,0,0,0,0
15573,1823,0,0,0,0,0,0,1,0,0
15574,1823,0,0,0,0,0,0,0,0,0
15575,1823,0,0,0,0,0,0,0,0,0
15576,1823,0,0,0,0,0,0,0,0,0
15577,1823,0,0,0,0,0,0,0,0,0
15578,1823,0,0,0,0,0,0,0,0,0
15579,1823,0,0,0,0,0,0,0,0,0
15580,1823,0,0,0,0,0,0,0,0,0
15581,1823,0,0,0,0,0,0,0,0,0
15582,1823,0,0,0,0,0,0,0,0,0
15583,1823,0,0,0,0,0,0,0,0,0
15584,1823,0,0,0,0,0,0,0,0,0
15585,1823,0,0,0,0,0,0,0,0,0
15586,1823,0,0,0,0,0,0,0,0,0
15587,1823,0,0,0,0,0,0,0,0,0
15588,1823,0,0,0,0,0,0,0,0,0
15589,1823,0,0,0,0,0,0,0,0,0
15590,1823,0,0,0,0,0,0,0,0,0
15591,1823,0,0,0,0,0,0,0,0,0
15592,1823,0,0,0,1,0,0,0,0,0
15593,1823,0,0,0,0,0,0,0,0,0
15594,1823,0,0,0,0,0,0,0,0,0
15595,1823,0,0,0,1,0,0,0,0,0
15596,1823,0,0,0,0,0,0,0,0,0
15597,1823,0,0,0,0,0,0,0,0,0
15598,1823,0,0,0,0,0,0,0,0,0
15599,1823,0,0,0,0,0,0,0,0,0
15600,1823,0,0,0,0,0,0,0,0,0
15601,1823,0,0,0,0,0,0,0,0,0
15602,1823,0,0,0,0,0,0,0,0,0
15603,1823,0,0,0,0,0,0,0,0,0
15604,1823,0,0,0,0,0,0,0,0,0
15605,1823,0,0,0,0,0,0,0,0,0
15606,1823,0,0,0,0,0,0,0,0,0
15607,1823,0,0,0,0,0,0,0,0,0
15608,1823,0,0,0,0,0,0,0,0,0
15609,1823,0,0,0,0,0,0,0,0,0
15610,1823,0,0,0,0,0,0,0,0,0
15611,1823,0,0,0,0,0,0,0,0,0
15612,1823,0,0,0,0,0,0,0,0,0
15613,1823,0,0,0,0,0,0,0,0,0
15614,1823,0,0,0,0,0,0,0,0,0
15615,1823,0,0,0,0,0,0,0,0,0
15616,1823,0,0,0,0,0,0,0,0,0
15617,1823,0,0,0,0,0,0,0,0,0
15618,1823,0,0,0,0,0,0,0,0,0
15619,1823,0,0,0,0,0,0,0,0,0
15620,1823,0,0,0,0,0,0,0,0,0
15621,1823,0,0,0,0,0,0,0,0,0
15622,1823,0,0,0,0,0,0,0,0,0
15623,1823,1,0,0,0,0,0,0,0,0
15624,1823,0,0,0,0,0,0,0,0,0
15625,1823,0,0,0,0,0,0,0,0,0
15626,1823,0,0,0,0,0,0,0,0,0
15627,1823,0,0,0,0,0,0,0,0,0
15628,1823,0,0,0,0,0,0,0,0,0
15629,1823,0,0,0,0,0,0,0,0,0
15630,1823,0,0,0,0,0,0,0,0,0
15631,1823,0,0,0,0,0,0,0,0,0
15632,1823,0,0,0,0,0,0,0,0,0
15633,1823,0,0,0,0,0,0,0,0,0
15634,1823,0,0,0,0,0,0,0,0,0
15635,1823,0,0,0,0,0,0,1,0,0
15636,1823,0,0,0,0,0,0,0,0,0
15637,1823,0,0,0,0,0,0,1,0,0
15638,1823,0,0,0,0,0,0,0,0,0
15639,1823,0,0,0,0,0,0,0,0,0
15640,1823,0,0,0,0,0,0,0,0,0
15641,1823,0,0,0,0,0,0,0,0,0
15642,1823,0,0,0,0,0,0,0,0,0
15643,1823,0,0,0,0,0,0,0,0,0
15644,1823,0,0,0,0,0,0,0,0,0
15645,1823,0,0,0,0,0,0,0,0,0
15646,1823,0,0,0,0,0,0,0,0,0
15647,1823,0,0,0,1,0,0,0,0,0
15648,1823,0,0,0,0,0,0,0,0,0
15649,1823,0,0,0,0,0,0,0,0,0
15650,1823,0,0,0,0,0,0,0,0,0
15651,1823,0,0,0,0,0,0,0,0,0
15652,1823,0,0,0,0,0,0,0,0,0
15653,1823,0,0,0,0,0,0,0,0,0
15654,1823,0,0,0,0,0,0,0,0,0
15655,1823,0,0,0,0,0,0,0,0,0
15656,1823,0,0,0,0,0,0,0,0,0
15657,1823,0,0,0,0,0,0,0,0,0
15658,1823,0,0,0,0,0,0,0,0,0
15659,1823,0,0,0,0,0,0,0,0,0
15660,1823,0,0,0,0,0,0,0,0,0
15661,1823,0,0,0,0,0,1,0,0,0
15662,1823,0,0,0,0,0,0,0,0,0
15663,1823,0,0,0,0,0,0,0,0,0
15664,1823,0,0,0,0,0,0,0,0,0
15665,1823,0,0,1,0,0,0,0,0,0
15666,1823,0,0,0,0,0,0,0,0,0
15667,1823,0,0,0,0,0,0,0,0,0
15668,1823,0,0,0,0,0,0,0,0,0
15669,1823,0,0,0,0,0,0,0,0,0
15670,1823,0,0,0,0,0,0,0,0,0
15671,1823,0,0,0,0,0,0,0,0,0
15672,1823,0,0,0,0,0,0,0,0,0
15673,1823,0,0,0,0,0,0,0,0,0
15674,1823,0,0,0,0,0,0,0,0,0
15675,1823,0,0,0,0,0,0,0,0,0
15676,1823,0,0,0,0,0,0,0,0,0
15677,1823,0,0,0,0,0,0,0,0,0
15678,1823,0,0,0,0,0,0,0,0,0
15679,1823,0,0,0,0,0,0,0,0,0
15680,1823,0,0,0,0,0,0,0,0,0
15681,1823,0,0,0,1,0,0,0,0,0
15682,1823,0,0,0,0,0,0,0,0,0
15683,1823,0,0,0,0,0,0,0,0,0
15684,1823,0,0,0,0,0,0,0,0,0
15685,1823,0,0,0,0,0,0,0,0,0
15686,1823,0,0,0,0,0,0,0,0,0
15687,1823,0,0,0,0,0,0,0,0,0
15688,1823,0,0,0,0,0,0,0,0,0
15689,1823,0,0,0,0,0,0,0,0,0
15690,1823,0,0,0,0,0,0,0,0,0
15691,1823,0,0,0,0,0,0,0,0,0
15692,1823,0,0,0,0,0,0,1,0,0
15693,1823,0,0,0,0,0,0,0,0,0
15694,1823,0,0,0,0,0,0,0,0,0
15695,1823,0,0,0,0,0,0,0,0,0
15696,1823,0,0,0,0,0,0,0,0,0
15697,1823,0,0,0,0,0,0,0,0,0
15698,1823,0,0,0,0,0,0,0,0,0
15699,1823,0,0,0,0,0,0,0,0,0
15700,1823,0,0,0,1,0,0,0,0,0
15701,1823,0,0,0,0,0,0,0,0,0
15702,1823,0,0,0,0,0,0,0,0,0
15703,1823,0,0,0,0,0,0,0,0,0
15704,1823,0,0,0,0,0,0,0,0,0
15705,1823,0,0,0,0,0,0,0,0,0
15706,1823,0,0,0,0,0,0,0,0,0
15707,1823,0,0,0,0,0,0,0,0,0
15708,1823,0,0,0,0,0,0,0,0,0
15709,1823,0,0,0,0,0,0,0,0,0
15710,1823,0,0,0,0,0,0,0,0,0
15711,1823,0,0,0,0,0,0,0,0,0
15712,1823,0,0,0,0,0,0,0,0,0
15713,1823,0,0,0,0,0,0,0,0,0
15714,1823,0,0,0,0,0,0,0,0,0
15715,1823,0,0,1,0,0,0,0,0,0
15716,1823,0,0,0,0,0,0,0,0,0
15717,1823,0,0,0,0,0,0,0,0,0
15718,1823,0,0,0,0,0,0,0,0,0
15719,1823,0,0,0,0,0,0,0,0,0
15720,1823,0,0,0,0,0,0,0,0,0
15721,1823,0,0,0,0,0,0,0,0,0
15722,1823,0,0,1,0,0,0,0,0,0
15723,1823,0,0,0,0,0,0,0,0,0
15724,1823,0,0,0,0,0,0,0,0,0
15725,1823,0,0,0,0,0,0,0,0,0
15726,1823,0,0,0,0,0,0,0,0,0
15727,1823,0,0,0,0,0,0,0,0,0
15728,1823,0,0,0,0,0,0,0,0,0
15729,1823,0,0,0,1,0,0,0,0,0
15730,1823,0,0,0,0,0,0,0,0,0
15731,1823,0,0,0,0,0,0,0,0,0
15732,1823,0,0,0,0,0,0,0,0,0
15733,1823,0,0,0,0,0,0,0,0,0
15734,1823,0,0,0,0,0,0,0,0,0
15735,1823,0,0,0,0,0,0,0,0,0
15736,1823,0,0,0,1,0,0,0,0,0
15737,1823,0,0,0,0,0,0,0,0,0
15738,1823,0,0,0,0,0,0,0,0,0
15739,1823,1,0,0,0,0,0,0,0,0
15740,1823,0,0,0,0,0,0,0,0,0
15741,1823,0,0,0,0,0,0,0,0,0
15742,1823,0,0,0,0,0,0,1,0,0
15743,1823,0,0,0,0,0,0,0,0,0
15744,1823,0,0,0,0,0,0,1,0,0
15745,1823,0,0,0,0,0,0,0,0,0
15746,1823,0,0,0,0,0,0,0,0,0
15747,1823,0,0,0,0,0,0,0,0,0
15748,1823,0,0,1,0,0,0,0,0,0
15749,1823,0,0,0,0,0,0,0,0,0
15750,1823,0,0,0,0,0,0,0,0,0
15751,1823,0,0,0,0,0,0,0,0,0
15752,1823,0,0,0,0,0,0,0,0,0
15753,1823,0,0,0,0,0,0,0,0,0
15754,1823,0,0,0,0,0,0,0,0,0
15755,1823,0,0,0,0,0,0,0,0,0
15756,1823,0,0,0,0,0,0,0,0,0
15757,1823,0,0,0,0,0,0,0,0,0
15758,1823,0,0,0,0,0,0,0,0,0
15759,1823,0,0,0,0,0,0,0,0,0
15760,1823,0,0,0,0,0,0,0,0,0
15761,1823,0,1,0,0,0,0,0,0,0
15762,1823,0,0,0,0,0,0,0,0,0
15763,1823,0,0,0,0,0,0,0,0,0
15764,1823,0,0,0,0,0,0,0,0,0
15765,1823,0,0,0,0,0,0,0,0,0
15766,1823,0,0,0,0,0,0,0,0,0
15767,1823,0,0,0,0,0,0,0,0,0
15768,1823,0,0,0,0,0,0,0,0,0
15769,1823,0,0,0,0,0,0,0,0,1
15770,1823,0,1,0,0,0,0,0,0,0
15771,1823,0,0,0,0,0,0,0,0,0
15772,1823,0,0,0,0,0,0,0,0,0
15773,1823,0,0,0,0,0,0,0,0,0
15774,1823,0,0,0,0,0,0,0,0,0
15775,1823,0,0,0,0,0,0,0,0,0
15776,1823,0,0,0,0,0,0,0,0,0
15777,1823,0,0,0,0,0,0,0,0,0
15778,1823,0,0,0,0,0,0,0,0,0
15779,1823,0,0,0,0,0,0,0,0,0
15780,1823,0,0,0,0,0,0,0,0,0
15781,1823,0,0,0,0,0,0,0,0,0
15782,1823,0,0,0,0,0,0,0,0,0
15783,1823,0,0,0,0,0,0,0,0,0
15784,1823,0,0,0,0,0,0,0,0,0
15785,1823,0,0,0,0,0,0,0,0,0
15786,1823,0,0,0,0,0,0,0,0,0
15787,1823,0,0,0,0,0,0,0,0,0
15788,1823,0,0,0,0,0,0,0,0,0
15789,1823,0,0,0,0,0,0,0,0,0
15790,1823,0,0,0,0,0,0,0,0,0
15791,1823,0,0,0,0,0,0,0,0,0
15792,1823,0,0,0,0,0,0,0,0,0
15793,1823,0,0,0,0,0,0,0,0,0
15794,1823,0,0,0,0,0,0,0,0,0
15795,1823,0,0,0,0,0,0,0,0,0
15796,1823,0,0,0,0,0,0,0,0,0
15797,1823,0,0,0,0,0,0,0,0,0
15798,1823,0,0,0,0,0,0,0,0,0
15799,1823,0,0,0,0,0,0,0,0,0
15800,1823,0,0,0,0,0,0,0,0,0
15801,1823,0,0,0,0,0,0,0,0,0
15802,1823,0,0,0,0,0,0,0,0,0
15803,1823,0,0,0,0,0,0,0,0,0
15804,1823,0,0,0,0,0,0,0,0,0
15805,1823,0,0,0,0,0,0,0,0,0
15806,1823,0,0,0,0,0,0,0,0,0
15807,1823,0,0,0,0,0,1,0,0,0
15808,1823,0,0,0,0,0,0,0,0,0
15809,1823,0,0,0,0,0,0,0,0,0
15810,1823,0,0,0,0,0,0,0,0,0
15811,1823,0,0,0,0,0,0,0,0,0
15812,1823,0,0,0,0,0,0,0,0,0
15813,1823,0,0,0,0,0,0,0,0,0
15814,1823,0,0,0,0,0,0,0,0,0
15815,1823,0,0,0,0,0,0,0,0,0
15816,1823,0,0,0,0,0,0,0,0,0
15817,1823,0,0,0,0,0,0,0,0,0
15818,1823,0,0,0,0,0,0,0,0,0
15819,1823,0,0,0,0,0,0,0,0,0
15820,1823,0,0,0,0,0,0,0,0,0
15821,1823,0,0,0,0,0,0,0,0,0
15822,1823,0,0,0,0,0,0,0,0,0
15823,1823,0,0,0,0,0,0,0,0,0
15824,1823,0,0,0,0,0,0,0,0,0
15825,1823,0,0,0,0,0,0,0,0,0
15826,1823,0,0,0,0,0,0,0,0,0
15827,1823,0,0,0,0,0,0,0,0,0
15828,1823,0,0,0,0,0,0,0,0,0
15829,1823,0,0,0,0,0,0,0,0,0
15830,1823,0,0,0,0,0,0,0,0,0
15831,1823,0,0,0,0,0,0,0,0,0
15832,1823,0,0,0,0,0,0,0,0,0
15833,1823,0,0,0,0,0,0,0,0,0
15834,1823,0,0,0,0,0,0,0,0,0
15835,1823,0,0,0,0,0,0,0,0,0
15836,1823,0,0,0,0,0,0,0,0,0
15837,1823,0,0,0,0,0,0,0,0,0
15838,1823,0,0,0,0,0,0,0,0,0
15839,1823,0,0,0,0,0,0,1,0,0
15840,1823,0,0,0,0,0,0,1,0,0
15841,1823,0,0,0,0,0,0,0,0,0
15842,1823,0,0,0,0,0,0,0,0,0
15843,1823,0,0,0,0,0,0,0,0,0
15844,1823,0,0,0,0,0,0,0,0,0
15845,1823,0,0,0,0,0,0,0,0,0
15846,1823,0,0,0,0,0,0,0,0,0
15847,1823,0,0,0,0,0,0,0,0,0
15848,1823,0,0,0,0,0,0,0,0,0
15849,1823,0,0,0,0,0,1,0,0,0
15850,1823,0,0,0,0,0,0,0,0,0
15851,1823,0,0,0,0,0,0,0,0,0
15852,1823,0,0,0,0,0,0,0,0,0
15853,1823,0,0,0,0,0,0,0,0,0
15854,1823,0,0,0,0,0,0,0,0,0
15855,1823,0,0,0,0,0,0,0,0,0
15856,1823,0,0,0,0,0,0,0,0,0
15857,1823,0,0,0,0,0,0,0,0,0
15858,1823,0,0,0,0,0,0,0,0,0
15859,1823,0,0,0,0,0,0,0,0,0
15860,1823,0,0,0,0,0,0,0,0,0
15861,1823,0,0,0,0,0,0,0,0,0
15862,1823,0,0,0,0,0,0,0,0,0
15863,1823,0,0,0,0,0,0,0,0,0
15864,1823,0,0,0,0,0,0,0,0,0
15865,1823,0,0,0,0,0,0,0,0,0
15866,1823,0,0,0,0,0,0,0,0,0
15867,1823,0,0,0,0,0,0,0,0,0
15868,1823,0,0,0,0,0,0,0,0,0
15869,1823,0,0,0,0,0,0,0,0,0
15870,1823,0,0,0,0,0,0,0,0,0
15871,1823,0,0,0,0,0,0,0,0,0
15872,1823,0,0,0,0,0,0,0,0,0
15873,1823,0,0,0,0,0,0,0,0,0
15874,1823,0,0,0,0,0,0,0,0,0
15875,1823,0,0,0,0,0,0,0,0,0
15876,1823,0,0,0,0,0,0,0,0,0
15877,1823,0,0,0,0,0,0,0,0,0
15878,1823,0,0,0,1,0,0,0,0,0
15879,1823,0,0,0,0,0,0,0,0,0
15880,1823,0,0,0,0,0,0,0,0,0
15881,1823,0,0,0,0,0,0,0,0,0
15882,1823,0,0,0,0,0,0,0,0,0
15883,1823,0,0,0,0,0,0,0,0,0
15884,1823,0,0,0,0,0,0,0,0,0
15885,1823,0,0,0,0,0,0,0,0,0
15886,1823,0,0,0,0,0,0,0,0,0
15887,1823,0,0,0,0,0,0,0,0,0
15888,1823,0,0,0,0,0,0,0,0,0
15889,1823,0,0,0,0,0,0,0,0,0
15890,1823,0,0,0,0,0,0,0,0,0
15891,1823,0,0,0,0,0,0,0,0,0
15892,1823,0,0,0,0,0,0,0,0,0
15893,1823,0,0,0,0,0,0,0,0,0
15894,1823,0,0,0,0,0,0,0,0,0
15895,1823,0,0,0,0,0,1,0,0,0
15896,1823,0,0,0,0,0,0,0,0,0
15897,1823,0,0,0,0,0,0,0,0,0
15898,1823,0,0,0,0,0,0,0,0,0
15899,1823,0,0,0,0,0,0,0,0,0
15900,1823,0,0,0,0,0,0,0,0,0
15901,1823,0,0,0,0,0,0,0,0,0
15902,1823,0,0,0,0,0,0,0,0,0
15903,1823,0,0,0,0,0,0,0,0,0
15904,1823,0,0,0,0,0,0,0,0,0
15905,1823,0,0,0,0,0,0,0,0,0
15906,1823,0,0,0,0,0,0,0,0,0
15907,1823,0,0,0,0,0,0,0,0,0
15908,1823,0,0,0,0,0,0,0,0,0
15909,1823,0,0,0,0,0,0,0,0,0
15910,1823,0,0,0,0,0,0,0,0,0
15911,1823,0,0,0,0,0,0,0,0,0
15912,1823,0,0,0,0,0,0,0,0,0
15913,1823,0,0,0,0,0,0,0,0,0
15914,1823,0,0,0,0,0,0,0,0,0
15915,1823,0,0,0,0,0,0,0,0,0
15916,1823,0,0,0,0,0,0,0,0,0
15917,1823,0,0,0,0,0,0,0,0,0
15918,1823,0,0,0,0,0,0,0,0,0
15919,1823,0,0,0,0,0,0,0,0,0
15920,1823,0,0,0,0,0,0,0,0,0
15921,1823,0,0,0,0,0,0,0,0,0
15922,1823,0,0,0,0,0,0,0,0,0
15923,1823,0,0,0,0,0,0,0,0,0
15924,1823,0,0,0,1,0,0,0,0,0
15925,1823,0,0,0,0,0,0,0,0,0
15926,1823,0,0,0,0,0,0,0,0,0
15927,1823,0,0,0,0,0,0,0,0,0
15928,1823,0,0,0,0,0,0,0,0,0
15929,1823,0,0,0,0,0,0,0,0,0
15930,1823,0,0,0,0,0,0,0,0,0
15931,1823,0,0,0,0,0,0,0,0,0
15932,1823,0,0,0,0,0,0,0,0,0
15933,1823,0,0,0,0,0,0,0,0,0
15934,1823,0,0,0,0,0,0,0,0,0
15935,1823,0,0,0,0,0,0,0,0,0
15936,1823,0,0,0,0,0,0,0,0,0
15937,1823,0,0,0,0,0,0,0,0,0
15938,1823,0,0,0,0,0,0,0,0,0
15939,1823,0,0,0,0,0,0,0,0,0
15940,1823,0,0,0,0,0,0,0,0,0
15941,1823,0,1,0,0,0,0,0,0,0
15942,1823,0,0,0,0,0,0,0,0,0
15943,1823,0,0,0,0,0,0,0,0,0
15944,1823,0,0,0,0,0,0,0,0,0
15945,1823,0,0,0,0,0,0,0,0,0
15946,1823,0,0,0,0,0,0,0,0,0
15947,1823,0,0,1,0,0,0,0,0,0
15948,1823,0,0,0,0,0,0,0,0,0
15949,1823,0,0,0,0,0,0,0,0,0
15950,1823,0,0,0,0,0,0,0,0,0
15951,1823,0,0,0,0,0,0,0,0,0
15952,1823,0,0,0,0,0,0,0,0,0
15953,1823,0,0,0,0,0,0,0,0,0
15954,1823,0,0,0,0,0,0,0,0,0
15955,1823,0,0,0,0,0,0,0,0,0
15956,1823,0,0,0,0,0,0,0,0,0
15957,1823,0,0,0,0,0,0,0,0,0
15958,1823,0,0,0,0,0,0,0,0,0
15959,1823,0,0,0,0,0,0,0,0,0
15960,1823,0,0,0,0,0,0,0,0,0
15961,1823,0,0,0,0,0,0,0,0,0
15962,1823,0,0,0,0,0,0,0,0,0
15963,1823,0,0,0,0,0,0,0,0,0
15964,1823,0,0,0,0,0,0,0,0,0
15965,1823,0,0,0,0,0,0,0,0,0
15966,1823,0,0,0,0,0,0,0,0,0
15967,1823,0,0,0,0,0,0,0,0,0
15968,1823,0,0,0,0,0,0,0,0,0
15969,1823,0,0,0,0,0,0,0,0,0
15970,1823,0,0,0,0,0,0,0,0,0
15971,1823,0,0,0,0,0,0,0,0,0
15972,1823,0,0,0,0,0,0,0,0,0
15973,1823,0,0,0,0,0,0,0,0,0
15974,1823,0,0,0,0,0,0,0,0,0
15975,1823,0,0,0,0,0,0,0,0,0
15976,1823,0,0,0,0,0,0,0,0,0
15977,1823,0,0,0,0,0,0,0,0,0
15978,1823,0,0,0,0,0,0,0,0,0
15979,1823,0,0,0,0,0,0,0,0,0
15980,1823,0,0,0,0,0,0,0,0,0
15981,1823,0,0,1,0,0,0,0,0,0
15982,1823,0,0,0,0,0,0,0,0,0
15983,1823,0,0,0,0,0,0,0,0,0
15984,1823,0,0,0,0,0,0,0,0,0
15985,1823,0,0,0,0,0,0,0,0,0
15986,1823,0,0,0,0,0,0,0,0,0
15987,1823,0,0,1,0,0,0,0,0,0
15988,1823,0,0,0,0,0,0,0,0,0
15989,1823,0,0,0,0,0,0,0,0,0
15990,1823,0,0,0,0,0,0,0,0,0
15991,1823,0,0,0,0,0,0,0,0,0
15992,1823,0,0,0,0,0,0,0,0,0
15993,1823,0,0,0,0,0,0,0,0,0
15994,1823,0,0,0,0,0,0,0,0,0
15995,1823,0,0,0,0,0,0,0,0,0
15996,1823,0,0,0,0,0,0,0,0,0
15997,1823,0,0,0,0,0,0,0,0,0
15998,1823,0,0,0,0,0,0,0,0,0
15999,1823,0,0,0,0,0,0,0,0,0
16000,1823,0,0,0,0,0,0,0,0,0
16001,1823,0,0,0,0,0,0,0,0,0
16002,1823,0,0,0,0,0,0,0,0,0
16003,1823,0,0,0,0,0,0,0,0,0
16004,1823,0,0,0,0,0,0,0,0,0
16005,1823,0,0,0,0,0,0,0,0,0
16006,1823,0,0,0,0,0,0,0,0,0
16007,1823,0,0,0,0,0,0,0,0,0
16008,1823,0,0,0,0,0,0,0,0,0
16009,1823,0,0,0,0,0,0,0,0,0
16010,1823,0,0,0,0,0,0,0,0,0
16011,1823,0,0,0,0,0,0,0,0,0
16012,1823,0,0,0,0,0,0,0,0,0
16013,1823,0,0,0,0,0,0,0,0,0
16014,1823,0,0,0,0,0,0,0,0,0
16015,1823,0,0,0,0,0,0,0,0,0
16016,1823,0,0,0,0,0,0,0,0,0
16017,1823,0,0,0,0,0,0,0,0,1
16018,1823,0,0,0,0,0,0,0,0,0
16019,1823,0,0,0,0,0,0,0,0,0
16020,1823,0,0,0,0,0,0,0,0,0
16021,1823,0,0,0,0,0,0,0,0,0
16022,1823,0,0,0,0,0,0,0,0,0
16023,1823,0,0,0,0,0,0,0,0,0
16024,1823,0,0,0,0,0,0,0,0,0
16025,1823,0,0,0,0,0,0,0,0,0
16026,1823,1,0,0,0,0,0,0,0,0
16027,1823,0,0,1,0,0,0,0,0,0
16028,1823,0,0,0,0,0,0,0,0,0
16029,1823,0,0,0,0,0,0,0,0,0
16030,1823,0,0,0,0,0,0,0,0,0
16031,1823,0,0,0,0,0,0,0,0,0
16032,1823,0,0,0,0,0,0,0,0,0
16033,1823,0,0,0,0,0,0,0,0,0
16034,1823,0,0,0,0,0,0,0,0,0
16035,1823,0,0,0,0,0,0,0,0,0
16036,1823,0,0,0,0,0,0,0,0,0
16037,1823,0,0,0,0,0,0,0,0,0
16038,1823,0,0,0,0,0,1,0,0,0
16039,1823,1,0,0,0,0,0,0,0,0
16040,1823,0,0,0,0,0,0,0,0,0
16041,1823,0,0,0,0,0,0,0,0,0
16042,1823,0,0,1,0,0,0,0,0,0
16043,1823,0,0,0,0,0,0,0,0,0
16044,1823,0,0,0,0,0,0,0,0,0
16045,1823,1,0,0,0,0,0,0,0,0
16046,1823,0,0,0,0,0,0,0,0,0
16047,1823,0,0,0,0,0,0,0,0,0
16048,1823,0,0,0,0,0,0,0,0,0
16049,1823,0,0,0,0,0,0,0,0,0
16050,1823,0,0,0,0,0,0,0,0,0
16051,1823,0,0,0,0,0,0,0,0,0
16052,1823,0,0,0,0,0,0,0,0,0
16053,1823,0,0,0,0,0,0,0,0,0
16054,1823,0,0,0,0,0,0,0,0,0
16055,1823,0,0,0,0,0,0,0,0,0
16056,1823,0,0,0,0,0,0,0,0,0
16057,1823,0,0,0,0,0,0,0,0,0
16058,1823,0,0,0,0,0,0,0,0,0
16059,1823,0,0,0,0,0,0,0,0,0
16060,1823,0,0,0,0,0,0,0,0,0
16061,1823,0,0,0,0,0,0,0,0,0
16062,1823,0,0,0,0,0,0,0,0,0
16063,1823,0,0,0,0,0,0,0,0,0
16064,1823,0,0,0,0,0,0,0,0,0
16065,1823,0,0,0,0,0,0,0,0,0
16066,1823,0,0,0,0,0,0,0,0,0
16067,1823,0,0,0,0,0,0,0,0,0
16068,1823,0,0,0,0,0,0,0,0,0
16069,1823,0,0,0,0,0,0,0,0,0
16070,1823,0,0,0,0,0,0,0,0,0
16071,1823,0,0,0,0,0,0,0,0,0
16072,1823,0,0,0,0,0,0,0,0,0
16073,1823,0,0,0,0,0,0,0,0,0
16074,1823,0,0,0,0,0,0,0,0,0
16075,1823,0,0,0,0,0,0,0,0,0
16076,1823,0,0,0,0,0,0,0,0,0
16077,1823,0,0,0,0,0,0,0,0,0
16078,1823,0,0,0,0,0,0,0,0,0
16079,1823,0,0,0,0,0,0,0,0,0
16080,1823,0,0,0,0,0,0,0,0,0
16081,1823,0,0,0,0,0,0,0,0,0
16082,1823,0,0,0,0,0,0,0,0,0
16083,1823,0,0,0,0,0,0,0,0,0
16084,1823,0,0,0,0,0,0,0,0,1
16085,1823,0,0,0,0,0,0,0,0,0
16086,1823,0,0,1,0,0,0,0,0,0
16087,1823,0,0,0,0,0,0,0,0,0
16088,1823,0,0,1,0,0,0,0,0,0
16089,1823,0,0,0,0,0,0,0,0,0
16090,1823,0,0,0,0,0,0,0,0,0
16091,1823,0,0,0,0,0,0,0,0,0
16092,1823,0,0,0,0,0,0,0,0,0
16093,1823,0,0,0,0,0,0,0,0,0
16094,1823,0,0,0,0,0,0,0,0,0
16095,1823,0,0,0,0,0,0,0,0,0
16096,1823,0,0,0,0,0,0,0,0,0
16097,1823,0,0,0,0,0,0,0,0,0
16098,1823,0,0,0,0,0,0,0,0,0
16099,1823,0,0,0,0,0,0,0,0,0
16100,1823,0,0,0,0,0,0,0,0,0
16101,1823,0,0,0,0,0,0,0,0,0
16102,1823,0,0,0,0,0,0,0,0,0
16103,1823,0,0,0,0,0,0,0,0,0
16104,1823,0,0,0,0,0,0,0,0,0
16105,1823,0,0,0,0,0,0,0,0,0
16106,1823,0,0,0,0,0,0,0,0,0
16107,1823,0,0,0,0,0,0,0,0,0
16108,1823,0,0,0,0,0,0,0,0,0
16109,1823,0,0,0,0,0,0,0,0,0
16110,1823,0,0,0,0,0,0,0,0,0
16111,1823,0,0,0,0,0,0,0,0,0
16112,1823,0,0,0,0,0,0,0,0,0
16113,1823,0,0,0,0,0,0,0,0,0
16114,1823,0,0,0,0,0,0,0,0,0
16115,1823,0,0,0,0,0,0,0,0,0
16116,1823,0,0,0,0,0,0,0,0,0
16117,1823,0,0,0,0,0,0,0,0,0
16118,1823,0,0,0,0,0,0,0,0,0
16119,1823,0,0,0,0,0,0,0,0,0
16120,1823,0,0,0,0,0,0,0,0,0
16121,1823,0,0,0,0,0,0,0,0,0
16122,1823,0,0,0,0,0,0,0,0,0
16123,1823,0,0,0,0,0,0,0,0,0
16124,1823,0,0,0,0,0,0,0,0,0
16125,1823,0,0,0,0,0,0,0,0,0
16126,1823,0,0,0,0,0,0,0,0,0
16127,1823,0,0,0,0,0,0,0,0,0
16128,1823,0,0,0,0,0,0,0,0,0
16129,1823,0,0,0,0,0,0,0,0,0
16130,1823,0,0,0,1,0,0,0,0,0
16131,1823,0,0,0,0,0,0,0,0,0
16132,1823,0,0,0,0,0,0,0,0,0
16133,1823,0,0,0,0,0,0,0,0,0
16134,1823,0,0,0,0,0,0,0,0,0
16135,1823,0,0,0,0,0,0,0,0,0
16136,1823,0,0,0,0,0,0,0,0,0
16137,1823,0,0,0,0,0,0,0,0,0
16138,1823,0,0,0,0,0,0,0,0,0
16139,1823,0,0,0,0,0,0,0,0,0
16140,1823,0,0,0,0,0,0,0,0,0
16141,1823,0,0,0,0,0,0,0,0,0
16142,1823,0,0,0,0,0,0,0,0,0
16143,1823,0,0,0,0,0,0,0,0,0
16144,1823,0,0,0,0,0,0,0,0,0
16145,1823,0,0,0,0,0,0,0,0,0
16146,1823,0,0,0,0,0,0,0,0,0
16147,1823,0,0,0,0,0,0,0,0,0
16148,1823,0,0,0,0,0,0,0,0,0
16149,1823,0,0,0,0,0,0,0,0,0
16150,1823,0,0,0,0,0,0,0,0,0
16151,1823,0,0,0,0,0,0,0,0,0
16152,1823,0,0,0,0,0,0,0,0,0
16153,1823,0,0,0,0,0,0,0,0,0
16154,1823,0,0,0,0,0,0,0,0,0
16155,1823,0,0,0,0,0,0,0,0,0
16156,1823,0,0,0,0,0,0,0,0,0
16157,1823,0,0,0,0,0,0,0,0,0
16158,1823,0,0,0,0,0,0,0,0,0
16159,1823,0,0,0,0,0,0,0,0,0
16160,1823,0,0,0,0,0,0,0,0,0
16161,1823,0,1,0,0,0,0,0,0,0
16162,1823,0,0,0,0,0,0,0,0,0
16163,1823,0,0,0,0,0,0,0,0,0
16164,1823,0,0,0,0,0,0,0,0,0
16165,1823,0,0,0,0,0,0,0,0,0
16166,1823,0,0,0,0,0,0,0,0,0
16167,1823,0,0,0,0,0,0,0,0,0
16168,1823,0,0,0,0,0,0,0,0,0
16169,1823,0,0,0,0,0,0,0,0,0
16170,1823,0,0,0,0,0,0,0,0,0
16171,1823,0,0,0,0,0,0,0,0,0
16172,1823,0,0,0,0,0,0,0,0,0
16173,1823,0,0,0,0,0,0,0,0,0
16174,1823,0,0,0,0,0,0,0,0,0
16175,1823,1,0,0,0,0,0,0,0,0
16176,1823,0,0,0,0,0,0,0,0,0
16177,1823,0,0,0,0,0,0,0,0,0
16178,1823,0,0,0,0,0,0,0,0,0
16179,1823,0,0,0,0,0,0,0,0,0
16180,1823,0,0,0,0,0,0,0,0,0
16181,1823,0,0,0,0,0,1,0,0,0
16182,1823,0,0,0,0,0,0,0,0,0
16183,1823,0,0,1,0,0,0,0,0,0
16184,1823,0,0,0,0,0,0,0,0,0
16185,1823,0,0,0,0,0,0,0,0,0
16186,1823,0,0,0,0,0,0,0,0,0
16187,1823,0,0,0,0,0,0,0,0,0
16188,1823,0,0,0,0,0,0,0,0,0
16189,1823,0,0,0,0,0,0,0,0,0
16190,1823,0,0,0,0,0,0,1,0,0
16191,1823,0,0,0,0,0,0,0,0,0
16192,1823,0,0,0,0,0,0,0,0,0
16193,1823,0,0,0,0,0,0,0,0,0
16194,1823,0,0,0,0,0,0,0,0,0
16195,1823,0,0,0,0,0,0,0,0,0
16196,1823,0,0,0,0,0,0,0,0,0
16197,1823,0,0,1,0,0,0,0,0,0
16198,1823,0,0,0,0,0,0,0,0,0
16199,1823,0,0,0,0,0,0,0,0,0
16200,1823,0,0,0,0,0,0,0,0,0
16201,1823,0,0,0,0,0,0,0,0,0
16202,1823,0,0,0,0,0,0,0,0,0
16203,1823,0,0,0,0,0,0,0,0,0
16204,1823,0,0,0,0,0,0,0,0,0
16205,1823,0,0,0,0,0,0,0,0,0
16206,1823,0,0,0,0,0,0,0,0,0
16207,1823,0,0,0,0,0,0,0,0,0
16208,1823,0,0,0,0,0,0,0,0,0
16209,1823,0,0,0,0,0,0,0,0,0
16210,1823,0,0,0,0,0,0,0,0,0
16211,1823,0,0,0,0,0,0,0,0,0
16212,1823,0,0,0,0,0,0,0,0,0
16213,1823,0,0,0,0,0,0,0,0,0
16214,1823,0,0,0,0,0,0,0,0,0
16215,1823,0,0,0,0,0,0,0,0,0
16216,1823,0,0,0,0,0,0,0,0,0
16217,1823,0,0,0,0,0,0,0,0,0
16218,1823,0,0,0,0,0,0,0,0,0
16219,1823,0,0,0,0,0,0,0,0,0
16220,1823,0,0,0,0,0,0,0,0,0
16221,1823,0,0,0,0,0,0,0,0,0
16222,1823,0,0,0,0,0,0,0,0,0
16223,1823,0,0,0,0,0,0,0,0,0
16224,1823,0,0,0,0,0,0,0,0,0
16225,1823,0,0,0,0,0,0,0,0,0
16226,1823,0,0,0,0,0,0,0,0,0
16227,1823,0,0,0,0,0,0,0,0,0
16228,1823,0,0,0,0,0,0,1,0,0
16229,1823,0,0,0,0,0,0,0,0,0
16230,1823,0,0,0,0,0,0,0,0,0
16231,1823,0,0,0,0,0,0,0,0,0
16232,1823,0,0,0,0,0,0,0,0,0
16233,1823,0,0,0,0,0,0,0,0,0
16234,1823,0,0,0,0,0,0,0,0,0
16235,1823,0,0,0,0,0,0,0,0,0
16236,1823,0,0,0,0,0,0,0,0,0
16237,1823,0,0,0,0,0,0,0,0,0
16238,1823,0,0,0,0,0,0,0,0,0
16239,1823,0,0,0,0,0,0,0,0,0
16240,1823,0,0,0,0,0,0,0,0,0
16241,1823,0,0,0,0,0,0,0,0,0
16242,1823,0,0,0,0,0,0,0,0,0
16243,1823,0,0,0,0,0,0,0,0,0
16244,1823,0,0,0,0,0,0,0,0,0
16245,1823,0,0,0,0,0,0,0,0,0
16246,1823,0,0,0,0,0,0,0,0,0
16247,1823,0,0,0,0,0,0,0,0,0
16248,1823,0,0,0,0,0,0,0,0,0
16249,1823,0,0,0,0,0,0,0,0,0
16250,1823,0,0,0,0,0,0,0,0,0
16251,1823,0,0,0,0,0,0,0,0,0
16252,1823,0,0,0,0,0,0,0,0,0
16253,1823,0,0,0,0,0,0,0,0,0
16254,1823,0,0,0,0,0,0,0,0,0
16255,1823,0,0,0,0,0,0,0,0,0
16256,1823,0,0,0,0,0,0,0,0,0
16257,1823,0,0,0,0,0,0,0,0,0
16258,1823,0,0,0,0,0,0,0,0,0
16259,1823,0,0,0,0,0,0,0,0,0
16260,1823,0,0,0,0,0,0,0,0,0
16261,1823,0,0,0,0,0,0,0,0,0
16262,1823,0,0,0,0,0,0,0,0,0
16263,1823,1,0,0,0,0,0,0,0,0
16264,1823,0,0,0,0,0,0,0,0,0
16265,1823,0,0,0,0,0,0,0,0,0
16266,1823,0,0,0,0,0,0,0,0,0
16267,1823,0,0,0,0,0,0,0,0,0
16268,1823,0,0,0,0,0,0,0,0,0
16269,1823,0,0,0,0,0,0,0,0,0
16270,1823,1,0,0,0,0,0,0,0,0
16271,1823,0,0,0,0,0,0,0,0,0
16272,1823,0,0,0,0,0,0,0,0,0
16273,1823,0,0,0,0,0,0,0,0,0
16274,1823,0,0,0,0,0,0,1,0,0
16275,1823,0,0,0,0,0,0,0,0,0
16276,1823,0,0,0,0,0,0,0,0,0
16277,1823,0,0,0,0,0,0,0,0,0
16278,1823,0,0,0,0,0,1,0,0,0
16279,1823,0,0,0,0,0,0,0,0,0
16280,1823,0,0,0,0,0,0,0,0,0
16281,1823,0,0,0,0,0,0,0,0,0
16282,1823,0,0,0,0,0,0,0,0,0
16283,1823,0,0,0,0,0,0,0,0,0
16284,1823,0,0,0,0,0,0,0,0,0
16285,1823,0,0,0,0,0,0,0,0,0
16286,1823,0,0,0,0,0,0,0,0,0
16287,1823,0,0,0,0,0,0,0,0,0
16288,1823,0,0,0,0,0,0,0,0,0
16289,1823,0,0,0,0,0,0,0,0,0
16290,1823,0,0,0,0,0,0,0,0,0
16291,1823,0,0,0,0,0,0,0,0,0
16292,1823,0,0,0,1,0,0,0,0,0
16293,1823,0,0,0,0,0,0,0,0,0
16294,1823,0,0,0,0,0,0,0,0,0
16295,1823,0,0,0,0,0,0,0,0,0
16296,1823,0,0,0,0,0,0,0,0,0
16297,1823,0,0,0,0,0,0,0,0,0
16298,1823,0,0,0,0,0,0,0,0,0
16299,1823,0,0,1,0,0,0,0,0,0
16300,1823,0,0,0,0,0,0,0,0,0
16301,1823,0,0,0,0,0,0,0,0,0
16302,1823,0,0,0,1,0,0,0,0,0
16303,1823,0,0,0,0,0,0,0,0,0
16304,1823,0,0,0,0,0,0,0,0,0
16305,1823,0,0,0,0,0,0,0,0,0
16306,1823,0,0,0,0,0,0,0,0,0
16307,1823,0,0,0,0,0,0,0,0,0
16308,1823,0,0,0,0,0,0,0,0,0
16309,1823,0,0,0,0,0,0,0,0,0
16310,1823,0,0,0,0,0,0,0,0,0
16311,1823,0,0,0,0,0,0,0,0,0
16312,1823,0,0,0,0,0,0,0,0,0
16313,1823,0,0,1,0,0,0,0,0,0
16314,1823,0,0,0,0,0,0,0,0,0
16315,1823,0,0,0,0,0,0,1,0,0
16316,1823,0,0,0,0,0,0,0,0,0
16317,1823,0,0,0,0,0,0,0,0,0
16318,1823,0,0,0,0,0,0,0,0,0
16319,1823,0,0,0,0,0,0,0,0,0
16320,1823,0,0,0,0,0,0,0,0,0
16321,1823,0,0,0,0,0,0,0,0,0
16322,1823,0,0,0,0,0,0,0,0,0
16323,1823,0,0,0,0,0,0,0,0,0
16324,1823,0,0,0,0,0,0,0,0,0
16325,1823,0,0,0,0,0,0,0,0,0
16326,1823,0,0,0,0,0,0,0,0,0
16327,1823,0,0,0,0,0,0,0,0,0
16328,1823,0,0,0,0,0,0,0,0,0
16329,1823,0,0,0,0,0,0,0,0,0
16330,1823,0,0,0,0,0,0,0,0,0
16331,1823,0,0,0,0,0,0,0,0,0
16332,1823,0,0,0,0,0,0,0,0,0
16333,1823,0,0,0,0,0,0,0,0,0
16334,1823,0,0,0,0,0,0,0,0,0
16335,1823,0,0,0,0,0,0,0,0,0
16336,1823,0,0,0,0,0,0,1,0,0
16337,1823,0,0,0,0,0,0,0,0,0
16338,1823,0,0,0,0,0,0,0,0,0
16339,1823,0,0,0,0,0,0,0,0,0
16340,1823,0,0,0,0,0,0,0,0,0
16341,1823,0,0,0,0,0,0,0,0,0
16342,1823,0,0,0,0,0,0,0,0,0
16343,1823,0,0,0,0,0,0,0,0,0
16344,1823,0,0,0,0,0,0,0,0,0
16345,1823,0,0,0,0,0,0,0,0,0
16346,1823,0,0,0,0,0,0,0,0,0
16347,1823,0,0,0,0,0,0,0,0,0
16348,1823,0,0,0,0,0,0,0,0,0
16349,1823,0,0,0,0,0,0,0,0,0
16350,1823,0,0,0,0,0,0,1,0,0
16351,1823,0,0,0,0,0,0,0,0,0
16352,1823,0,0,0,0,0,0,0,0,0
16353,1823,0,0,0,0,0,0,0,0,0
16354,1823,0,0,0,0,0,0,0,0,0
16355,1823,0,0,0,0,0,0,0,0,0
16356,1823,0,0,0,0,0,0,0,0,0
16357,1823,0,0,0,0,0,0,0,0,0
16358,1823,0,0,0,0,0,0,0,0,0
16359,1823,0,0,0,0,0,0,0,0,0
16360,1823,0,0,0,0,0,0,0,0,0
16361,1823,0,0,0,0,0,0,0,0,0
16362,1823,0,0,0,0,0,0,0,0,0
16363,1823,0,0,0,0,0,0,0,0,0
16364,1823,0,0,0,0,0,0,0,0,0
16365,1823,0,0,0,0,0,0,0,0,0
16366,1823,0,0,0,0,0,0,0,0,0
16367,1823,0,0,0,0,0,0,0,0,0
16368,1823,0,0,0,1,0,0,0,0,0
16369,1823,0,0,0,0,0,0,0,0,0
16370,1823,0,0,0,0,0,0,0,0,0
16371,1823,0,0,0,0,0,0,0,0,0
16372,1823,0,0,0,0,0,0,0,0,0
16373,1823,0,0,0,0,0,0,0,0,0
16374,1823,0,0,0,0,0,0,0,0,0
16375,1823,0,0,0,0,0,0,0,0,0
16376,1823,0,0,0,0,0,0,0,0,0
16377,1823,0,0,0,0,0,0,0,0,0
16378,1823,0,0,0,0,0,0,0,0,0
16379,1823,0,0,0,0,0,0,0,0,0
16380,1823,0,0,0,0,0,0,0,0,0
16381,1823,0,0,0,0,0,0,0,0,0
16382,1823,0,0,0,0,0,0,0,0,0
16383,1823,0,0,0,0,0,0,0,0,0
16384,1823,0,0,0,0,0,0,1,0,0
16385,1823,0,0,0,0,0,0,0,0,0
16386,1823,0,0,0,0,0,0,0,0,0
16387,1823,0,0,0,0,0,0,0,0,0
16388,1823,0,0,0,0,0,0,0,0,0
16389,1823,0,0,0,0,0,0,0,0,0
16390,1823,0,0,0,0,0,0,0,0,0
16391,1823,0,0,0,0,0,0,0,0,0
16392,1823,0,0,1,0,0,0,0,0,0
16393,1823,0,0,0,0,0,0,0,0,0
16394,1823,0,0,0,0,0,0,0,0,0
16395,1823,0,0,0,0,0,0,0,0,0
16396,1823,0,0,0,0,0,0,0,0,0
16397,1823,0,0,0,0,0,0,0,0,0
16398,1823,0,0,0,0,0,0,0,0,0
16399,1823,0,0,0,0,0,0,0,0,0
16400,1823,0,0,0,0,0,0,0,0,0
16401,1823,0,0,0,0,0,0,0,0,0
16402,1823,0,0,0,0,0,0,0,0,0
16403,1823,0,0,0,0,0,0,0,0,0
16404,1823,0,0,0,0,0,0,0,0,0
16405,1823,0,0,0,0,0,0,0,0,0
16406,1823,0,0,0,0,0,0,0,0,0
16407,1823,0,0,0,0,0,0,0,0,0
16408,1823,0,0,0,0,0,0,0,0,0
16409,1823,0,0,0,0,0,0,0,0,0
16410,1823,0,0,0,0,0,0,0,0,0
16411,1823,0,0,0,0,0,0,0,0,0
16412,1823,0,0,0,0,0,0,0,0,0
16413,1823,0,0,0,0,0,0,0,0,0
16414,1823,0,0,0,0,0,0,0,0,0
16415,1823,0,0,0,0,0,0,0,0,0
16416,1823,0,0,0,0,0,0,0,0,0
16417,1823,0,0,0,0,0,0,0,0,0
16418,1823,0,0,1,0,0,0,0,0,0
16419,1823,0,0,0,0,0,0,0,0,0
16420,1823,0,0,0,0,0,0,0,0,0
16421,1823,1,0,0,0,0,0,1,0,0
16422,1823,0,0,0,0,0,0,0,0,0
16423,1823,0,0,0,0,0,0,0,0,0
16424,1823,0,0,0,0,0,0,0,0,0
16425,1823,0,0,0,0,0,0,0,0,0
16426,1823,0,0,0,0,0,0,0,0,0
16427,1823,0,0,0,0,0,0,0,0,0
16428,1823,0,0,0,0,0,0,0,0,0
16429,1823,0,0,0,0,0,0,0,0,0
16430,1823,0,0,0,0,0,0,0,0,0
16431,1823,0,0,0,0,0,0,0,0,0
16432,1823,1,0,0,0,0,0,0,0,0
16433,1823,0,0,0,0,0,0,0,0,0
16434,1823,0,0,0,0,0,0,0,0,0
16435,1823,0,0,0,0,0,0,0,0,0
16436,1823,0,0,0,0,0,0,0,0,0
16437,1823,0,0,0,0,0,0,0,0,0
16438,1823,0,0,0,0,0,0,1,0,0
16439,1823,0,0,0,0,0,0,0,0,0
16440,1823,0,0,0,0,0,0,0,0,0
16441,1823,0,0,0,0,0,0,0,0,0
16442,1823,0,0,0,0,0,0,0,0,0
16443,1823,0,0,0,0,0,0,0,0,0
16444,1823,0,0,0,0,0,0,0,0,0
16445,1823,0,0,0,0,0,0,0,0,0
16446,1823,1,0,0,0,0,0,0,0,0
16447,1823,0,0,0,0,0,0,0,0,0
16448,1823,0,0,0,0,0,0,0,0,0
16449,1823,0,0,0,0,0,0,0,0,0
16450,1823,0,0,0,0,0,0,0,0,0
16451,1823,0,0,0,0,0,0,0,0,0
16452,1823,0,0,0,0,0,0,0,0,0
16453,1823,0,0,0,0,0,0,0,0,0
16454,1823,0,0,0,0,0,0,0,0,0
16455,1823,0,0,0,0,0,0,0,0,0
16456,1823,0,0,0,0,0,0,0,0,0
16457,1823,0,0,0,0,0,0,0,0,0
16458,1823,0,0,0,0,0,0,0,0,0
16459,1823,0,0,0,0,0,0,0,0,0
16460,1823,0,0,0,0,0,0,0,0,0
16461,1823,0,0,0,0,0,0,0,0,0
16462,1823,0,0,0,0,0,0,0,0,0
16463,1823,0,0,0,0,0,0,0,0,0
16464,1823,0,0,0,0,0,0,0,0,0
16465,1823,0,0,0,0,0,0,0,0,0
16466,1823,0,0,0,0,0,0,0,0,0
16467,1823,0,0,0,0,0,0,0,0,0
16468,1823,0,0,1,0,0,0,1,0,0
16469,1823,0,0,0,0,0,0,0,0,0
16470,1823,0,0,0,0,0,0,0,0,0
16471,1823,0,0,0,0,0,0,0,0,0
16472,1823,0,0,0,0,0,0,0,0,0
16473,1823,0,0,0,0,0,0,0,0,0
16474,1823,0,0,0,0,0,0,0,0,0
16475,1823,0,0,0,0,0,0,0,0,0
16476,1823,0,0,0,0,0,0,0,0,0
16477,1823,0,0,0,0,0,0,0,0,0
16478,1823,0,0,0,0,0,0,0,0,0
16479,1823,0,0,0,0,0,0,0,0,0
16480,1823,0,0,0,0,0,0,0,0,0
16481,1823,0,0,0,0,0,0,0,0,0
16482,1823,0,0,0,0,0,0,0,0,0
16483,1823,0,0,0,0,0,0,0,0,0
16484,1823,0,0,0,0,0,0,0,0,0
16485,1823,0,0,0,0,0,0,0,0,0
16486,1823,0,0,0,0,0,0,0,0,0
16487,1823,0,0,0,0,0,0,0,0,0
16488,1823,0,0,0,1,0,0,0,0,0
16489,1823,0,0,0,0,0,0,0,0,0
16490,1823,0,0,0,0,0,0,0,0,0
16491,1823,0,0,0,0,0,0,0,0,0
16492,1823,0,0,0,0,0,0,0,0,0
16493,1823,0,0,0,0,0,0,0,0,0
16494,1823,0,0,0,0,0,0,0,0,0
16495,1823,0,0,0,0,0,0,0,0,0
16496,1823,0,0,0,0,0,0,0,0,0
16497,1823,0,0,0,0,0,0,0,0,0
16498,1823,0,0,0,0,0,0,0,0,0
16499,1823,0,0,0,0,0,0,0,0,0
16500,1823,0,0,0,0,0,0,0,0,0
16501,1823,0,0,0,0,0,0,0,0,0
16502,1823,0,0,0,0,0,0,1,0,0
16503,1823,0,0,0,1,0,0,0,0,0
16504,1823,0,0,0,0,0,0,0,0,0
16505,1823,0,0,0,0,0,0,0,0,0
16506,1823,0,0,0,0,0,0,0,0,0
16507,1823,0,0,0,0,0,0,0,0,0
16508,1823,0,0,0,0,0,0,0,0,0
16509,1823,0,0,0,0,0,0,0,0,0
16510,1823,0,0,0,0,0,0,0,0,0
16511,1823,0,0,0,0,0,0,1,0,0
16512,1823,0,0,0,0,0,0,0,0,0
16513,1823,0,0,0,0,0,0,0,0,0
16514,1823,0,0,0,0,0,0,0,0,0
16515,1823,0,0,0,0,0,0,0,0,0
16516,1823,0,0,0,0,0,0,0,0,0
16517,1823,0,0,0,0,0,0,0,0,1
16518,1823,0,0,0,0,0,0,0,0,0
16519,1823,0,0,0,0,0,0,0,0,0
16520,1823,0,0,0,0,0,0,0,0,0
16521,1823,0,0,0,0,0,0,0,0,0
16522,1823,0,0,0,0,0,0,0,0,0
16523,1823,0,0,0,0,0,0,0,0,0
16524,1823,0,0,0,0,0,0,0,0,0
16525,1823,0,0,0,0,0,0,0,0,0
16526,1823,0,0,0,0,0,0,0,0,0
16527,1823,0,0,0,0,0,0,0,0,0
16528,1823,0,0,0,0,0,0,0,0,0
16529,1823,0,0,0,0,0,0,0,0,0
16530,1823,0,0,0,0,0,0,0,0,0
16531,1823,0,0,0,1,0,0,0,0,0
16532,1823,0,0,0,0,0,0,0,0,0
16533,1823,0,0,0,0,0,0,0,0,0
16534,1823,0,0,0,0,0,0,0,0,0
16535,1823,0,0,0,0,0,0,0,0,0
16536,1823,0,0,0,0,0,0,0,0,0
16537,1823,0,0,0,0,0,0,0,0,0
16538,1823,0,0,0,0,0,0,0,0,0
16539,1823,0,0,0,0,0,0,0,0,0
16540,1823,0,0,0,0,0,0,0,0,0
16541,1823,0,0,0,0,0,0,0,0,0
16542,1823,0,0,0,0,0,0,0,0,0
16543,1823,0,0,0,0,0,0,0,0,0
16544,1823,0,0,0,0,0,1,0,0,0
16545,1823,0,0,0,0,0,0,0,0,0
16546,1823,0,0,0,0,0,0,0,0,0
16547,1823,0,0,0,0,0,0,0,0,0
16548,1823,0,0,0,0,0,0,0,0,0
16549,1823,0,0,0,0,0,0,0,0,0
16550,1823,0,0,0,0,0,0,0,0,0
16551,1823,0,0,0,0,0,0,0,0,0
16552,1823,0,0,0,0,0,0,0,0,0
16553,1823,0,0,0,0,0,0,0,0,0
16554,1823,0,0,0,0,0,0,0,0,0
16555,1823,0,0,0,0,0,0,0,0,0
16556,1823,0,0,0,0,0,0,0,0,0
16557,1823,0,0,0,0,0,0,0,0,0
16558,1823,0,0,0,0,0,0,0,0,0
16559,1823,0,0,0,0,0,0,0,0,0
16560,1823,0,0,0,0,0,0,0,0,0
16561,1823,0,0,0,0,0,0,0,0,0
16562,1823,0,0,0,0,0,0,0,0,0
16563,1823,0,0,0,0,0,0,0,0,0
16564,1823,0,0,0,0,0,0,0,0,0
16565,1823,0,0,0,0,0,0,0,0,0
16566,1823,0,0,0,0,0,0,0,0,0
16567,1823,0,0,0,0,0,0,0,0,0
16568,1823,0,0,0,0,0,0,0,0,0
16569,1823,0,0,0,0,0,0,0,0,0
16570,1823,0,0,0,0,0,0,0,0,0
16571,1823,0,0,0,0,0,0,0,0,0
16572,1823,0,0,0,0,0,0,0,0,0
16573,1823,0,0,0,0,0,0,0,0,0
16574,1823,0,0,0,0,0,0,0,0,0
16575,1823,0,0,0,0,0,0,0,0,0
16576,1823,0,0,0,0,0,0,0,0,0
16577,1823,0,0,0,0,0,0,0,0,0
16578,1823,0,0,0,0,0,0,0,0,0
16579,1823,0,0,0,0,0,0,0,0,0
16580,1823,0,0,0,0,0,0,0,0,0
16581,1823,0,0,0,0,0,0,0,0,0
16582,1823,0,0,0,0,0,0,0,0,0
16583,1823,0,0,0,0,0,0,0,0,0
16584,1823,0,0,0,0,0,0,0,0,0
16585,1823,0,0,0,0,0,0,0,0,0
16586,1823,0,0,0,0,0,0,0,0,0
16587,1823,0,0,0,0,0,0,0,0,0
16588,1823,0,0,0,0,0,0,0,0,0
16589,1823,0,0,0,0,0,0,0,0,0
16590,1823,0,0,0,0,0,0,0,0,0
16591,1823,0,0,0,0,0,0,0,0,0
16592,1823,0,0,1,0,0,0,0,0,0
16593,1823,0,0,0,0,0,0,0,0,0
16594,1823,0,0,0,0,0,0,0,0,0
16595,1823,0,0,0,0,0,0,0,0,0
16596,1823,0,0,0,0,0,0,0,0,0
16597,1823,0,0,0,0,0,0,0,0,0
16598,1823,0,0,0,0,0,0,0,0,0
16599,1823,0,0,0,0,0,0,0,0,0
16600,1823,0,0,0,0,0,0,0,0,0
16601,1823,0,0,0,0,0,0,0,0,0
16602,1823,0,0,0,0,0,0,0,0,0
16603,1823,0,0,0,0,0,0,0,0,0
16604,1823,0,0,0,0,0,0,0,0,0
16605,1823,0,0,0,0,0,0,0,0,0
16606,1823,0,0,0,0,0,0,0,0,0
16607,1823,0,0,0,0,0,0,0,0,0
16608,1823,0,0,0,1,0,0,0,0,0
16609,1823,0,0,0,0,0,0,0,0,0
16610,1823,0,0,0,0,0,0,0,0,0
16611,1823,0,0,0,0,0,0,0,0,0
16612,1823,0,0,0,0,0,0,0,0,0
16613,1823,0,0,0,1,0,0,0,0,0
16614,1823,0,0,0,0,0,0,0,0,0
16615,1823,0,0,0,0,0,0,0,0,0
16616,1823,0,0,0,0,0,0,0,0,0
16617,1823,0,0,0,0,0,0,0,0,0
16618,1823,0,0,0,0,0,0,0,0,0
16619,1823,0,0,0,0,0,0,0,0,0
16620,1823,0,0,0,0,0,0,0,0,0
16621,1823,0,0,0,0,0,0,0,0,0
16622,1823,0,0,0,0,0,0,0,0,0
16623,1823,0,0,0,0,0,0,0,0,0
16624,1823,0,0,0,0,0,0,0,0,0
16625,1823,0,0,0,0,0,0,0,0,0
16626,1823,0,0,0,0,0,0,0,0,0
16627,1823,0,0,0,0,0,0,0,0,0
16628,1823,0,0,0,0,0,0,0,0,0
16629,1823,0,0,0,0,0,0,0,0,0
16630,1823,0,0,0,0,0,0,0,0,0
16631,1823,0,0,0,0,0,0,0,0,0
16632,1823,0,0,0,0,0,0,0,0,0
16633,1823,0,0,0,0,0,0,0,0,0
16634,1823,0,0,0,0,0,1,0,0,0
16635,1823,0,0,0,0,0,0,0,0,0
16636,1823,0,0,0,0,0,0,0,0,0
16637,1823,0,0,0,0,0,0,0,0,0
16638,1823,0,0,0,0,0,0,0,0,0
16639,1823,0,0,0,0,0,0,0,0,0
16640,1823,0,0,0,0,0,0,0,0,0
16641,1823,0,0,0,0,0,0,0,0,0
16642,1823,0,0,0,0,0,0,0,0,0
16643,1823,0,0,0,0,0,0,0,0,0
16644,1823,0,0,0,0,0,0,0,0,0
16645,1823,0,0,0,0,0,0,0,0,0
16646,1823,0,0,0,1,0,0,0,0,0
16647,1823,0,0,0,0,0,0,0,0,0
16648,1823,0,0,0,0,0,0,0,0,0
16649,1823,0,0,0,0,0,0,0,0,0
16650,1823,0,0,0,0,0,0,0,0,0
16651,1823,0,0,0,0,0,0,0,0,0
16652,1823,0,0,0,0,0,0,0,0,0
16653,1823,0,0,0,0,0,1,0,0,0
16654,1823,0,0,0,0,0,0,0,0,0
16655,1823,0,0,0,0,0,0,0,0,0
16656,1823,0,0,0,0,0,0,0,0,0
16657,1823,0,0,0,0,0,0,0,0,0
16658,1823,0,0,0,0,0,0,0,0,0
16659,1823,0,0,0,0,0,0,0,0,0
16660,1823,0,0,0,0,0,0,0,0,0
16661,1823,0,0,0,0,0,0,0,0,0
16662,1823,0,0,0,0,0,0,0,0,0
16663,1823,0,0,0,0,0,0,0,0,0
16664,1823,1,0,0,0,0,0,0,0,0
16665,1823,0,0,0,0,0,0,0,0,0
16666,1823,0,0,1,0,0,0,0,0,0
16667,1823,0,0,0,0,0,0,0,0,0
16668,1823,0,0,0,0,0,0,0,0,0
16669,1823,0,0,0,0,0,0,0,0,0
16670,1823,0,0,0,0,0,0,0,0,0
16671,1823,0,0,0,0,0,0,0,0,0
16672,1823,0,0,0,0,0,0,0,0,0
16673,1823,0,0,0,0,0,0,0,0,0
16674,1823,0,0,0,0,0,0,0,0,0
16675,1823,0,0,0,1,0,0,0,0,0
16676,1823,0,0,0,0,0,0,0,0,0
16677,1823,0,0,0,0,0,0,0,0,0
16678,1823,0,0,0,0,0,0,0,0,0
16679,1823,0,0,0,0,0,0,0,0,0
16680,1823,0,0,0,0,0,0,0,0,0
16681,1823,0,0,0,0,0,0,0,0,0
16682,1823,0,0,0,0,0,0,0,0,0
16683,1823,0,0,0,0,0,0,0,0,0
16684,1823,0,0,0,0,0,0,0,0,0
16685,1823,0,0,0,0,0,0,0,0,0
16686,1823,0,0,0,0,0,0,0,0,0
16687,1823,0,0,0,0,0,0,0,0,0
16688,1823,0,0,0,0,0,0,0,0,0
16689,1823,0,0,0,0,0,0,0,0,0
16690,1823,0,0,0,0,0,0,0,0,0
16691,1823,0,0,0,0,0,0,0,0,0
16692,1823,0,0,0,0,0,0,0,0,0
16693,1823,1,0,0,0,0,0,0,0,0
16694,1823,0,0,0,0,0,0,0,0,0
16695,1823,0,0,0,0,0,0,0,0,0
16696,1823,0,0,0,0,0,0,0,0,0
16697,1823,0,0,0,0,0,0,0,0,0
16698,1823,0,0,0,0,0,0,0,0,0
16699,1823,0,0,0,0,0,0,0,0,0
16700,1823,0,0,0,0,0,0,0,0,0
16701,1823,0,0,0,0,0,0,0,0,0
16702,1823,0,0,0,0,0,0,0,0,0
16703,1823,0,0,0,0,0,0,0,0,0
16704,1823,0,0,0,0,0,0,0,0,0
16705,1823,0,0,0,0,0,0,0,0,0
16706,1823,0,0,0,0,0,0,0,0,0
16707,1823,0,0,0,0,0,0,0,0,0
16708,1823,0,0,0,0,0,0,0,0,0
16709,1823,0,0,0,0,0,0,0,0,0
16710,1823,0,0,0,0,0,0,0,0,0
16711,1823,0,0,0,0,0,0,1,0,0
16712,1823,0,0,0,0,0,0,0,0,0
16713,1823,0,0,0,0,0,0,0,0,0
16714,1823,0,0,0,0,0,0,0,0,0
16715,1823,0,0,0,0,0,0,0,0,0
16716,1823,0,0,0,0,0,0,0,0,0
16717,1823,0,0,0,0,0,0,0,0,0
16718,1823,0,0,0,0,0,0,0,0,0
16719,1823,0,0,0,0,0,0,0,0,0
16720,1823,0,0,0,0,0,0,0,0,0
16721,1823,0,0,0,0,0,0,0,0,0
16722,1823,0,0,0,0,0,0,0,0,0
16723,1823,0,0,0,0,0,0,0,0,0
16724,1823,0,0,0,0,0,1,0,0,0
16725,1823,0,0,0,0,0,0,0,0,0
16726,1823,1,0,0,0,0,0,0,0,0
16727,1823,0,0,0,0,0,0,0,0,0
16728,1823,0,0,0,0,0,0,0,0,0
16729,1823,0,0,0,0,0,0,0,0,0
16730,1823,0,0,0,0,0,0,0,0,0
16731,1823,0,0,0,0,0,0,0,0,0
16732,1823,0,0,0,0,0,0,0,0,0
16733,1823,0,0,0,0,0,0,0,0,0
16734,1823,0,0,0,0,0,0,0,0,0
16735,1823,0,0,0,0,0,0,0,0,0
16736,1823,0,0,0,0,0,0,0,0,0
16737,1823,0,0,0,0,0,0,0,0,0
16738,1823,0,0,0,0,0,0,0,0,0
16739,1823,0,0,0,0,0,0,0,0,0
16740,1823,0,0,0,0,0,0,0,0,0
16741,1823,0,0,0,0,0,0,0,0,0
16742,1823,0,0,0,0,0,0,0,0,0
16743,1823,0,0,0,0,0,0,0,0,0
16744,1823,0,0,0,0,0,0,0,0,0
16745,1823,0,0,0,0,0,0,0,0,0
16746,1823,0,0,0,0,0,0,0,0,0
16747,1823,0,0,0,0,0,0,0,0,0
16748,1823,0,0,0,0,0,0,0,0,0
16749,1823,0,0,0,0,0,0,0,0,0
16750,1823,0,0,0,0,0,0,0,0,0
16751,1823,0,0,0,0,0,0,0,0,0
16752,1823,0,0,0,0,0,0,0,0,0
16753,1823,0,0,0,0,0,0,0,0,0
16754,1823,0,0,0,0,0,0,0,0,0
16755,1823,0,0,0,0,0,0,0,0,1
16756,1823,0,0,0,0,0,0,0,0,0
16757,1823,0,0,0,0,0,0,0,0,0
16758,1823,0,0,0,0,0,0,0,0,0
16759,1823,0,0,0,0,0,0,0,0,0
16760,1823,0,0,0,0,0,0,0,0,0
16761,1823,0,0,0,0,0,0,0,0,0
16762,1823,0,0,1,0,0,0,0,0,0
16763,1823,0,0,0,0,0,0,0,0,0
16764,1823,0,0,0,0,0,0,0,0,0
16765,1823,0,0,0,0,0,0,0,0,0
16766,1823,0,0,0,0,0,0,0,0,0
16767,1823,0,0,0,0,0,0,0,0,0
16768,1823,0,0,0,0,0,0,0,0,0
16769,1823,0,0,0,0,0,0,0,0,0
16770,1823,0,0,0,0,0,0,0,0,0
16771,1823,0,0,0,0,0,0,0,0,0
16772,1823,0,0,0,0,0,0,0,0,0
16773,1823,0,0,0,0,0,0,0,0,0
16774,1823,0,0,0,0,0,0,0,0,0
16775,1823,0,0,0,1,0,0,0,0,0
16776,1823,0,0,0,0,0,0,0,0,0
16777,1823,0,0,0,0,0,0,0,0,0
16778,1823,0,0,0,0,0,0,0,0,0
16779,1823,0,0,0,0,0,0,0,0,0
16780,1823,0,0,0,0,0,0,0,0,0
16781,1823,0,0,0,0,0,0,0,0,0
16782,1823,0,0,0,0,0,0,0,0,0
16783,1823,0,0,0,0,0,0,0,0,0
16784,1823,0,0,0,0,0,0,0,0,0
16785,1823,0,0,0,0,0,0,0,0,0
16786,1823,0,0,0,0,0,0,0,0,0
16787,1823,0,0,0,0,0,0,0,0,0
16788,1823,0,0,0,0,0,0,0,0,0
16789,1823,0,0,0,0,0,0,0,0,0
16790,1823,0,0,0,0,0,0,0,0,0
16791,1823,0,0,0,0,0,0,0,0,0
16792,1823,0,0,0,0,0,0,0,0,0
16793,1823,0,0,0,0,0,0,0,0,0
16794,1823,0,0,0,0,0,0,0,0,0
16795,1823,0,0,1,0,0,0,0,0,0
16796,1823,0,0,0,0,0,0,0,0,0
16797,1823,0,0,0,0,0,0,0,0,0
16798,1823,0,0,0,0,0,0,0,0,0
16799,1823,0,0,0,0,0,0,0,0,0
16800,1823,0,0,0,0,0,0,0,0,0
16801,1823,0,0,0,0,0,0,0,0,0
16802,1823,0,0,0,0,0,0,0,0,0
16803,1823,0,0,0,0,0,0,0,0,0
16804,1823,0,0,0,0,0,0,0,0,0
16805,1823,0,0,1,0,0,0,0,0,0
16806,1823,0,0,0,0,0,0,0,0,0
16807,1823,0,0,0,0,0,0,0,0,0
16808,1823,0,0,0,0,0,0,0,0,0
16809,1823,0,0,0,0,0,1,0,0,0
16810,1823,0,0,0,0,0,0,0,0,0
16811,1823,0,0,0,0,0,0,0,0,0
16812,1823,0,0,0,0,0,0,0,0,0
16813,1823,0,0,0,0,0,0,1,0,0
16814,1823,0,0,0,0,0,0,0,0,0
16815,1823,0,0,0,0,0,0,0,0,0
16816,1823,0,0,0,0,0,0,0,0,0
16817,1823,0,0,0,0,0,0,0,0,0
16818,1823,0,0,0,0,0,0,0,0,0
16819,1823,0,0,0,0,0,0,0,0,0
16820,1823,0,0,0,0,0,0,0,0,0
16821,1823,0,0,0,0,0,0,0,0,0
16822,1823,0,0,0,0,0,0,0,0,0
16823,1823,0,0,0,0,0,0,0,0,0
16824,1823,0,0,1,0,0,0,0,0,0
16825,1823,0,0,0,0,0,0,0,0,0
16826,1823,0,0,0,0,0,0,0,0,0
16827,1823,0,0,1,0,0,0,0,0,0
16828,1823,0,0,0,0,0,0,0,0,0
16829,1823,0,0,0,0,0,0,0,0,0
16830,1823,0,0,0,0,0,0,0,0,0
16831,1823,0,0,0,0,0,0,0,0,0
16832,1823,0,0,0,0,0,0,0,0,0
16833,1823,0,0,0,0,0,0,0,0,0
16834,1823,0,0,0,0,0,0,0,0,0
16835,1823,0,0,0,0,0,0,0,0,0
16836,1823,0,0,0,0,0,0,0,0,0
16837,1823,0,0,0,0,0,0,0,0,0
16838,1823,0,0,0,0,0,0,0,0,0
16839,1823,0,0,0,0,0,0,0,0,0
16840,1823,0,0,0,0,0,0,0,0,0
16841,1823,0,0,0,0,0,0,0,0,0
16842,1823,0,0,0,0,0,0,0,0,0
16843,1823,0,0,1,0,0,0,0,0,0
16844,1823,0,0,0,0,0,0,0,0,0
16845,1823,0,0,0,0,0,0,0,0,0
16846,1823,0,0,0,0,0,0,0,0,0
16847,1823,0,0,0,0,0,0,0,0,0
16848,1823,0,0,0,0,0,0,0,0,0
16849,1823,0,0,0,0,0,0,0,0,0
16850,1823,0,0,0,0,0,0,0,0,0
16851,1823,0,0,0,0,0,0,0,0,0
16852,1823,0,0,0,0,0,0,0,0,0
16853,1823,0,0,0,0,0,0,0,0,0
16854,1823,0,0,0,0,0,0,0,0,0
16855,1823,0,0,0,0,0,0,0,0,0
16856,1823,0,0,0,0,0,0,0,0,0
16857,1823,0,0,0,0,0,0,0,0,0
16858,1823,0,0,0,0,0,0,0,0,0
16859,1823,0,0,0,0,0,0,0,0,0
16860,1823,0,0,0,0,0,0,0,0,0
16861,1823,0,0,0,0,0,0,0,0,0
16862,1823,0,0,0,0,0,0,0,0,0
16863,1823,0,0,0,0,0,0,0,0,0
16864,1823,0,0,0,0,0,0,0,0,0
16865,1823,0,0,0,0,0,0,0,0,0
16866,1823,0,0,0,0,0,0,0,0,0
16867,1823,0,0,0,0,0,0,0,0,0
16868,1823,0,0,0,0,0,0,0,0,0
16869,1823,0,0,0,0,0,0,0,0,0
16870,1823,0,0,0,0,0,0,0,0,0
16871,1823,0,0,0,0,0,0,0,0,0
16872,1823,0,0,0,0,0,0,0,0,0
16873,1823,0,0,0,0,0,0,0,0,0
16874,1823,1,0,0,0,0,0,0,0,0
16875,1823,0,0,0,0,0,0,0,0,0
16876,1823,0,0,0,0,0,0,0,0,0
16877,1823,0,0,0,0,0,0,0,0,0
16878,1823,0,0,0,0,0,1,0,0,0
16879,1823,0,0,0,0,0,0,0,0,0
16880,1823,0,0,0,0,0,0,0,0,0
16881,1823,0,0,0,0,0,1,0,0,0
16882,1823,0,0,0,0,0,0,0,0,0
16883,1823,0,0,0,0,0,0,0,0,0
16884,1823,0,0,0,0,0,0,0,0,0
16885,1823,0,0,0,0,0,0,0,0,0
16886,1823,0,0,0,0,0,0,0,0,0
16887,1823,0,0,0,0,0,0,0,0,0
16888,1823,0,0,0,0,0,0,0,0,0
16889,1823,0,0,0,0,0,0,0,0,0
16890,1823,0,0,0,0,0,0,0,0,0
16891,1823,0,0,0,0,0,0,0,0,0
16892,1823,0,0,0,0,0,0,0,0,0
16893,1823,0,0,0,0,0,0,0,0,0
16894,1823,0,0,0,0,0,0,0,0,0
16895,1823,0,0,0,0,0,0,0,0,0
16896,1823,0,0,0,0,0,0,0,0,0
16897,1823,0,0,1,0,0,0,0,0,0
16898,1823,0,0,0,0,0,0,0,0,0
16899,1823,0,0,0,0,0,0,0,0,0
16900,1823,0,0,0,0,0,0,0,0,0
16901,1823,0,0,0,0,0,0,0,0,0
16902,1823,0,0,0,0,0,0,0,0,0
16903,1823,0,0,0,0,0,1,0,0,0
16904,1823,0,0,0,0,0,0,0,0,0
16905,1823,0,0,0,0,0,0,0,0,0
16906,1823,0,0,0,0,0,0,0,0,0
16907,1823,0,0,0,0,0,0,0,0,0
16908,1823,0,0,0,0,0,0,0,0,0
16909,1823,0,0,0,0,0,0,0,0,0
16910,1823,0,0,0,0,0,0,0,0,0
16911,1823,0,0,0,0,0,0,0,0,0
16912,1823,0,0,0,0,0,0,0,0,0
16913,1823,0,0,0,0,0,0,1,0,0
16914,1823,0,0,0,0,0,0,0,0,0
16915,1823,0,0,0,0,0,0,0,0,0
16916,1823,0,0,0,0,0,0,0,0,0
16917,1823,0,0,0,0,0,0,0,0,0
16918,1823,0,0,0,0,0,0,0,0,0
16919,1823,1,0,0,0,0,0,0,0,0
16920,1823,0,0,0,0,0,0,0,0,0
16921,1823,0,0,0,0,0,0,0,0,0
16922,1823,0,0,0,0,0,0,0,0,1
16923,1823,0,0,0,0,0,0,0,0,0
16924,1823,0,0,0,0,0,0,0,0,0
16925,1823,0,0,0,0,0,0,0,0,0
16926,1823,0,0,0,0,0,0,0,0,0
16927,1823,0,0,0,0,0,0,0,0,0
16928,1823,0,0,0,0,0,0,0,0,0
16929,1823,0,0,0,0,0,0,0,0,0
16930,1823,0,0,0,0,0,0,0,0,0
16931,1823,0,0,0,0,0,0,0,0,0
16932,1823,0,0,0,0,0,0,0,0,0
16933,1823,0,0,0,0,0,0,0,0,0
16934,1823,0,0,0,0,0,0,0,0,0
16935,1823,0,0,0,0,0,0,0,0,0
16936,1823,0,0,0,0,0,0,1,0,0
16937,1823,0,0,0,0,0,0,0,0,0
16938,1823,1,0,0,0,0,0,1,0,0
16939,1823,0,0,0,0,0,0,0,0,0
16940,1823,0,0,0,0,0,0,0,0,0
16941,1823,0,0,0,0,0,0,0,0,0
16942,1823,0,0,0,0,0,0,0,0,0
16943,1823,0,0,0,0,0,0,0,0,0
16944,1823,0,0,0,0,0,0,0,0,0
16945,1823,0,0,0,0,0,0,0,0,0
16946,1823,0,0,0,0,0,0,0,0,0
16947,1823,0,0,0,0,0,0,0,0,0
16948,1823,0,0,0,0,0,0,0,0,0
16949,1823,0,0,0,0,0,0,0,0,0
16950,1823,0,0,0,0,0,0,0,0,0
16951,1823,0,0,0,0,0,0,0,0,0
16952,1823,0,0,0,0,0,0,0,0,0
16953,1823,0,0,0,0,0,0,0,0,0
16954,1823,0,0,0,0,0,0,0,0,0
16955,1823,0,0,0,0,0,0,0,0,0
16956,1823,0,0,0,0,0,0,0,0,0
16957,1823,0,0,0,0,0,0,0,0,0
16958,1823,0,0,0,0,0,0,0,0,0
16959,1823,0,0,0,0,0,0,0,0,0
16960,1823,0,0,0,0,0,0,0,0,0
16961,1823,0,0,0,0,0,0,0,0,0
16962,1823,0,0,0,0,0,0,0,0,0
16963,1823,0,0,0,0,0,0,0,0,0
16964,1823,0,0,0,0,0,0,0,0,0
16965,1823,0,0,0,0,0,0,0,0,0
16966,1823,0,0,0,0,0,0,0,0,0
16967,1823,0,0,0,0,0,0,0,0,0
16968,1823,0,0,0,0,0,0,0,0,0
16969,1823,0,0,0,0,0,0,0,0,0
16970,1823,0,0,0,0,0,0,0,0,0
16971,1823,0,0,0,0,0,0,0,0,0
16972,1823,0,0,0,0,0,0,0,0,0
16973,1823,0,0,0,0,0,0,0,0,0
16974,1823,0,0,0,0,0,0,0,0,0
16975,1823,0,0,0,0,0,0,0,0,0
16976,1823,0,0,0,0,0,0,0,0,0
16977,1823,0,0,0,0,0,0,0,0,0
16978,1823,1,0,0,0,0,0,0,0,0
16979,1823,0,0,0,0,0,0,0,0,0
16980,1823,0,0,0,0,0,0,0,0,0
16981,1823,0,0,0,0,0,0,0,0,0
16982,1823,0,0,0,0,0,0,0,0,0
16983,1823,0,0,0,0,0,0,0,0,0
16984,1823,0,0,0,0,0,0,0,0,0
16985,1823,0,0,0,0,0,0,0,0,0
16986,1823,0,0,0,0,0,0,0,0,0
16987,1823,0,0,0,0,0,0,0,0,0
16988,1823,0,0,0,0,0,0,0,0,0
16989,1823,0,0,0,0,0,0,0,0,0
16990,1823,0,0,0,0,0,0,0,0,0
16991,1823,0,0,0,0,0,0,0,0,0
16992,1823,0,0,0,0,0,0,0,0,0
16993,1823,0,0,0,0,0,0,0,0,0
16994,1823,0,0,0,0,0,0,0,0,0
16995,1823,0,0,0,0,0,0,0,0,0
16996,1823,0,0,0,0,0,0,0,0,0
16997,1823,0,0,0,0,0,0,0,0,0
16998,1823,0,0,0,0,0,0,0,0,0
16999,1823,0,0,0,0,0,0,0,0,0
17000,1823,0,0,0,0,0,0,0,0,0
17001,1823,0,0,0,0,0,0,0,0,0
17002,1823,0,0,0,0,0,0,0,0,0
17003,1823,0,0,0,0,0,0,0,0,0
17004,1823,0,0,0,1,0,0,0,0,0
17005,1823,0,0,0,0,0,0,1,0,0
17006,1823,0,0,0,0,0,0,0,0,0
17007,1823,0,0,0,0,0,0,0,0,0
17008,1823,0,0,0,0,0,0,0,0,0
17009,1823,0,0,0,0,0,0,0,0,0
17010,1823,0,0,0,0,0,0,0,0,0
17011,1823,0,0,0,0,0,0,0,0,0
17012,1823,0,0,0,0,0,0,0,0,0
17013,1823,0,0,0,0,0,0,0,0,0
17014,1823,0,0,0,0,0,0,0,0,0
17015,1823,0,0,0,0,0,0,0,0,0
17016,1823,0,0,0,1,0,0,0,0,0
17017,1823,0,0,0,0,0,0,0,0,0
17018,1823,0,0,0,0,0,0,0,0,0
17019,1823,0,0,0,0,0,0,0,0,0
17020,1823,0,0,0,0,0,0,0,0,0
17021,1823,0,0,0,1,0,0,0,0,0
17022,1823,0,0,0,0,0,0,0,0,0
17023,1823,0,0,0,0,0,0,0,0,0
17024,1823,0,0,0,0,0,0,0,0,0
17025,1823,0,0,0,0,0,0,0,0,0
17026,1823,0,0,0,0,0,0,0,0,0
17027,1823,0,0,0,0,0,0,0,0,0
17028,1823,0,0,0,0,0,0,0,0,0
17029,1823,0,0,0,0,0,0,0,0,0
17030,1823,0,0,0,0,0,0,0,0,0
17031,1823,0,0,0,0,0,0,0,0,0
17032,1823,0,0,0,0,0,0,0,0,0
17033,1823,0,0,0,0,0,0,0,0,0
17034,1823,0,0,0,0,0,0,1,0,0
17035,1823,0,0,0,0,0,0,0,0,0
17036,1823,0,0,0,0,0,0,0,0,0
17037,1823,0,0,0,0,0,0,0,0,0
17038,1823,0,0,0,0,0,1,0,0,0
17039,1823,0,0,0,0,0,0,0,0,0
17040,1823,0,0,0,0,0,0,0,0,0
17041,1823,0,0,0,0,0,0,0,0,0
17042,1823,0,0,0,0,0,0,0,0,0
17043,1823,0,0,0,0,0,0,0,0,0
17044,1823,0,0,0,0,0,0,0,0,0
17045,1823,0,0,0,0,0,0,0,0,0
17046,1823,0,0,0,0,0,0,0,0,0
17047,1823,0,0,0,0,0,0,0,0,0
17048,1823,0,0,0,0,0,0,0,0,0
17049,1823,0,0,0,0,0,0,0,0,0
17050,1823,0,0,0,0,0,0,0,0,0
17051,1823,0,0,0,0,0,0,0,0,0
17052,1823,0,0,0,0,0,0,0,0,0
17053,1823,0,0,0,0,0,0,0,0,0
17054,1823,0,0,0,0,0,0,0,0,0
17055,1823,0,0,0,0,0,0,0,0,0
17056,1823,0,0,0,0,0,0,0,0,0
17057,1823,0,0,0,0,0,0,0,0,0
17058,1823,0,0,1,0,0,0,0,0,0
17059,1823,0,0,0,0,0,0,1,0,0
17060,1823,0,0,0,0,0,0,0,0,0
17061,1823,0,0,0,0,0,0,0,0,0
17062,1823,0,0,0,0,0,0,0,0,0
17063,1823,0,0,0,0,0,0,0,0,0
17064,1823,0,0,0,0,0,0,0,0,0
17065,1823,0,0,0,0,0,0,0,0,0
17066,1823,0,0,0,0,0,0,0,0,0
17067,1823,0,0,0,0,0,0,0,0,0
17068,1823,0,0,0,0,0,0,0,0,0
17069,1823,0,0,0,0,0,0,0,0,0
17070,1823,0,0,0,0,0,0,0,0,0
17071,1823,0,0,0,0,0,0,0,0,0
17072,1823,0,0,0,0,0,0,0,0,0
17073,1823,0,0,0,0,0,0,0,0,0
17074,1823,0,0,0,0,0,0,0,0,0
17075,1823,0,0,0,0,0,0,0,0,0
17076,1823,0,0,0,0,0,0,0,0,0
17077,1823,0,0,0,0,0,0,0,0,0
17078,1823,0,0,0,0,0,0,0,0,0
17079,1823,0,0,0,0,0,0,0,0,0
17080,1823,0,0,0,0,0,0,0,0,0
17081,1823,0,0,0,0,0,0,0,0,0
17082,1823,0,0,0,0,0,0,0,0,0
17083,1823,0,0,0,0,0,0,0,0,0
17084,1823,0,0,0,0,0,0,0,0,0
17085,1823,0,0,0,1,0,0,0,0,0
17086,1823,0,0,0,0,0,0,0,0,0
17087,1823,0,0,0,0,0,0,0,0,0
17088,1823,0,0,0,0,0,0,0,0,0
17089,1823,0,0,0,0,0,0,0,0,0
17090,1823,0,0,0,0,0,0,0,0,0
17091,1823,0,0,0,0,0,0,0,0,0
17092,1823,0,0,0,0,0,0,0,0,0
17093,1823,0,0,0,0,0,0,0,0,0
17094,1823,0,0,0,0,0,0,0,0,0
17095,1823,0,0,0,0,0,0,0,0,0
17096,1823,0,0,0,0,0,0,0,0,0
17097,1823,0,0,0,0,0,0,0,0,0
17098,1823,0,0,0,0,0,0,0,0,0
17099,1823,0,0,0,0,0,0,0,0,0
17100,1823,0,0,0,0,0,0,0,0,0
17101,1823,0,0,0,0,0,0,0,0,0
17102,1823,0,0,0,0,0,0,0,0,0
17103,1823,0,0,0,0,0,0,0,0,0
17104,1823,0,0,0,1,0,0,0,0,0
17105,1823,0,0,0,0,0,0,0,0,0
17106,1823,0,0,0,0,0,0,0,0,0
17107,1823,0,0,0,0,0,0,0,0,0
17108,1823,0,0,0,0,0,0,0,0,0
17109,1823,0,0,0,0,0,0,0,0,0
17110,1823,0,0,0,0,0,0,0,0,0
17111,1823,0,0,0,0,0,0,0,0,0
17112,1823,0,0,1,0,0,0,0,0,0
17113,1823,0,0,0,0,0,0,0,0,0
17114,1823,0,0,0,0,0,0,0,0,0
17115,1823,0,0,0,0,0,0,0,0,0
17116,1823,0,0,0,0,0,0,0,0,0
17117,1823,0,0,0,0,0,0,0,0,0
17118,1823,0,0,0,0,0,0,0,0,0
17119,1823,0,0,0,0,0,0,0,0,0
17120,1823,1,0,0,0,0,0,0,0,0
17121,1823,0,0,0,0,0,0,0,0,0
17122,1823,0,0,0,0,0,0,0,0,0
17123,1823,0,0,0,0,0,0,0,0,0
17124,1823,0,0,0,0,0,0,0,0,0
17125,1823,0,0,1,0,0,0,0,0,0
17126,1823,0,0,0,0,0,0,0,0,0
17127,1823,0,0,0,0,0,0,0,0,0
17128,1823,0,0,0,0,0,0,0,0,0
17129,1823,0,0,0,0,0,0,0,0,0
17130,1823,0,0,0,0,0,0,0,0,0
17131,1823,0,0,0,0,0,0,0,0,0
17132,1823,0,0,0,0,0,0,0,0,0
17133,1823,0,0,0,0,0,0,0,0,0
17134,1823,0,0,0,0,0,0,0,0,0
17135,1823,0,0,0,0,0,0,0,0,0
17136,1823,0,0,0,0,0,0,1,0,0
17137,1823,0,0,0,0,0,0,0,0,1
17138,1823,0,0,0,0,0,0,0,0,0
17139,1823,0,0,0,0,0,0,0,0,0
17140,1823,0,0,0,0,0,0,0,0,0
17141,1823,0,0,0,0,0,0,0,0,0
17142,1823,0,0,0,0,0,0,0,0,0
17143,1823,0,0,0,0,0,0,0,0,0
17144,1823,0,0,0,0,0,0,0,0,0
17145,1823,0,0,1,0,0,0,0,0,0
17146,1823,0,0,0,0,0,0,0,0,0
17147,1823,0,0,0,0,0,0,0,0,0
17148,1823,0,0,0,0,0,0,0,0,0
17149,1823,0,0,0,0,0,0,0,0,0
17150,1823,0,0,0,0,0,0,1,0,0
17151,1823,0,0,0,0,0,0,0,0,0
17152,1823,0,0,0,0,0,0,0,0,0
17153,1823,0,0,0,0,0,0,0,0,0
17154,1823,0,0,0,0,0,0,0,0,0
17155,1823,0,0,0,0,0,0,0,0,0
17156,1823,0,0,0,0,0,0,0,0,0
17157,1823,0,0,0,0,0,0,0,0,0
17158,1823,0,0,0,0,0,0,0,0,0
17159,1823,0,0,0,0,0,0,0,0,0
17160,1823,0,0,0,0,0,0,0,0,0
17161,1823,0,0,0,0,0,0,0,0,0
17162,1823,0,0,0,0,0,0,0,0,0
17163,1823,0,0,0,0,0,0,0,0,0
17164,1823,0,0,0,0,0,0,0,0,0
17165,1823,0,0,0,0,0,1,0,0,0
17166,1823,0,0,0,0,0,0,0,0,0
17167,1823,0,0,0,0,0,0,0,0,0
17168,1823,0,0,0,0,0,0,0,0,0
17169,1823,0,0,0,0,0,0,0,0,0
17170,1823,0,0,0,0,0,0,0,0,0
17171,1823,0,0,0,0,0,0,0,0,0
17172,1823,0,0,0,0,0,0,0,0,0
17173,1823,0,0,0,0,0,0,0,0,0
17174,1823,0,0,0,0,0,0,0,0,0
17175,1823,0,0,0,0,0,0,0,0,0
17176,1823,0,0,0,0,0,0,0,0,0
17177,1823,0,0,0,1,0,0,0,0,0
17178,1823,0,0,0,0,0,0,0,0,0
17179,1823,0,0,0,0,0,0,0,0,0
17180,1823,0,0,0,0,0,0,0,0,0
17181,1823,0,0,0,0,0,0,0,0,0
17182,1823,0,0,0,0,0,0,0,0,0
17183,1823,0,0,0,0,0,0,0,0,0
17184,1823,0,0,0,0,0,0,0,0,0
17185,1823,0,0,0,0,0,0,0,0,0
17186,1823,0,0,0,0,0,0,0,0,0
17187,1823,0,0,0,0,0,0,0,0,0
17188,1823,0,0,0,0,0,0,0,0,0
17189,1823,0,0,0,0,0,0,0,0,0
17190,1823,0,0,0,0,0,0,0,0,0
17191,1823,0,0,0,0,0,0,0,0,0
17192,1823,0,0,0,0,0,0,0,0,0
17193,1823,0,0,0,0,0,0,0,0,0
17194,1823,0,0,0,0,0,0,0,0,0
17195,1823,0,0,0,0,0,0,0,0,0
17196,1823,0,0,0,0,0,0,0,0,0
17197,1823,0,0,0,0,0,0,0,0,0
17198,1823,0,0,0,0,0,0,0,0,0
17199,1823,0,0,0,0,0,0,0,0,0
17200,1823,0,0,0,0,0,0,0,0,0
17201,1823,0,0,0,0,0,0,0,0,0
17202,1823,0,0,0,0,0,0,0,0,0
17203,1823,0,0,0,0,0,0,0,0,0
17204,1823,0,0,0,0,0,0,0,0,0
17205,1823,0,0,0,1,0,0,0,0,0
17206,1823,0,0,0,0,0,0,0,0,0
17207,1823,0,0,0,0,0,0,0,0,0
17208,1823,0,0,0,0,0,0,0,0,0
17209,1823,0,0,0,0,0,0,0,0,0
17210,1823,0,0,0,0,0,0,0,0,0
17211,1823,0,0,0,0,0,0,0,0,0
17212,1823,0,0,0,0,0,0,0,0,0
17213,1823,0,0,0,0,0,0,0,0,0
17214,1823,0,0,0,0,0,0,0,0,0
17215,1823,0,0,0,0,0,0,0,0,0
17216,1823,0,0,0,0,0,0,0,0,0
17217,1823,0,0,0,0,0,0,0,0,0
17218,1823,0,0,0,0,0,0,0,0,0
17219,1823,0,0,0,0,0,0,0,0,0
17220,1823,0,0,0,0,0,0,0,0,0
17221,1823,0,0,0,0,0,0,0,0,0
17222,1823,0,0,0,0,0,0,0,0,0
17223,1823,0,0,1,0,0,0,0,0,0
17224,1823,0,0,0,0,0,0,0,0,0
17225,1823,0,0,0,0,0,0,0,0,0
17226,1823,0,0,0,0,0,0,1,0,0
17227,1823,0,0,0,0,0,0,0,0,0
17228,1823,0,0,0,0,0,0,0,0,0
17229,1823,0,0,0,0,0,0,1,0,0
17230,1823,0,0,0,0,0,0,0,0,0
17231,1823,0,0,0,0,0,0,0,0,0
17232,1823,0,0,0,0,0,0,0,0,0
17233,1823,0,0,0,0,0,0,0,0,0
17234,1823,0,0,0,0,0,0,0,0,0
17235,1823,0,0,0,0,0,0,0,0,0
17236,1823,0,0,0,0,0,0,0,0,0
17237,1823,0,0,0,0,0,0,0,0,0
17238,1823,0,0,0,0,0,0,0,0,0
17239,1823,0,0,0,0,0,0,0,0,0
17240,1823,0,0,0,0,0,0,0,0,0
17241,1823,0,0,0,0,0,0,0,0,0
17242,1823,0,0,0,0,0,0,0,0,0
17243,1823,0,0,0,0,0,0,0,0,0
17244,1823,0,0,0,0,0,0,0,0,0
17245,1823,0,0,0,0,0,0,0,0,0
17246,1823,0,0,0,0,0,0,0,0,0
17247,1823,0,0,0,0,0,0,0,0,0
17248,1823,0,0,0,0,0,0,1,0,0
17249,1823,0,0,0,0,0,0,0,0,0
17250,1823,0,0,0,0,0,0,0,0,0
17251,1823,0,0,0,0,0,0,0,0,0
17252,1823,0,0,0,0,0,0,0,0,0
17253,1823,0,0,0,0,0,0,0,0,0
17254,1823,0,0,0,0,0,0,0,0,0
17255,1823,0,0,0,0,0,0,0,0,0
17256,1823,0,0,0,1,0,0,0,0,0
17257,1823,0,0,0,0,0,0,0,0,0
17258,1823,0,0,0,0,0,0,0,0,0
17259,1823,0,0,0,0,0,0,0,0,0
17260,1823,0,0,0,0,0,0,0,0,0
17261,1823,0,0,0,0,0,0,0,0,0
17262,1823,0,0,0,0,0,0,0,0,0
17263,1823,0,0,0,0,0,0,0,0,0
17264,1823,0,0,0,0,0,0,0,0,0
17265,1823,0,0,0,0,0,0,0,0,0
17266,1823,0,0,0,0,0,0,0,0,0
17267,1823,0,0,0,0,0,0,0,0,0
17268,1823,0,0,0,0,0,0,0,0,0
17269,1823,0,0,0,0,0,0,0,0,0
17270,1823,0,0,0,0,0,0,0,0,0
17271,1823,0,0,0,0,0,0,0,0,0
17272,1823,0,0,0,0,0,0,0,0,0
17273,1823,0,0,0,0,0,0,0,0,0
17274,1823,0,0,0,0,0,0,0,0,0
17275,1823,0,0,0,0,0,0,0,0,0
17276,1823,0,0,0,0,0,0,0,0,0
17277,1823,0,0,0,0,0,0,0,0,0
17278,1823,0,0,0,0,0,0,0,0,0
17279,1823,0,0,0,0,0,0,0,0,0
17280,1823,0,0,0,0,0,0,0,0,0
17281,1823,0,0,0,0,0,0,0,0,0
17282,1823,0,0,0,0,0,0,0,0,0
17283,1823,0,0,0,0,0,0,0,0,0
17284,1823,0,0,0,1,0,0,0,0,0
17285,1823,0,0,0,0,0,0,0,0,0
17286,1823,0,0,0,0,0,0,0,0,0
17287,1823,0,0,0,0,0,0,0,0,0
17288,1823,0,0,1,0,0,0,0,0,0
17289,1823,0,0,0,0,0,0,0,0,0
17290,1823,0,0,0,0,0,0,0,0,0
17291,1823,0,0,0,0,0,0,0,0,0
17292,1823,0,0,0,0,0,0,0,0,0
17293,1823,0,0,0,0,0,0,0,0,0
17294,1823,0,0,0,0,0,0,0,0,0
17295,1823,0,0,0,0,0,0,0,0,0
17296,1823,0,0,0,0,0,0,0,0,0
17297,1823,0,0,0,0,0,0,0,0,0
17298,1823,0,0,0,0,0,0,0,0,0
17299,1823,0,0,0,0,0,0,0,0,0
17300,1823,0,0,0,0,0,0,0,0,0
17301,1823,0,0,0,0,0,0,0,0,0
17302,1823,0,0,0,0,0,0,0,0,0
17303,1823,0,0,0,0,0,0,0,0,0
17304,1823,0,0,0,0,0,0,0,0,0
17305,1823,0,0,0,0,0,0,0,0,0
17306,1823,0,0,0,0,0,0,0,0,0
17307,1823,0,0,0,0,0,0,0,0,0
17308,1823,0,0,0,0,0,0,0,0,0
17309,1823,0,0,0,0,0,0,0,0,0
17310,1823,0,0,0,0,0,0,0,0,0
17311,1823,0,0,0,0,0,0,0,0,0
17312,1823,0,0,0,0,0,0,0,0,0
17313,1823,0,0,0,0,0,0,0,0,0
17314,1823,0,0,0,0,0,0,0,0,0
17315,1823,0,0,0,0,0,0,1,0,0
17316,1823,0,0,0,0,0,0,0,0,0
17317,1823,0,0,0,0,0,0,0,0,0
17318,1823,0,0,0,0,0,0,0,0,0
17319,1823,0,0,0,0,0,0,0,0,0
17320,1823,0,0,0,0,0,0,0,0,0
17321,1823,0,0,0,0,0,0,0,0,0
17322,1823,1,0,0,0,0,0,0,0,0
17323,1823,0,0,0,0,0,0,0,0,0
17324,1823,0,0,0,0,0,0,0,0,0
17325,1823,0,0,0,0,0,0,0,0,0
17326,1823,0,0,0,0,0,0,0,0,0
17327,1823,0,0,0,0,0,0,0,0,0
17328,1823,0,0,0,0,0,0,0,0,0
17329,1823,0,0,0,0,0,0,0,0,0
17330,1823,0,0,0,0,0,0,0,0,0
17331,1823,0,0,0,0,0,0,0,0,0
17332,1823,0,0,0,0,0,0,0,0,0
17333,1823,0,0,0,0,0,0,0,0,0
17334,1823,0,0,0,0,0,0,0,0,0
17335,1823,0,0,0,0,0,0,0,0,0
17336,1823,0,0,0,0,0,0,0,0,0
17337,1823,0,0,0,0,0,0,0,0,0
17338,1823,0,0,0,0,0,0,0,0,0
17339,1823,0,0,0,0,0,0,0,0,0
17340,1823,1,0,0,0,0,0,0,0,0
17341,1823,0,0,0,0,0,0,0,0,0
17342,1823,0,0,0,0,0,0,0,0,0
17343,1823,0,0,0,1,0,0,0,0,0
17344,1823,0,0,0,0,0,0,0,0,0
17345,1823,0,0,0,0,0,0,0,0,0
17346,1823,0,0,0,0,0,0,0,0,0
17347,1823,0,0,0,0,0,0,0,0,0
17348,1823,0,0,0,0,0,0,0,0,0
17349,1823,0,0,0,0,0,1,0,0,0
17350,1823,0,0,0,0,0,0,0,0,0
17351,1823,0,0,0,0,0,0,0,0,0
17352,1823,0,0,0,0,0,0,0,0,0
17353,1823,0,0,0,0,0,0,0,0,0
17354,1823,0,0,0,0,0,0,0,0,0
17355,1823,0,0,0,0,0,0,0,0,0
17356,1823,0,0,0,0,0,0,0,0,0
17357,1823,0,0,0,0,0,0,0,0,0
17358,1823,0,0,0,0,0,0,0,0,0
17359,1823,0,0,0,0,0,0,0,0,0
17360,1823,0,0,0,0,0,0,0,0,0
17361,1823,0,0,0,0,0,0,0,0,0
17362,1823,0,0,0,0,0,0,0,0,0
17363,1823,0,0,0,0,0,0,0,0,0
17364,1823,0,0,0,0,0,0,0,0,0
17365,1823,0,0,0,0,0,0,0,0,0
17366,1823,0,0,0,0,0,0,0,0,0
17367,1823,0,0,0,0,0,0,0,0,0
17368,1823,0,0,0,0,0,0,0,0,0
17369,1823,0,0,0,0,0,0,0,0,0
17370,1823,0,0,0,0,0,0,0,0,0
17371,1823,0,0,0,0,0,0,0,0,0
17372,1823,0,0,0,0,0,0,0,0,0
17373,1823,0,0,0,0,0,0,0,0,0
17374,1823,0,0,0,0,0,0,0,0,0
17375,1823,0,0,0,0,0,0,0,0,0
17376,1823,0,0,0,0,0,0,0,0,0
17377,1823,0,0,0,0,0,0,1,0,0
17378,1823,0,0,0,0,0,0,0,0,0
17379,1823,0,0,0,0,0,0,0,0,0
17380,1823,0,0,0,0,0,0,0,0,0
17381,1823,0,0,0,0,0,0,0,0,0
17382,1823,0,0,0,0,0,0,0,0,0
17383,1823,0,0,0,0,0,0,0,0,0
17384,1823,0,0,0,0,0,0,0,0,0
17385,1823,0,0,0,0,0,0,0,0,0
17386,1823,0,0,0,0,0,0,0,0,0
17387,1823,0,0,0,0,0,0,0,0,0
17388,1823,0,0,0,0,0,0,0,0,0
17389,1823,0,0,0,0,0,0,0,0,0
17390,1823,0,0,0,0,0,0,0,0,0
17391,1823,0,0,0,0,0,0,0,0,0
17392,1823,0,0,0,0,0,0,0,0,0
17393,1823,0,0,0,0,0,0,0,0,0
17394,1823,0,0,0,0,0,0,0,0,0
17395,1823,0,0,0,0,0,0,0,0,0
17396,1823,0,0,0,0,0,0,0,0,0
17397,1823,0,0,0,0,0,0,0,0,0
17398,1823,0,0,0,0,0,0,0,0,0
17399,1823,0,0,0,0,0,0,0,0,0
17400,1823,0,0,0,0,0,0,0,0,0
17401,1823,0,0,0,0,0,0,0,0,0
17402,1823,0,0,0,0,0,0,0,0,0
17403,1823,0,0,0,0,0,0,0,0,0
17404,1823,0,0,0,0,0,0,0,0,0
17405,1823,0,0,0,0,0,0,0,0,0
17406,1823,0,0,0,0,0,0,0,0,0
17407,1823,0,0,0,0,0,0,0,0,0
17408,1823,0,0,0,0,0,0,0,0,0
17409,1823,0,0,0,0,0,0,0,0,0
17410,1823,0,0,0,0,0,0,0,0,0
17411,1823,0,0,0,0,0,0,0,0,0
17412,1823,0,0,0,0,0,0,0,0,0
17413,1823,0,0,0,0,0,0,0,0,0
17414,1823,0,0,0,0,0,0,0,0,0
17415,1823,0,0,0,0,0,0,0,0,0
17416,1823,0,0,0,0,0,0,0,0,0
17417,1823,0,0,0,0,0,0,0,0,0
17418,1823,0,0,0,0,0,0,0,0,0
17419,1823,0,0,0,1,0,0,0,0,0
17420,1823,0,0,0,0,0,0,0,0,0
17421,1823,0,0,0,0,0,0,0,0,0
17422,1823,0,0,0,0,0,0,0,0,0
17423,1823,0,0,0,0,0,0,0,0,0
17424,1823,0,0,0,0,0,0,0,0,0
17425,1823,0,0,0,0,0,0,0,0,0
17426,1823,0,0,0,1,0,0,0,0,0
17427,1823,0,0,0,0,0,0,0,0,0
17428,1823,0,0,0,0,0,0,0,0,0
17429,1823,0,0,0,0,0,0,0,0,0
17430,1823,0,0,0,0,0,0,0,0,0
17431,1823,0,0,0,0,0,0,0,0,0
17432,1823,0,0,0,0,0,0,0,0,0
17433,1823,0,0,0,0,0,0,0,0,0
17434,1823,0,0,0,0,0,0,0,0,0
17435,1823,0,0,0,0,0,0,0,0,0
17436,1823,0,0,0,0,0,0,0,0,0
17437,1823,0,0,0,0,0,0,1,0,0
17438,1823,0,0,0,0,0,0,0,0,0
17439,1823,0,0,0,0,0,0,0,0,0
17440,1823,0,0,0,0,0,0,0,0,0
17441,1823,0,0,0,0,0,0,0,0,0
17442,1823,0,0,0,0,0,0,0,0,0
17443,1823,0,0,0,0,0,0,0,0,0
17444,1823,0,0,0,0,0,0,0,0,0
17445,1823,0,0,0,0,0,0,0,0,0
17446,1823,0,0,0,0,0,0,0,0,0
17447,1823,0,0,0,0,0,0,0,0,0
17448,1823,0,0,0,0,0,0,0,0,0
17449,1823,0,0,0,0,0,0,0,0,0
17450,1823,0,0,0,0,0,0,0,0,0
17451,1823,0,0,0,0,0,0,0,0,0
17452,1823,0,0,0,0,0,0,1,0,0
17453,1823,0,0,0,0,0,0,0,0,0
17454,1823,0,0,0,0,0,0,0,0,0
17455,1823,0,0,0,0,0,0,0,0,0
17456,1823,0,0,0,0,0,0,0,0,0
17457,1823,0,0,0,0,0,0,0,0,0
17458,1823,0,0,0,0,0,0,0,0,0
17459,1823,0,0,0,0,0,0,0,0,0
17460,1823,0,0,0,0,0,0,0,0,0
17461,1823,0,0,0,0,0,0,0,0,0
17462,1823,0,0,0,0,0,0,0,0,0
17463,1823,0,0,0,0,0,0,0,0,0
17464,1823,0,0,0,0,0,0,0,0,0
17465,1823,0,0,0,0,0,0,0,0,0
17466,1823,0,0,0,0,0,0,0,0,0
17467,1823,0,0,0,0,0,0,0,0,0
17468,1823,0,0,0,0,0,0,0,0,0
17469,1823,0,0,0,0,0,0,0,0,0
17470,1823,0,0,0,0,0,0,0,0,0
17471,1823,0,0,0,0,0,0,0,0,0
17472,1823,0,0,0,0,0,0,0,0,0
17473,1823,0,0,0,0,0,0,0,0,0
17474,1823,0,0,0,0,0,0,0,0,0
17475,1823,0,0,0,0,0,0,0,0,0
17476,1823,0,0,0,0,0,0,0,0,0
17477,1823,1,0,0,0,0,0,0,0,0
17478,1823,0,0,0,0,0,0,0,0,0
17479,1823,0,0,0,0,0,0,0,0,0
17480,1823,0,0,0,0,0,0,0,0,0
17481,1823,0,0,0,0,0,0,0,0,0
17482,1823,0,0,0,0,0,0,0,0,0
17483,1823,0,0,0,0,0,0,0,0,0
17484,1823,0,0,0,0,0,0,0,0,0
17485,1823,0,0,0,0,0,0,0,0,0
17486,1823,0,0,0,0,0,0,0,0,0
17487,1823,0,0,0,0,0,0,0,0,0
17488,1823,0,0,0,0,0,0,0,0,0
17489,1823,0,0,0,0,0,0,0,0,0
17490,1823,0,0,0,0,0,0,0,0,0
17491,1823,0,0,0,0,0,0,0,0,0
17492,1823,0,0,0,0,0,0,0,0,0
17493,1823,0,0,0,0,0,0,0,0,0
17494,1823,0,0,0,0,0,0,0,0,0
17495,1823,0,0,0,0,0,0,0,0,0
17496,1823,0,0,0,0,0,0,0,0,0
17497,1823,0,0,0,0,0,0,0,0,0
17498,1823,0,0,0,0,0,0,0,0,0
17499,1823,0,0,0,0,0,0,0,0,0
17500,1823,0,0,0,0,0,0,0,0,0
17501,1823,0,0,0,0,0,0,0,0,0
17502,1823,0,0,0,0,0,0,0,0,0
17503,1823,0,0,0,0,0,0,0,0,0
17504,1823,0,0,0,0,0,0,0,0,0
17505,1823,0,0,0,0,0,0,0,0,0
17506,1823,0,0,0,0,0,1,0,0,0
17507,1823,0,0,0,0,0,0,0,0,0
17508,1823,0,0,0,0,0,0,0,0,0
17509,1823,0,0,0,0,0,0,0,0,0
17510,1823,0,0,0,0,0,0,0,0,0
17511,1823,0,0,0,0,0,0,0,0,0
17512,1823,0,0,0,0,0,0,0,0,0
17513,1823,0,0,0,0,0,0,0,0,0
17514,1823,0,0,0,0,0,0,0,0,0
17515,1823,0,0,0,0,0,0,0,0,0
17516,1823,0,0,0,0,0,0,0,0,0
17517,1823,0,0,0,0,0,0,0,0,0
17518,1823,0,0,0,0,0,0,0,0,0
17519,1823,0,0,0,0,0,0,0,0,0
17520,1823,0,0,0,0,0,0,0,0,0
17521,1823,0,0,0,0,0,0,0,0,0
17522,1823,0,0,0,0,0,0,0,0,0
17523,1823,0,0,1,0,0,0,0,0,0
17524,1823,0,0,0,0,0,0,0,0,0
17525,1823,0,0,0,0,0,0,0,0,0
17526,1823,0,0,0,0,0,0,0,0,0
17527,1823,1,0,0,0,0,0,0,0,0
17528,1823,0,0,0,0,0,0,0,0,0
17529,1823,0,0,0,0,0,0,0,0,0
17530,1823,0,0,0,0,0,0,0,0,0
17531,1823,0,0,0,0,0,0,0,0,0
17532,1823,0,0,0,0,0,0,0,0,0
17533,1823,0,0,0,0,0,0,0,0,0
17534,1823,0,0,0,0,0,0,0,0,0
17535,1823,0,0,0,0,0,0,0,0,0
17536,1823,0,0,0,0,0,0,0,0,0
17537,1823,0,0,0,0,0,0,0,0,0
17538,1823,0,0,0,0,0,0,0,0,0
17539,1823,0,0,0,0,0,0,0,0,0
17540,1823,0,0,0,0,0,0,0,0,0
17541,1823,0,0,0,0,0,0,0,0,0
17542,1823,0,0,0,0,0,0,0,0,0
17543,1823,0,0,0,0,0,0,0,0,0
17544,1823,0,0,0,0,0,0,0,0,0
17545,1823,0,0,0,0,0,0,0,0,0
17546,1823,0,0,0,0,0,0,0,0,0
17547,1823,0,0,0,0,0,0,0,0,0
17548,1823,0,0,0,0,0,0,0,0,0
17549,1823,0,0,0,0,0,0,0,0,0
17550,1823,0,0,1,0,0,0,0,0,0
17551,1823,0,0,0,0,0,0,0,0,0
17552,1823,0,0,0,0,0,0,0,0,0
17553,1823,0,0,0,0,0,0,0,0,0
17554,1823,0,0,0,0,0,0,0,0,0
17555,1823,0,0,0,0,0,0,0,0,0
17556,1823,0,0,0,0,0,0,0,0,0
17557,1823,0,0,0,0,0,0,0,0,0
17558,1823,0,0,0,0,0,0,0,0,0
17559,1823,0,0,0,0,0,0,0,0,0
17560,1823,0,0,0,0,0,0,0,0,0
17561,1823,0,0,0,0,0,0,0,0,0
17562,1823,0,0,0,0,0,0,0,0,0
17563,1823,0,0,0,0,0,0,0,0,0
17564,1823,0,0,0,0,0,0,0,0,0
17565,1823,0,0,0,0,0,0,0,0,0
17566,1823,0,0,0,0,0,0,0,0,0
17567,1823,0,0,0,0,0,0,0,0,0
17568,1823,0,0,0,0,0,0,0,0,0
17569,1823,0,0,0,0,0,0,0,0,0
17570,1823,0,0,0,0,0,0,0,0,0
17571,1823,1,0,0,0,0,0,0,0,0
17572,1823,0,0,0,0,0,0,0,0,0
17573,1823,0,0,0,0,0,0,0,0,0
17574,1823,0,0,0,0,0,0,0,0,0
17575,1823,0,0,0,0,0,0,0,0,0
17576,1823,0,0,0,0,0,0,0,0,0
17577,1823,0,0,0,0,0,0,0,0,0
17578,1823,0,0,0,0,0,0,0,0,0
17579,1823,0,0,0,0,0,0,0,0,0
17580,1823,0,0,0,0,0,0,0,0,0
17581,1823,1,0,0,0,0,0,0,0,0
17582,1823,0,0,1,0,0,0,0,0,0
17583,1823,0,0,0,0,0,0,0,0,0
17584,1823,0,0,0,0,0,0,0,0,0
17585,1823,0,0,0,0,0,0,0,0,0
17586,1823,0,0,0,0,0,0,0,0,0
17587,1823,0,0,0,0,0,0,0,0,0
17588,1823,0,0,0,0,0,0,0,0,0
17589,1823,0,0,0,0,0,0,0,0,0
17590,1823,0,0,0,0,0,0,0,0,0
17591,1823,0,0,0,0,0,0,0,0,0
17592,1823,0,0,0,0,0,0,0,0,0
17593,1823,0,0,0,0,0,0,0,0,0
17594,1823,0,0,0,0,0,0,0,0,0
17595,1823,0,0,0,0,0,0,0,0,0
17596,1823,0,0,0,0,0,0,0,0,0
17597,1823,0,0,0,0,0,0,0,0,0
17598,1823,0,0,0,0,0,0,0,0,1
17599,1823,0,0,0,0,0,0,0,0,0
17600,1823,0,0,0,0,0,0,0,0,0
17601,1823,0,0,0,0,0,0,0,0,0
17602,1823,0,0,0,0,0,0,0,0,0
17603,1823,0,0,0,0,0,0,0,0,0
17604,1823,0,0,0,0,0,1,0,0,0
17605,1823,0,0,0,0,0,0,0,0,0
17606,1823,0,0,0,0,0,0,0,0,0
17607,1823,0,0,0,0,0,0,0,0,0
17608,1823,0,0,0,0,0,0,0,0,0
17609,1823,0,0,0,0,0,0,0,0,0
17610,1823,0,0,0,0,0,0,0,0,0
17611,1823,0,0,0,0,0,0,0,0,0
17612,1823,0,0,0,0,0,0,0,0,0
17613,1823,0,0,0,0,0,0,0,0,0
17614,1823,0,0,0,0,0,0,0,0,0
17615,1823,0,0,0,0,0,0,0,0,0
17616,1823,0,0,0,0,0,0,0,0,0
17617,1823,0,0,0,0,0,0,1,0,0
17618,1823,0,0,0,0,0,0,0,0,0
17619,1823,0,0,0,0,0,0,0,0,0
17620,1823,0,0,0,0,0,0,0,0,0
17621,1823,0,0,0,0,0,0,0,0,0
17622,1823,0,0,0,0,0,0,0,0,0
17623,1823,0,0,0,0,0,0,0,0,0
17624,1823,0,0,0,0,0,0,0,0,0
17625,1823,0,0,0,0,0,0,0,0,0
17626,1823,0,0,0,0,0,0,1,0,0
17627,1823,0,0,0,0,0,1,0,0,0
17628,1823,0,0,0,0,0,0,0,0,0
17629,1823,0,0,0,0,0,0,0,0,0
17630,1823,0,0,0,0,0,0,0,0,0
17631,1823,0,0,0,0,0,0,0,0,0
17632,1823,0,0,0,0,0,0,0,0,0
17633,1823,0,0,0,0,0,0,0,0,0
17634,1823,0,0,0,0,0,0,0,0,0
17635,1823,0,0,0,0,0,0,0,0,0
17636,1823,0,0,0,0,0,0,0,0,0
17637,1823,0,0,0,0,0,0,0,0,0
17638,1823,0,0,0,0,0,0,0,0,0
17639,1823,0,0,0,0,0,0,0,0,0
17640,1823,0,0,0,0,0,0,0,0,0
17641,1823,0,0,0,0,0,0,0,0,0
17642,1823,0,0,0,0,0,0,0,0,0
17643,1823,0,0,0,0,0,0,0,0,0
17644,1823,0,0,0,0,0,0,0,0,0
17645,1823,0,0,0,0,0,0,0,0,0
17646,1823,0,0,0,0,0,0,0,0,0
17647,1823,0,0,0,0,0,0,0,0,0
17648,1823,0,0,0,0,0,0,1,0,0
17649,1823,0,0,0,0,0,0,0,0,0
17650,1823,0,0,0,0,0,0,0,0,0
17651,1823,0,0,0,0,0,0,0,0,0
17652,1823,0,0,0,0,0,0,0,0,0
17653,1823,0,0,0,0,0,0,0,0,0
17654,1823,0,0,0,0,0,0,0,0,0
17655,1823,0,0,0,0,0,0,0,0,0
17656,1823,0,0,0,0,0,0,0,0,0
17657,1823,0,0,0,0,0,0,0,0,0
17658,1823,0,0,0,0,0,0,0,0,0
17659,1823,0,0,0,0,0,0,0,0,0
17660,1823,0,0,0,0,0,0,0,0,0
17661,1823,0,0,0,0,0,0,0,0,0
17662,1823,0,0,0,0,0,0,0,0,0
17663,1823,0,0,0,0,0,0,0,0,0
17664,1823,0,0,0,0,0,0,0,0,0
17665,1823,0,0,0,0,0,0,0,0,0
17666,1823,0,0,0,0,0,0,0,0,0
17667,1823,0,0,0,0,0,0,0,0,0
17668,1823,0,0,0,0,0,0,0,0,0
17669,1823,0,0,0,0,0,0,0,0,0
17670,1823,0,0,0,0,0,0,0,0,0
17671,1823,0,0,0,0,0,0,0,0,0
17672,1823,0,0,0,0,0,1,0,0,0
17673,1823,0,0,0,0,0,0,0,0,0
17674,1823,0,0,0,0,0,0,0,0,0
17675,1823,0,0,0,0,0,0,0,0,0
17676,1823,0,0,0,0,0,0,0,0,0
17677,1823,0,0,0,0,0,0,0,0,0
17678,1823,0,0,0,0,0,0,0,0,0
17679,1823,0,0,0,0,0,0,0,0,0
17680,1823,0,0,0,0,0,0,0,0,0
17681,1823,0,0,0,0,0,0,0,0,0
17682,1823,0,0,0,0,0,0,0,0,0
17683,1823,1,0,0,0,0,0,0,0,0
17684,1823,0,0,0,0,0,0,0,0,0
17685,1823,0,0,0,0,0,0,0,0,0
17686,1823,0,0,0,0,0,0,0,0,0
17687,1823,0,0,0,0,0,0,0,0,0
17688,1823,0,0,0,0,0,0,0,0,0
17689,1823,0,0,0,0,0,0,0,0,0
17690,1823,0,0,0,0,0,0,0,0,0
17691,1823,0,0,0,0,0,0,0,0,0
17692,1823,0,0,0,0,0,0,0,0,0
17693,1823,0,0,0,0,0,0,0,0,0
17694,1823,0,0,0,0,0,0,0,0,0
17695,1823,1,0,0,0,0,0,0,0,0
17696,1823,0,0,0,0,0,0,0,0,0
17697,1823,0,0,0,0,0,0,0,0,0
17698,1823,0,0,0,0,0,0,0,0,0
17699,1823,0,0,0,0,0,0,0,0,0
17700,1823,0,0,0,0,0,0,0,0,0
17701,1823,0,0,0,0,0,0,0,0,0
17702,1823,0,0,0,0,0,0,0,0,0
17703,1823,0,0,0,0,0,0,0,0,0
17704,1823,0,0,0,0,0,0,0,0,0
17705,1823,0,0,0,0,0,0,0,0,0
17706,1823,0,0,0,0,0,0,0,0,0
17707,1823,0,0,0,0,0,0,0,0,0
17708,1823,0,0,0,0,0,0,0,0,0
17709,1823,0,0,0,0,0,0,0,0,0
17710,1823,0,0,0,0,0,0,0,0,0
17711,1823,0,0,0,0,0,0,0,0,0
17712,1823,0,0,0,0,0,0,0,0,0
17713,1823,0,0,0,0,0,0,0,0,0
17714,1823,0,0,0,0,0,1,0,0,0
17715,1823,0,0,0,0,0,0,0,0,0
17716,1823,0,0,0,0,0,0,0,0,0
17717,1823,0,0,0,0,0,0,0,0,0
17718,1823,0,0,0,0,0,0,0,0,0
17719,1823,0,0,0,0,0,0,0,0,0
17720,1823,0,0,0,0,0,0,0,0,0
17721,1823,0,0,0,0,0,0,0,0,0
17722,1823,0,0,0,0,0,0,0,0,0
17723,1823,0,0,0,0,0,0,0,0,0
17724,1823,0,0,0,0,0,0,0,0,0
17725,1823,0,0,0,0,0,0,0,0,0
17726,1823,0,0,0,0,0,0,0,0,0
17727,1823,0,0,0,0,0,0,0,0,0
17728,1823,0,0,0,0,0,0,0,0,0
17729,1823,0,0,0,0,0,0,0,0,0
17730,1823,0,0,0,0,0,0,0,0,0
17731,1823,0,0,0,0,0,0,0,0,0
17732,1823,0,0,0,0,0,0,0,0,0
17733,1823,0,0,0,0,0,0,0,0,0
17734,1823,0,0,0,0,0,0,0,0,0
17735,1823,0,0,0,0,0,0,0,0,0
17736,1823,0,0,0,0,0,0,0,0,0
17737,1823,0,0,0,0,0,0,0,0,0
17738,1823,0,0,0,0,0,0,0,0,0
17739,1823,0,0,0,0,0,0,0,0,0
17740,1823,0,0,0,0,0,0,0,0,0
17741,1823,0,0,0,0,0,0,0,0,0
17742,1823,0,0,0,0,0,0,0,0,0
17743,1823,0,0,0,0,0,0,0,0,0
17744,1823,0,0,0,0,0,0,0,0,0
17745,1823,0,0,0,0,0,0,0,0,0
17746,1823,1,0,0,0,0,0,0,0,0
17747,1823,0,0,0,0,0,0,0,0,0
17748,1823,0,0,0,0,0,0,0,0,0
17749,1823,0,0,0,0,0,0,0,0,0
17750,1823,0,0,0,0,0,0,0,0,0
17751,1823,0,0,0,0,0,0,0,0,0
17752,1823,0,0,1,0,0,0,0,0,0
17753,1823,0,0,0,0,0,0,0,0,0
17754,1823,0,0,0,0,0,0,0,0,0
17755,1823,0,0,0,0,0,0,0,0,0
17756,1823,0,0,0,0,0,0,0,0,0
17757,1823,0,0,0,0,0,0,0,0,0
17758,1823,0,0,0,0,0,0,0,0,0
17759,1823,0,0,0,0,0,0,0,0,0
17760,1823,0,0,0,0,0,0,0,0,0
17761,1823,0,0,0,0,0,0,0,0,0
17762,1823,0,0,0,0,0,0,0,0,0
17763,1823,0,0,0,0,0,0,0,0,0
17764,1823,0,0,0,0,0,0,0,0,0
17765,1823,0,0,0,0,0,0,0,0,0
17766,1823,0,0,0,0,0,0,1,0,0
17767,1823,0,0,0,0,0,0,0,0,0
17768,1823,0,0,0,0,0,0,0,0,0
17769,1823,0,0,0,0,0,0,0,0,0
17770,1823,0,0,0,0,0,0,0,0,0
17771,1823,0,0,0,0,0,0,0,0,0
17772,1823,0,0,0,0,0,0,0,0,0
17773,1823,0,0,0,0,0,0,0,0,0
17774,1823,0,0,0,0,0,0,0,0,0
17775,1823,0,0,0,0,0,0,0,0,0
17776,1823,0,0,0,0,0,0,0,0,0
17777,1823,0,0,0,0,0,0,0,0,0
17778,1823,0,0,0,0,0,0,0,0,0
17779,1823,0,0,0,0,0,0,0,0,0
17780,1823,0,0,0,0,0,0,0,0,0
17781,1823,0,0,0,0,0,0,0,0,0
17782,1823,0,0,0,0,0,0,0,0,0
17783,1823,0,0,0,0,0,0,0,0,0
17784,1823,0,0,0,0,0,0,0,0,0
17785,1823,0,0,0,0,0,0,0,0,0
17786,1823,0,0,0,0,0,0,0,0,0
17787,1823,0,0,0,0,0,0,0,0,0
17788,1823,0,0,0,0,0,0,0,0,0
17789,1823,0,0,0,0,0,0,0,0,0
17790,1823,0,0,0,0,0,0,0,0,0
17791,1823,0,0,0,0,0,0,0,0,0
17792,1823,0,0,0,0,0,0,0,0,0
17793,1823,0,0,0,0,0,0,0,0,0
17794,1823,0,0,0,0,0,0,0,0,0
17795,1823,0,0,0,0,0,0,0,0,0
17796,1823,0,0,0,0,0,0,0,0,0
17797,1823,0,0,0,0,0,0,0,0,0
17798,1823,0,0,0,0,0,0,0,0,0
17799,1823,0,0,0,0,0,0,0,0,0
17800,1823,0,0,0,0,0,0,0,0,0
17801,1823,0,0,0,0,0,0,0,0,0
17802,1823,0,0,0,0,0,0,0,0,0
17803,1823,0,0,0,0,0,0,0,0,0
17804,1823,0,0,0,0,0,0,0,0,0
17805,1823,0,0,0,0,0,0,0,0,0
17806,1823,0,0,0,0,0,0,0,0,0
17807,1823,0,0,0,0,0,0,0,0,0
17808,1823,0,0,0,0,0,0,0,0,0
17809,1823,0,0,0,0,0,0,0,0,0
17810,1823,0,0,0,0,0,0,0,0,0
17811,1823,0,0,0,0,0,0,0,0,0
17812,1823,0,0,0,0,0,0,0,0,0
17813,1823,0,0,0,0,0,0,0,0,0
17814,1823,0,0,0,0,0,0,0,0,0
17815,1823,0,0,0,0,0,0,0,0,0
17816,1823,0,0,0,0,0,0,0,0,0
17817,1823,0,0,0,0,0,0,0,0,0
17818,1823,0,0,0,0,0,0,0,0,0
17819,1823,0,0,0,0,0,0,0,0,0
17820,1823,0,0,0,0,0,0,0,0,0
17821,1823,0,0,0,0,0,0,0,0,0
17822,1823,0,0,0,0,0,0,0,0,0
17823,1823,1,0,0,0,0,0,0,0,0
17824,1823,0,0,0,0,0,0,0,0,0
17825,1823,0,0,0,0,0,0,0,0,0
17826,1823,0,0,0,0,0,0,0,0,0
17827,1823,0,0,0,0,0,0,0,0,0
17828,1823,0,0,0,0,0,0,0,0,0
17829,1823,0,0,0,0,0,0,0,0,0
17830,1823,0,0,0,0,0,0,0,0,0
17831,1823,0,0,0,0,0,0,0,0,0
17832,1823,0,0,0,0,0,0,0,0,0
17833,1823,0,0,0,0,0,0,0,0,0
17834,1823,0,0,0,0,0,0,0,0,0
17835,1823,0,0,0,0,0,0,0,0,0
17836,1823,0,0,0,0,0,0,0,0,0
17837,1823,0,0,0,0,0,0,0,0,0
17838,1823,0,0,0,0,0,0,0,0,0
17839,1823,0,0,0,0,0,0,0,0,0
17840,1823,0,0,0,0,0,0,0,0,0
17841,1823,0,0,0,0,0,0,0,0,0
17842,1823,0,0,0,0,0,0,0,0,0
17843,1823,0,0,0,0,0,0,0,0,0
17844,1823,0,0,0,0,0,0,0,0,0
17845,1823,0,0,0,0,0,0,0,0,0
17846,1823,0,0,0,0,0,0,0,0,0
17847,1823,0,0,0,1,0,0,1,0,0
17848,1823,0,0,0,0,0,0,0,0,0
17849,1823,0,0,0,0,0,0,0,0,0
17850,1823,0,0,0,0,0,0,0,0,0
17851,1823,0,0,0,0,0,0,0,0,0
17852,1823,0,0,1,0,0,0,0,0,0
17853,1823,0,0,0,0,0,0,0,0,0
17854,1823,0,0,0,0,0,0,0,0,1
17855,1823,0,0,0,0,0,0,0,0,0
17856,1823,0,0,0,0,0,0,0,0,0
17857,1823,0,0,0,0,0,0,0,0,0
17858,1823,0,0,0,0,0,0,0,0,0
17859,1823,0,0,0,0,0,0,0,0,0
17860,1823,0,0,0,0,0,0,0,0,0
17861,1823,0,0,0,0,0,0,0,0,0
17862,1823,0,0,0,0,0,0,0,0,0
17863,1823,0,0,0,0,0,0,0,0,0
17864,1823,0,0,0,0,0,0,0,0,0
17865,1823,0,0,0,0,0,0,0,0,0
17866,1823,0,0,0,0,0,0,0,0,0
17867,1823,0,0,0,0,0,0,0,0,0
17868,1823,0,0,0,0,0,0,0,0,0
17869,1823,0,0,0,0,0,0,0,0,0
17870,1823,0,0,0,0,0,0,0,0,0
17871,1823,0,0,0,0,0,0,0,0,0
17872,1823,0,0,0,0,0,0,0,0,0
17873,1823,0,0,0,0,0,0,0,0,0
17874,1823,0,0,0,0,0,0,0,0,0
17875,1823,0,0,0,0,0,0,0,0,0
17876,1823,0,0,0,0,0,0,0,0,0
17877,1823,0,0,0,0,0,0,0,0,0
17878,1823,0,0,0,0,0,0,0,0,0
17879,1823,0,0,0,0,0,0,0,0,0
17880,1823,0,0,0,0,0,0,0,0,0
17881,1823,0,0,0,0,0,0,0,0,0
17882,1823,0,0,0,0,0,0,0,0,0
17883,1823,0,0,0,0,0,0,0,0,0
17884,1823,0,0,0,0,0,0,0,0,0
17885,1823,0,0,0,0,0,0,0,0,0
17886,1823,0,0,0,0,0,0,0,0,0
17887,1823,0,0,0,0,0,0,0,0,0
17888,1823,0,0,0,0,0,0,0,0,0
17889,1823,0,0,0,0,0,0,0,0,0
17890,1823,0,0,0,0,0,0,0,0,0
17891,1823,0,0,0,0,0,0,0,0,0
17892,1823,0,0,0,0,0,0,0,0,0
17893,1823,0,0,0,0,0,0,0,0,0
17894,1823,0,0,0,0,0,0,0,0,0
17895,1823,0,0,0,0,0,0,0,0,0
17896,1823,0,0,0,0,0,0,0,0,0
17897,1823,0,0,0,0,0,0,0,0,0
17898,1823,0,0,0,0,0,0,0,0,0
17899,1823,0,0,0,0,0,0,0,0,0
17900,1823,0,0,0,0,0,0,0,0,0
17901,1823,0,0,0,0,0,0,0,0,0
17902,1823,0,0,0,0,0,0,0,0,0
17903,1823,0,0,0,0,0,0,0,0,0
17904,1823,0,0,0,0,0,0,0,0,0
17905,1823,0,0,0,0,0,0,0,0,0
17906,1823,0,0,0,0,0,0,0,0,0
17907,1823,0,0,0,0,0,0,0,0,0
17908,1823,0,0,0,0,0,0,0,0,0
17909,1823,0,0,0,0,0,0,0,0,0
17910,1823,0,0,0,0,0,0,0,0,0
17911,1823,0,0,0,0,0,0,0,0,0
17912,1823,0,0,0,0,0,0,0,0,0
17913,1823,1,0,0,0,0,0,0,0,0
17914,1823,0,0,0,0,0,0,0,0,0
17915,1823,0,0,0,0,0,0,0,0,0
17916,1823,0,0,0,0,0,0,0,0,0
17917,1823,0,0,0,0,0,0,0,0,0
17918,1823,0,0,0,0,0,0,0,0,0
17919,1823,0,0,0,0,0,0,0,0,0
17920,1823,0,0,0,0,0,0,0,0,0
17921,1823,0,0,0,0,0,0,0,0,0
17922,1823,0,0,0,0,0,0,0,0,0
17923,1823,0,0,0,0,0,0,0,0,0
17924,1823,0,0,0,0,0,0,0,0,0
17925,1823,0,0,0,0,0,0,0,0,0
17926,1823,0,0,0,0,0,0,0,0,0
17927,1823,0,0,0,0,0,0,0,0,0
17928,1823,0,0,0,1,0,0,0,0,0
17929,1823,0,0,0,0,0,0,0,0,0
17930,1823,0,0,0,0,0,0,0,0,0
17931,1823,0,0,0,0,0,0,0,0,0
17932,1823,0,0,0,0,0,0,0,0,0
17933,1823,0,0,0,0,0,0,0,0,0
17934,1823,0,0,0,0,0,0,0,0,0
17935,1823,0,0,0,0,0,0,0,0,0
17936,1823,0,0,0,0,0,0,0,0,0
17937,1823,0,0,0,0,0,0,0,0,0
17938,1823,0,0,0,0,0,0,0,0,0
17939,1823,0,0,0,0,0,0,0,0,0
17940,1823,0,0,0,0,0,0,0,0,0
17941,1823,0,0,0,0,0,0,0,0,0
17942,1823,0,0,0,0,0,0,0,0,0
17943,1823,0,0,0,0,0,0,0,0,0
17944,1823,0,0,0,0,0,0,0,0,0
17945,1823,0,0,0,0,0,0,0,0,0
17946,1823,0,0,1,0,0,0,0,0,0
17947,1823,0,0,0,0,0,0,0,0,0
17948,1823,0,0,0,0,0,0,1,0,0
17949,1823,0,0,0,0,0,0,0,0,0
17950,1823,0,0,0,0,0,0,0,0,0
17951,1823,0,0,0,0,0,0,0,0,0
17952,1823,0,0,0,0,0,0,0,0,0
17953,1823,0,0,0,0,0,0,0,0,0
17954,1823,0,0,0,0,0,0,0,0,0
17955,1823,0,0,0,0,0,0,0,0,0
17956,1823,0,0,0,0,0,0,0,0,0
17957,1823,0,0,0,0,0,0,0,0,0
17958,1823,0,0,0,0,0,0,0,0,0
17959,1823,0,0,0,0,0,0,0,0,0
17960,1823,0,0,0,0,0,0,0,0,0
17961,1823,0,0,0,0,0,0,0,0,0
17962,1823,0,0,0,0,0,0,0,0,0
17963,1823,0,0,0,0,0,0,0,0,0
17964,1823,0,0,0,0,0,0,0,0,0
17965,1823,0,0,0,0,0,0,0,0,0
17966,1823,0,0,0,0,0,0,0,0,0
17967,1823,0,0,0,0,0,0,0,0,0
17968,1823,0,0,0,0,0,0,0,0,0
17969,1823,0,0,0,1,0,0,0,0,0
17970,1823,0,0,0,0,0,0,0,0,0
17971,1823,0,0,0,0,0,0,0,0,0
17972,1823,0,0,0,0,0,0,0,0,0
17973,1823,0,0,0,0,0,0,0,0,0
17974,1823,0,0,0,0,0,0,0,0,0
17975,1823,0,0,1,0,0,0,0,0,0
17976,1823,0,0,0,0,0,0,0,0,0
17977,1823,0,0,0,0,0,0,0,0,0
17978,1823,0,0,0,0,0,0,0,0,0
17979,1823,0,0,0,0,0,0,0,0,0
17980,1823,0,0,0,0,0,0,0,0,0
17981,1823,0,0,0,0,0,0,0,0,0
17982,1823,0,0,0,0,0,0,0,0,0
17983,1823,0,0,0,0,0,0,0,0,0
17984,1823,0,0,0,0,0,0,0,0,0
17985,1823,0,0,0,0,0,0,0,0,0
17986,1823,0,0,0,0,0,0,0,0,0
17987,1823,0,0,0,0,0,0,0,0,0
17988,1823,0,0,0,0,0,0,0,0,0
17989,1823,0,0,0,0,0,0,0,0,0
17990,1823,0,0,0,0,0,0,0,0,0
17991,1823,0,0,0,0,0,0,0,0,0
17992,1823,0,0,0,0,0,0,0,0,0
17993,1823,0,0,0,0,0,0,0,0,0
17994,1823,0,0,0,0,0,0,0,0,0
17995,1823,0,0,0,0,0,0,0,0,0
17996,1823,0,0,0,0,0,0,0,0,0
17997,1823,0,0,0,0,0,0,0,0,0
17998,1823,0,0,0,0,0,0,0,0,0
17999,1823,0,0,0,0,0,0,0,0,0
18000,1823,0,0,0,0,0,0,0,0,0
18001,1823,0,0,0,0,0,0,0,0,0
18002,1823,0,0,0,0,0,0,0,0,0
18003,1823,0,0,0,0,0,0,0,0,0
18004,1823,0,0,0,0,0,0,0,0,0
18005,1823,0,0,0,0,0,0,0,0,0
18006,1823,0,0,0,0,0,0,0,0,0
18007,1823,0,0,0,0,0,0,0,0,0
18008,1823,0,0,0,0,0,0,0,0,0
18009,1823,0,0,0,0,0,0,0,0,0
18010,1823,0,0,0,0,0,0,0,0,0
18011,1823,0,0,0,0,0,0,0,0,0
18012,1823,0,0,0,0,0,0,0,0,0
18013,1823,0,0,0,0,0,0,0,0,0
18014,1823,0,0,0,0,0,0,0,0,0
18015,1823,0,0,0,0,0,0,0,0,0
18016,1823,0,0,0,0,0,0,0,0,0
18017,1823,0,0,0,0,0,0,0,0,0
18018,1823,0,0,0,0,0,0,0,0,0
18019,1823,0,0,0,1,0,0,0,0,0
18020,1823,0,0,0,0,0,0,0,0,0
18021,1823,0,0,0,0,0,0,0,0,0
18022,1823,0,0,0,0,0,1,0,0,0
18023,1823,0,0,0,0,0,0,0,0,0
18024,1823,0,0,0,0,0,0,0,0,0
18025,1823,0,0,0,0,0,0,0,0,0
18026,1823,0,0,0,0,0,0,0,0,0
18027,1823,0,1,0,0,0,0,0,0,0
18028,1823,0,0,0,0,0,0,0,0,0
18029,1823,0,0,0,0,0,0,0,0,0
18030,1823,0,0,0,1,0,0,0,0,0
18031,1823,0,0,0,1,0,0,0,0,0
18032,1823,0,0,0,0,0,0,0,0,0
18033,1823,0,0,0,0,0,0,0,0,0
18034,1823,0,0,0,0,0,0,0,0,0
18035,1823,0,0,0,0,0,0,0,0,0
18036,1823,0,0,0,0,0,0,0,0,0
18037,1823,0,0,0,0,0,0,0,0,0
18038,1823,0,0,0,0,0,0,0,0,0
18039,1823,0,0,0,0,0,0,0,0,0
18040,1823,0,0,0,0,0,0,0,0,0
18041,1823,0,0,0,0,0,0,0,0,0
18042,1823,0,0,0,0,0,0,0,0,0
18043,1823,0,0,0,0,0,0,0,0,0
18044,1823,0,0,0,0,0,0,0,0,0
18045,1823,0,0,0,0,0,0,0,0,0
18046,1823,0,0,0,0,0,0,0,0,0
18047,1823,0,0,0,1,0,0,0,0,0
18048,1823,0,0,0,0,0,0,0,0,0
18049,1823,0,0,0,0,0,0,0,0,0
18050,1823,0,0,0,0,0,0,0,0,0
18051,1823,0,0,0,0,0,0,0,0,0
18052,1823,0,0,0,0,0,0,0,0,0
18053,1823,0,0,0,0,0,0,0,0,0
18054,1823,0,0,0,0,0,0,0,0,0
18055,1823,0,0,0,0,0,0,0,0,0
18056,1823,0,0,0,0,0,0,0,0,0
18057,1823,0,0,0,0,0,0,0,0,0
18058,1823,0,0,0,0,0,0,0,0,0
18059,1823,0,0,0,0,0,0,0,0,0
18060,1823,0,0,0,0,0,0,0,0,0
18061,1823,0,0,0,0,0,0,0,0,0
18062,1823,0,0,0,0,0,0,0,0,0
18063,1823,0,0,0,0,0,0,0,0,0
18064,1823,0,0,0,0,0,0,0,0,0
18065,1823,0,0,0,0,0,0,0,0,0
18066,1823,0,0,0,0,0,0,0,0,0
18067,1823,0,0,0,0,0,0,0,0,0
18068,1823,0,0,0,0,0,0,0,0,0
18069,1823,0,0,0,0,0,0,0,0,0
18070,1823,0,0,0,0,0,0,0,0,0
18071,1823,0,0,0,0,0,0,0,0,0
18072,1823,0,0,0,0,0,0,0,0,0
18073,1823,0,0,0,0,0,1,0,0,0
18074,1823,0,0,0,0,0,0,0,0,0
18075,1823,0,0,0,0,0,0,0,0,0
18076,1823,0,0,0,0,0,0,0,0,0
18077,1823,0,0,0,0,0,0,0,0,0
18078,1823,0,0,0,0,0,0,0,0,0
18079,1823,0,0,0,0,0,0,0,0,0
18080,1823,0,0,0,0,0,0,0,0,0
18081,1823,0,0,0,0,0,0,0,0,0
18082,1823,0,0,0,0,0,0,0,0,0
18083,1823,0,0,0,0,0,0,0,0,0
18084,1823,0,0,0,0,0,0,0,0,0
18085,1823,0,0,0,0,0,0,0,0,0
18086,1823,0,0,0,0,0,0,0,0,0
18087,1823,0,0,0,0,0,0,0,0,0
18088,1823,0,0,0,0,0,0,0,0,0
18089,1823,0,0,0,0,0,0,0,0,0
18090,1823,0,0,0,0,0,0,0,0,0
18091,1823,0,0,0,0,0,0,0,0,0
18092,1823,0,0,0,0,0,0,0,0,0
18093,1823,0,0,0,0,0,0,0,0,0
18094,1823,0,0,0,0,0,0,0,0,0
18095,1823,0,0,0,0,0,0,0,0,0
18096,1823,0,0,0,0,0,0,0,0,0
18097,1823,0,0,0,0,0,0,0,0,0
18098,1823,0,0,0,0,0,0,0,0,0
18099,1823,0,0,0,0,0,1,0,0,0
18100,1823,0,0,0,0,0,0,0,0,0
18101,1823,0,0,0,0,0,0,0,0,0
18102,1823,0,0,0,0,0,0,0,0,0
18103,1823,0,0,0,1,0,0,0,0,0
18104,1823,0,0,0,0,0,0,0,0,0
18105,1823,0,0,0,0,0,0,0,0,0
18106,1823,0,0,0,0,0,1,0,0,0
18107,1823,0,0,0,0,0,0,0,0,0
18108,1823,0,0,0,0,0,0,0,0,0
18109,1823,0,0,0,0,0,0,0,0,0
18110,1823,0,0,0,0,0,0,0,0,0
18111,1823,0,0,0,0,0,0,0,0,0
18112,1823,0,0,0,0,0,0,0,0,0
18113,1823,0,0,0,0,0,0,0,0,0
18114,1823,0,0,0,0,0,0,0,0,0
18115,1823,0,0,0,0,0,0,0,0,0
18116,1823,0,0,0,0,0,0,0,0,0
18117,1823,0,0,0,0,0,0,0,0,0
18118,1823,0,0,0,0,0,0,0,0,0
18119,1823,0,0,0,0,0,0,0,0,0
18120,1823,0,0,0,0,0,0,0,0,0
18121,1823,0,0,0,0,0,0,0,0,0
18122,1823,0,0,0,0,0,0,0,0,0
18123,1823,0,0,0,0,0,0,0,0,0
18124,1823,0,0,0,0,0,0,0,0,0
18125,1823,0,0,0,0,0,0,0,0,0
18126,1823,0,0,0,0,0,0,0,0,0
18127,1823,0,0,0,1,0,0,0,0,0
18128,1823,0,0,0,0,0,0,0,0,0
18129,1823,0,0,0,0,0,0,0,0,0
18130,1823,0,0,0,0,0,0,0,0,0
18131,1823,0,0,0,0,0,0,0,0,0
18132,1823,0,0,0,0,0,0,0,0,0
18133,1823,0,0,0,0,0,0,0,0,0
18134,1823,0,0,0,0,0,0,0,0,0
18135,1823,0,0,0,0,0,0,0,0,0
18136,1823,0,0,0,0,0,0,0,0,0
18137,1823,0,0,0,0,0,0,0,0,0
18138,1823,0,0,0,0,0,0,0,0,0
18139,1823,0,0,0,0,0,0,0,0,0
18140,1823,0,0,0,0,0,0,0,0,0
18141,1823,0,0,0,0,0,0,0,0,0
18142,1823,0,0,0,0,0,0,0,0,0
18143,1823,0,0,0,0,0,0,0,0,0
18144,1823,0,0,0,0,0,0,0,0,0
18145,1823,0,0,0,0,0,0,0,0,0
18146,1823,0,0,0,0,0,0,0,0,0
18147,1823,0,0,0,1,0,0,0,0,0
18148,1823,0,0,0,0,0,0,0,0,0
18149,1823,0,0,0,0,0,0,0,0,0
18150,1823,0,0,0,0,0,0,0,0,0
18151,1823,0,0,0,0,0,0,0,0,0
18152,1823,0,0,0,0,0,0,0,0,0
18153,1823,0,0,0,0,0,0,0,0,0
18154,1823,0,0,0,0,0,0,0,0,0
18155,1823,0,0,0,0,0,0,0,0,0
18156,1823,0,0,0,0,0,0,0,0,0
18157,1823,0,0,0,0,0,0,0,0,0
18158,1823,0,0,0,0,0,0,0,0,0
18159,1823,0,0,0,1,0,0,0,0,0
18160,1823,0,0,0,0,0,0,0,0,0
18161,1823,0,0,0,0,0,0,1,0,0
18162,1823,0,0,0,0,0,0,0,0,0
18163,1823,0,0,0,0,0,0,1,0,0
18164,1823,0,0,1,0,0,0,0,0,0
18165,1823,0,0,0,0,0,0,0,0,0
18166,1823,0,0,0,0,0,0,0,0,0
18167,1823,0,0,0,0,0,0,0,0,0
18168,1823,0,0,0,0,0,0,0,0,0
18169,1823,0,0,0,0,0,0,0,0,0
18170,1823,0,0,0,0,0,0,0,0,0
18171,1823,0,0,0,0,0,0,0,0,0
18172,1823,0,0,0,0,0,0,0,0,0
18173,1823,0,0,0,0,0,0,0,0,0
18174,1823,0,0,0,0,0,0,0,0,0
18175,1823,0,0,0,0,0,0,0,0,0
18176,1823,0,0,0,0,0,0,0,0,0
18177,1823,0,0,0,0,0,0,0,0,0
18178,1823,0,0,0,0,0,0,0,0,0
18179,1823,0,0,0,0,0,1,0,0,0
18180,1823,0,0,0,0,0,0,0,0,0
18181,1823,0,0,0,0,0,0,0,0,0
18182,1823,0,0,0,0,0,0,0,0,0
18183,1823,0,0,0,0,0,0,0,0,0
18184,1823,0,1,0,0,0,0,0,0,0
18185,1823,0,0,0,0,0,0,0,0,0
18186,1823,0,0,0,0,0,0,0,0,0
18187,1823,0,0,0,0,0,0,0,0,0
18188,1823,0,0,0,0,0,0,0,0,0
18189,1823,0,0,0,0,0,0,0,0,0
18190,1823,0,0,0,0,0,0,0,0,0
18191,1823,0,0,0,0,0,0,0,0,0
18192,1823,0,0,0,0,0,0,0,0,0
18193,1823,0,0,0,0,0,0,0,0,0
18194,1823,0,0,0,0,0,0,0,0,0
18195,1823,0,0,0,0,0,0,0,0,0
18196,1823,0,0,0,0,0,0,0,0,0
18197,1823,0,0,0,0,0,0,0,0,0
18198,1823,0,0,0,0,0,0,0,0,0
18199,1823,0,0,0,0,0,0,0,0,0
18200,1823,0,0,0,0,0,0,0,0,0
18201,1823,0,0,0,0,0,0,0,0,0
18202,1823,0,0,0,0,0,0,0,0,0
18203,1823,0,0,0,0,0,0,0,0,0
18204,1823,0,0,0,0,0,0,0,0,0
18205,1823,0,0,0,0,0,0,0,0,0
18206,1823,0,0,0,0,0,0,0,0,0
18207,1823,0,0,0,0,0,0,0,0,0
18208,1823,0,0,0,0,0,0,0,0,0
18209,1823,0,0,0,0,0,0,0,0,0
18210,1823,0,0,0,0,0,0,0,0,0
18211,1823,0,0,0,0,0,0,1,0,0
18212,1823,0,0,0,0,0,0,0,0,0
18213,1823,0,0,0,0,0,0,0,0,0
18214,1823,0,0,0,0,0,0,0,0,0
18215,1823,0,0,0,0,0,0,0,0,0
18216,1823,0,0,0,0,0,0,0,0,0
18217,1823,0,0,0,0,0,0,0,0,0
18218,1823,0,0,0,0,0,0,0,0,0
18219,1823,0,0,0,0,0,0,0,0,0
18220,1823,0,0,0,0,0,0,0,0,0
18221,1823,0,0,0,0,0,0,0,0,0
18222,1823,0,0,0,0,0,0,0,0,0
18223,1823,0,0,0,0,0,0,0,0,0
18224,1823,0,0,0,0,0,0,0,0,0
18225,1823,0,0,0,0,0,0,0,0,0
18226,1823,0,0,0,0,0,0,0,0,0
18227,1823,0,0,0,0,0,0,0,0,0
18228,1823,0,0,0,0,0,0,0,0,0
18229,1823,0,0,0,0,0,0,0,0,0
18230,1823,0,0,0,0,0,0,0,0,0
18231,1823,0,0,0,0,0,0,0,0,0
18232,1823,0,0,0,0,0,0,0,0,0
18233,1823,0,0,0,0,0,0,0,0,0
18234,1823,0,0,0,0,0,0,0,0,0
18235,1823,0,0,0,0,0,0,0,0,0
18236,1823,0,0,0,0,0,0,0,0,0
18237,1823,0,0,0,0,0,0,0,0,0
18238,1823,0,0,0,0,0,0,0,0,0
18239,1823,0,0,0,0,0,0,0,0,0
18240,1823,0,0,0,0,0,0,0,0,0
18241,1823,0,0,0,0,0,0,0,0,0
18242,1823,0,0,0,0,0,0,0,0,0
18243,1823,0,0,0,0,0,0,0,0,0
18244,1823,0,0,0,0,0,0,0,0,0
18245,1823,0,0,0,0,0,0,0,0,0
18246,1823,0,0,0,0,0,0,0,0,0
18247,1823,0,0,0,0,0,0,0,0,0
18248,1823,0,0,0,0,0,0,1,0,0
18249,1823,0,0,0,0,0,0,0,0,0
18250,1823,0,0,0,0,0,0,0,0,0
18251,1823,0,0,0,0,0,0,0,0,0
18252,1823,0,0,0,0,0,0,0,0,0
18253,1823,0,0,0,0,0,0,0,0,0
18254,1823,0,0,0,0,0,0,0,0,0
18255,1823,0,0,0,0,0,0,0,0,0
18256,1823,0,0,0,0,0,0,0,0,0
18257,1823,0,0,0,0,0,0,0,0,0
18258,1823,0,0,0,0,0,0,0,0,0
18259,1823,0,0,0,0,0,0,0,0,0
18260,1823,0,0,0,0,0,0,0,0,0
18261,1823,0,0,0,0,0,0,0,0,0
18262,1823,0,0,0,0,0,0,0,0,0
18263,1823,0,0,0,0,0,0,0,0,0
18264,1823,0,0,0,0,0,0,0,0,0
18265,1823,0,0,0,0,0,0,0,0,0
18266,1823,0,0,0,0,0,0,0,0,0
18267,1823,0,0,0,0,0,0,0,0,0
18268,1823,0,0,0,0,0,0,0,0,0
18269,1823,0,0,0,0,0,0,0,0,0
18270,1823,0,0,0,0,0,0,0,0,0
18271,1823,0,0,0,0,0,0,0,0,0
18272,1823,0,0,0,0,0,0,0,0,0
18273,1823,0,0,0,0,0,0,0,0,0
18274,1823,0,0,0,0,0,0,0,0,0
18275,1823,0,0,0,0,0,0,0,0,0
18276,1823,0,0,0,0,0,0,0,0,0
18277,1823,0,0,0,0,0,0,0,0,0
18278,1823,0,0,0,0,0,0,0,0,0
18279,1823,0,0,0,0,0,0,0,0,0
18280,1823,0,0,0,0,0,0,0,0,0
18281,1823,0,0,0,0,0,0,0,0,0
18282,1823,0,0,0,0,0,0,0,0,0
18283,1823,0,0,0,0,0,0,0,0,0
18284,1823,0,0,0,0,0,0,0,0,0
18285,1823,0,0,0,0,0,0,0,0,0
18286,1823,0,0,0,0,0,0,0,0,0
18287,1823,0,0,0,0,0,0,0,0,0
18288,1823,0,0,0,0,0,0,0,0,0
18289,1823,0,0,0,0,0,0,0,0,0
18290,1823,0,0,0,0,0,0,0,0,0
18291,1823,0,0,0,0,0,0,0,0,0
18292,1823,0,0,0,0,0,0,0,0,0
18293,1823,0,0,0,0,0,0,0,0,0
18294,1823,0,0,0,0,0,0,0,0,0
18295,1823,0,0,0,0,0,0,1,0,0
18296,1823,0,0,0,0,0,0,0,0,0
18297,1823,0,0,0,0,0,0,0,0,0
18298,1823,0,0,0,0,0,0,0,0,0
18299,1823,0,0,0,0,0,0,0,0,0
18300,1823,0,0,0,0,0,0,0,0,0
18301,1823,0,0,0,0,0,0,0,0,0
18302,1823,0,0,0,0,0,0,0,0,0
18303,1823,0,0,0,0,0,0,0,0,0
18304,1823,0,0,0,0,0,0,0,0,0
18305,1823,0,0,0,0,0,0,0,0,0
18306,1823,0,0,0,1,0,0,0,0,0
18307,1823,0,0,0,0,0,0,0,0,0
18308,1823,0,0,0,0,0,0,0,0,0
18309,1823,0,0,0,0,0,0,1,0,0
18310,1823,0,0,0,0,0,0,0,0,0
18311,1823,0,0,0,0,0,0,0,0,0
18312,1823,0,0,0,0,0,0,0,0,0
18313,1823,0,0,0,0,0,0,0,0,0
18314,1823,0,0,0,0,0,0,0,0,0
18315,1823,0,0,0,0,0,0,0,0,0
18316,1823,0,0,0,0,0,0,0,0,0
18317,1823,0,0,0,0,0,0,0,0,0
18318,1823,0,0,0,0,0,0,0,0,0
18319,1823,0,0,0,0,0,0,0,0,0
18320,1823,0,0,0,0,0,0,0,0,0
18321,1823,0,0,0,0,0,0,0,0,0
18322,1823,0,0,0,0,0,0,0,0,0
18323,1823,0,0,0,0,0,0,0,0,0
18324,1823,0,0,0,0,0,0,0,0,0
18325,1823,0,0,0,0,0,0,0,0,0
18326,1823,0,0,0,0,0,0,0,0,0
18327,1823,0,0,0,0,0,0,0,0,0
18328,1823,0,0,0,0,0,0,0,0,0
18329,1823,0,0,0,0,0,0,0,0,0
18330,1823,0,0,0,0,0,0,0,0,0
18331,1823,0,0,0,0,0,0,0,0,0
18332,1823,0,0,0,0,0,0,0,0,0
18333,1823,0,0,0,0,0,0,0,0,0
18334,1823,0,0,0,0,0,0,0,0,0
18335,1823,0,0,0,0,0,0,0,0,0
18336,1823,0,0,0,0,0,0,1,0,0
18337,1823,0,0,0,0,0,0,0,0,0
18338,1823,0,0,0,0,0,0,0,0,0
18339,1823,0,0,0,1,0,0,0,0,0
18340,1823,0,0,0,0,0,0,0,0,0
18341,1823,0,0,0,0,0,0,0,0,0
18342,1823,0,0,0,0,0,0,0,0,0
18343,1823,0,0,0,0,0,0,0,0,0
18344,1823,0,0,0,1,0,0,0,0,0
18345,1823,0,0,0,0,0,0,0,0,0
18346,1823,0,0,0,0,0,0,0,0,0
18347,1823,0,0,0,0,0,0,0,0,0
18348,1823,0,0,0,0,0,0,0,0,0
18349,1823,0,0,0,0,0,0,0,0,0
18350,1823,0,0,0,0,0,0,0,0,0
18351,1823,0,0,0,0,0,0,0,0,0
18352,1823,0,0,0,0,0,0,0,0,0
18353,1823,0,0,0,0,0,1,0,0,0
18354,1823,0,0,0,0,0,0,0,0,0
18355,1823,0,0,0,0,0,0,0,0,0
18356,1823,0,0,0,0,0,0,0,0,0
18357,1823,0,0,0,0,0,0,0,0,0
18358,1823,0,0,0,0,0,0,0,0,0
18359,1823,0,0,0,0,0,0,0,0,0
18360,1823,0,0,0,0,0,0,0,0,0
18361,1823,0,0,0,0,0,0,0,0,0
18362,1823,0,0,0,0,0,0,0,0,0
18363,1823,0,0,0,0,0,0,0,0,0
18364,1823,0,0,0,0,0,0,0,0,0
18365,1823,0,0,0,0,0,0,0,0,0
18366,1823,0,0,0,0,0,0,0,0,0
18367,1823,0,0,0,0,0,0,0,0,0
18368,1823,0,0,0,0,0,0,0,0,0
18369,1823,0,0,0,0,0,0,0,0,0
18370,1823,0,0,0,0,0,0,0,0,0
18371,1823,0,0,0,0,0,0,0,0,0
18372,1823,0,0,0,0,0,0,0,0,0
18373,1823,0,0,0,0,0,0,0,0,0
18374,1823,0,0,0,0,0,0,0,0,0
18375,1823,0,0,0,0,0,0,0,0,0
18376,1823,0,0,0,0,0,0,0,0,1
18377,1823,0,0,0,0,0,0,0,0,0
18378,1823,0,0,0,0,0,0,0,0,0
18379,1823,0,0,0,0,0,0,0,0,0
18380,1823,0,0,0,0,0,0,0,0,0
18381,1823,0,0,0,0,0,0,0,0,0
18382,1823,0,0,0,0,0,0,0,0,0
18383,1823,0,0,0,0,0,0,0,0,0
18384,1823,0,0,0,0,0,0,0,0,0
18385,1823,0,0,0,0,0,0,0,0,0
18386,1823,0,0,0,0,0,0,0,0,0
18387,1823,0,0,0,0,0,0,0,0,0
18388,1823,0,0,0,0,0,0,0,0,0
18389,1823,0,0,0,0,0,0,0,0,0
18390,1823,0,0,0,0,0,0,0,0,0
18391,1823,0,0,0,0,0,0,0,0,0
18392,1823,0,0,0,0,0,0,0,0,0
18393,1823,0,0,0,0,0,0,0,0,0
18394,1823,0,0,0,0,0,0,0,0,0
18395,1823,0,0,0,0,0,0,0,0,0
18396,1823,0,0,0,0,0,0,0,0,0
18397,1823,0,0,0,0,0,0,0,0,0
18398,1823,0,0,0,0,0,0,0,0,0
18399,1823,0,0,0,0,0,0,0,0,0
18400,1823,0,0,0,0,0,0,0,0,0
18401,1823,0,0,0,0,0,0,1,0,0
18402,1823,0,0,0,0,0,0,0,0,0
18403,1823,0,0,0,0,0,0,1,0,0
18404,1823,0,0,0,0,0,0,0,0,0
18405,1823,0,0,0,0,0,0,0,0,0
18406,1823,0,0,0,0,0,0,0,0,0
18407,1823,0,0,0,0,0,0,0,0,0
18408,1823,0,0,0,0,0,1,0,0,0
18409,1823,0,0,0,0,0,0,0,0,0
18410,1823,0,0,0,0,0,0,0,0,0
18411,1823,0,0,0,0,0,0,0,0,0
18412,1823,0,0,0,0,0,0,0,0,0
18413,1823,0,0,0,0,0,1,0,0,0
18414,1823,0,0,0,0,0,0,0,0,0
18415,1823,0,0,0,0,0,0,0,0,0
18416,1823,0,0,0,0,0,0,0,0,0
18417,1823,0,0,0,0,0,0,0,0,0
18418,1823,0,0,0,0,0,0,0,0,0
18419,1823,0,0,0,0,0,0,0,0,0
18420,1823,0,0,0,0,0,0,0,0,0
18421,1823,0,0,0,0,0,0,0,0,0
18422,1823,0,0,0,0,0,0,0,0,0
18423,1823,0,0,0,0,0,0,0,0,0
18424,1823,0,0,0,0,0,0,0,0,0
18425,1823,0,0,0,0,0,0,0,0,0
18426,1823,0,0,0,0,0,0,0,0,0
18427,1823,0,0,0,0,0,0,0,0,0
18428,1823,0,0,0,0,0,0,0,0,0
18429,1823,0,0,0,0,0,0,0,0,0
18430,1823,0,0,0,0,0,0,0,0,0
18431,1823,0,0,0,0,0,0,0,0,0
18432,1823,0,0,0,0,0,0,0,0,0
18433,1823,0,0,0,0,0,0,0,0,0
18434,1823,0,0,0,0,0,1,0,0,0
18435,1823,0,0,0,0,0,0,0,0,0
18436,1823,0,0,0,0,0,0,0,0,0
18437,1823,0,0,0,0,0,0,0,0,0
18438,1823,0,0,0,0,0,0,0,0,0
18439,1823,0,0,0,1,0,0,0,0,0
18440,1823,1,0,0,0,0,0,0,0,0
18441,1823,0,0,0,0,0,0,0,0,0
18442,1823,0,0,0,0,0,0,0,0,0
18443,1823,0,0,0,0,0,0,0,0,0
18444,1823,0,0,0,0,0,0,0,0,0
18445,1823,0,0,0,0,0,0,0,0,0
18446,1823,0,0,0,0,0,0,0,0,0
18447,1823,0,0,0,0,0,0,0,0,0
18448,1823,0,0,0,0,0,0,0,0,0
18449,1823,0,0,0,0,0,0,0,0,0
18450,1823,0,0,0,0,0,0,0,0,0
18451,1823,0,0,0,0,0,0,0,0,0
18452,1823,0,0,0,1,0,0,0,0,0
18453,1823,0,0,0,0,0,0,0,0,0
18454,1823,0,0,0,1,0,0,0,0,0
18455,1823,0,0,0,0,0,0,0,0,0
18456,1823,0,0,0,0,0,0,0,0,0
18457,1823,0,0,0,0,0,0,0,0,0
18458,1823,0,0,0,0,0,0,0,0,0
18459,1823,0,0,0,0,0,0,0,0,0
18460,1823,0,0,0,0,0,0,0,0,0
18461,1823,0,0,0,0,0,0,0,0,0
18462,1823,0,0,0,0,0,0,0,0,0
18463,1823,0,0,0,0,0,0,0,0,0
18464,1823,0,0,0,0,0,0,0,0,0
18465,1823,0,0,0,0,0,0,0,0,0
18466,1823,0,0,0,0,0,0,0,0,0
18467,1823,0,0,0,0,0,0,0,0,0
18468,1823,0,0,0,0,0,0,0,0,0
18469,1823,0,0,0,0,0,0,0,0,0
18470,1823,0,0,0,0,0,0,0,0,0
18471,1823,0,0,0,0,0,0,0,0,0
18472,1823,0,0,1,0,0,0,0,0,0
18473,1823,0,0,0,0,0,0,0,0,0
18474,1823,0,0,0,0,0,0,0,0,0
18475,1823,0,0,0,0,0,0,0,0,0
18476,1823,0,0,0,0,0,0,0,0,0
18477,1823,0,0,0,0,0,0,0,0,0
18478,1823,0,0,0,0,0,0,0,0,0
18479,1823,0,0,0,0,0,0,0,0,0
18480,1823,0,0,0,0,0,0,0,0,0
18481,1823,0,0,0,0,0,0,0,0,0
18482,1823,0,0,0,0,0,0,0,0,0
18483,1823,0,0,0,0,0,0,0,0,0
18484,1823,0,0,1,0,0,0,0,0,0
18485,1823,0,0,0,0,0,0,0,0,0
18486,1823,0,0,0,0,0,0,0,0,0
18487,1823,0,0,0,0,0,0,1,0,0
18488,1823,0,0,0,0,0,0,0,0,0
18489,1823,0,0,0,0,0,0,0,0,0
18490,1823,0,0,0,0,0,0,0,0,0
18491,1823,0,0,0,0,0,0,0,0,0
18492,1823,0,0,0,0,0,0,0,0,0
18493,1823,0,0,0,0,0,0,0,0,0
18494,1823,0,0,0,0,0,0,0,0,0
18495,1823,0,0,0,0,0,0,0,0,0
18496,1823,0,0,0,0,0,0,0,0,0
18497,1823,0,0,0,0,0,0,0,0,0
18498,1823,0,0,0,0,0,0,0,0,0
18499,1823,0,0,0,0,0,0,0,0,0
18500,1823,0,0,0,0,0,0,0,0,0
18501,1823,0,0,0,1,0,0,0,0,0
18502,1823,0,0,0,0,0,0,0,0,0
18503,1823,0,0,0,0,0,0,0,0,0
18504,1823,0,0,0,0,0,0,0,0,0
18505,1823,0,0,0,0,0,0,0,0,0
18506,1823,0,0,0,0,0,0,0,0,0
18507,1823,0,0,0,0,0,0,0,0,0
18508,1823,0,0,0,0,0,0,0,0,0
18509,1823,0,0,0,0,0,0,0,0,0
18510,1823,0,0,0,0,0,0,0,0,0
18511,1823,0,0,0,0,0,0,0,0,0
18512,1823,0,0,0,0,0,0,0,0,0
18513,1823,0,0,0,0,0,0,0,0,0
18514,1823,0,0,0,0,0,0,0,0,0
18515,1823,0,0,0,0,0,0,0,0,1
18516,1823,0,0,0,0,0,0,0,0,0
18517,1823,0,0,0,0,0,0,0,0,0
18518,1823,0,0,0,0,0,0,0,0,0
18519,1823,0,0,0,0,0,0,0,0,0
18520,1823,0,0,0,0,0,0,0,0,0
18521,1823,0,0,0,0,0,0,0,0,0
18522,1823,0,0,0,0,0,0,0,0,0
18523,1823,0,0,0,0,0,0,0,0,0
18524,1823,0,0,0,0,0,0,0,0,0
18525,1823,0,0,0,0,0,0,0,0,0
18526,1823,0,0,0,0,0,0,0,0,0
18527,1823,0,0,0,0,0,0,0,0,0
18528,1823,0,0,0,0,0,0,0,0,0
18529,1823,0,0,0,0,0,0,0,0,0
18530,1823,0,0,0,0,0,0,0,0,0
18531,1823,0,0,0,0,0,0,0,0,0
18532,1823,0,0,1,0,0,0,0,0,0
18533,1823,0,0,0,0,0,0,0,0,0
18534,1823,0,0,0,0,0,0,0,0,0
18535,1823,0,0,0,0,0,0,0,0,0
18536,1823,0,0,0,0,0,0,0,0,0
18537,1823,0,0,0,0,0,0,0,0,0
18538,1823,0,0,0,0,0,0,0,0,0
18539,1823,0,0,0,0,0,0,0,0,0
18540,1823,0,0,0,0,0,0,0,0,0
18541,1823,0,0,0,0,0,0,0,0,0
18542,1823,0,0,0,0,0,0,0,0,0
18543,1823,0,0,0,0,0,0,0,0,0
18544,1823,0,0,0,0,0,0,1,0,0
18545,1823,0,0,0,0,0,0,1,0,0
18546,1823,0,0,0,0,0,0,0,0,0
18547,1823,0,0,0,0,0,0,0,0,0
18548,1823,0,0,0,0,0,0,0,0,0
18549,1823,0,0,0,0,0,0,0,0,0
18550,1823,0,0,0,0,0,0,1,0,0
18551,1823,0,0,0,0,0,0,0,0,0
18552,1823,0,0,0,0,0,0,0,0,0
18553,1823,0,0,0,0,0,0,0,0,0
18554,1823,0,0,0,0,0,0,0,0,0
18555,1823,0,0,0,0,0,0,0,0,0
18556,1823,0,0,0,0,0,0,0,0,0
18557,1823,0,0,0,0,0,0,0,0,0
18558,1823,0,0,0,0,0,0,0,0,0
18559,1823,0,0,0,0,0,0,0,0,0
18560,1823,0,0,0,0,0,0,0,0,0
18561,1823,0,0,0,0,0,0,0,0,0
18562,1823,0,0,0,0,0,0,0,0,0
18563,1823,0,0,0,0,0,0,0,0,0
18564,1823,0,0,0,0,0,0,0,0,0
18565,1823,0,0,1,0,0,0,0,0,0
18566,1823,0,0,0,0,0,0,0,0,0
18567,1823,0,0,0,0,0,0,0,0,0
18568,1823,0,0,0,0,0,0,0,0,0
18569,1823,0,0,0,0,0,0,0,0,0
18570,1823,0,0,0,0,0,0,0,0,0
18571,1823,0,0,0,0,0,0,0,0,0
18572,1823,0,0,0,0,0,0,0,0,0
18573,1823,0,0,0,0,0,0,0,0,1
18574,1823,0,0,0,0,0,0,0,0,0
18575,1823,0,0,0,0,0,0,0,0,0
18576,1823,0,0,0,0,0,0,0,0,0
18577,1823,0,0,0,1,0,0,0,0,0
18578,1823,0,0,0,0,0,0,0,0,0
18579,1823,0,0,0,1,0,0,0,0,0
18580,1823,0,0,0,0,0,0,0,0,0
18581,1823,0,0,0,0,0,0,0,0,0
18582,1823,0,0,0,0,0,0,0,0,0
18583,1823,0,0,0,0,0,0,0,0,0
18584,1823,0,0,0,0,0,0,0,0,0
18585,1823,0,0,0,0,0,0,0,0,0
18586,1823,0,0,0,0,0,0,0,0,0
18587,1823,0,0,0,0,0,0,0,0,0
18588,1823,0,0,0,0,0,0,0,0,0
18589,1823,0,0,0,0,0,0,0,0,0
18590,1823,0,0,0,0,0,0,0,0,0
18591,1823,0,0,0,0,0,0,0,0,0
18592,1823,0,0,0,0,0,0,0,0,0
18593,1823,0,0,0,0,0,0,0,0,0
18594,1823,0,0,0,0,0,0,0,0,0
18595,1823,0,0,0,0,0,0,0,0,0
18596,1823,0,0,0,0,0,0,1,0,0
18597,1823,0,0,0,0,0,0,0,0,0
18598,1823,0,0,0,0,0,0,0,0,0
18599,1823,0,0,0,0,0,0,0,0,0
18600,1823,0,0,0,0,0,0,0,0,0
18601,1823,0,0,0,0,0,0,0,0,0
18602,1823,0,0,0,0,0,0,0,0,0
18603,1823,0,0,0,0,0,0,0,0,0
18604,1823,0,0,0,0,0,0,0,0,0
18605,1823,0,0,0,0,0,0,0,0,0
18606,1823,0,0,0,0,0,0,0,0,0
18607,1823,0,0,0,0,0,0,0,0,0
18608,1823,0,0,0,0,0,0,0,0,0
18609,1823,0,0,0,0,0,0,0,0,0
18610,1823,0,0,0,0,0,0,0,0,0
18611,1823,0,0,0,0,0,0,0,0,0
18612,1823,0,0,0,0,0,0,0,0,0
18613,1823,0,0,0,0,0,0,0,0,0
18614,1823,0,0,0,0,0,0,0,0,0
18615,1823,0,0,0,0,0,0,0,0,0
18616,1823,0,0,0,1,0,0,1,0,0
18617,1823,0,0,0,0,0,0,0,0,0
18618,1823,0,0,0,0,0,0,0,0,0
18619,1823,0,0,0,0,0,0,0,0,0
18620,1823,0,0,0,0,0,0,0,0,0
18621,1823,0,0,0,0,0,0,0,0,0
18622,1823,0,0,0,0,0,0,0,0,0
18623,1823,0,0,0,0,0,0,0,0,0
18624,1823,0,0,0,0,0,0,0,0,0
18625,1823,0,0,0,0,0,0,0,0,0
18626,1823,0,0,0,0,0,0,0,0,0
18627,1823,0,0,0,0,0,0,0,0,0
18628,1823,0,0,0,0,0,0,0,0,0
18629,1823,0,0,0,0,0,0,0,0,0
18630,1823,0,0,0,0,0,0,0,0,0
18631,1823,0,0,0,0,0,0,0,0,0
18632,1823,0,0,0,0,0,0,0,0,0
18633,1823,0,0,0,0,0,0,0,0,0
18634,1823,1,0,0,0,0,0,0,0,0
18635,1823,0,0,0,0,0,0,0,0,0
18636,1823,0,0,0,0,0,0,1,0,0
18637,1823,0,0,0,0,0,0,0,0,0
18638,1823,0,0,0,0,0,0,0,0,0
18639,1823,0,0,0,0,0,0,0,0,0
18640,1823,0,0,0,0,0,0,0,0,0
18641,1823,0,0,0,0,0,0,0,0,0
18642,1823,0,0,0,0,0,0,0,0,0
18643,1823,1,0,0,0,0,0,0,0,0
18644,1823,0,0,0,0,0,0,0,0,0
18645,1823,0,0,0,0,0,0,0,0,0
18646,1823,0,0,0,0,0,0,0,0,0
18647,1823,0,0,0,0,0,0,0,0,0
18648,1823,0,0,0,0,0,0,0,0,0
18649,1823,0,0,0,0,0,0,0,0,0
18650,1823,0,0,0,0,0,0,0,0,0
18651,1823,0,0,0,0,0,0,0,0,0
18652,1823,0,0,0,0,0,0,0,0,0
18653,1823,0,0,0,0,0,0,0,0,0
18654,1823,0,0,0,0,0,0,0,0,0
18655,1823,0,0,0,0,0,0,0,0,0
18656,1823,0,0,0,0,0,0,0,0,0
18657,1823,0,0,0,0,0,0,0,0,0
18658,1823,0,0,0,0,0,0,0,0,0
18659,1823,0,0,0,0,0,0,0,0,0
18660,1823,0,0,0,0,0,0,0,0,0
18661,1823,0,0,0,0,0,0,0,0,0
18662,1823,0,0,0,0,0,0,0,0,0
18663,1823,0,0,0,0,0,0,0,0,0
18664,1823,0,0,0,0,0,0,0,0,0
18665,1823,0,0,0,0,0,0,0,0,0
18666,1823,0,0,0,0,0,0,0,0,0
18667,1823,0,0,0,0,0,0,0,0,0
18668,1823,0,0,0,0,0,0,0,0,0
18669,1823,0,0,0,0,0,0,0,0,0
18670,1823,0,0,0,0,0,0,0,0,0
18671,1823,0,0,0,0,0,0,0,0,0
18672,1823,0,0,0,0,0,0,0,0,0
18673,1823,0,0,0,0,0,0,0,0,0
18674,1823,0,0,0,0,0,0,0,0,0
18675,1823,0,0,0,0,0,0,0,0,0
18676,1823,0,0,0,0,0,0,0,0,0
18677,1823,0,0,0,0,0,0,0,0,0
18678,1823,0,0,0,0,0,0,0,0,0
18679,1823,0,0,0,0,0,0,0,0,0
18680,1823,0,0,0,0,0,0,0,0,0
18681,1823,0,0,0,0,0,0,0,0,0
18682,1823,0,0,0,0,0,0,0,0,0
18683,1823,0,0,0,0,0,0,0,0,0
18684,1823,0,0,0,0,0,0,0,0,0
18685,1823,0,0,0,0,0,0,0,0,0
18686,1823,0,0,0,0,0,0,0,0,0
18687,1823,0,0,0,0,0,0,0,0,0
18688,1823,0,0,0,0,0,0,0,0,0
18689,1823,0,0,0,0,0,0,0,0,0
18690,1823,0,0,0,0,0,0,0,0,0
18691,1823,0,0,0,0,0,0,0,0,0
18692,1823,0,0,0,0,0,0,0,0,0
18693,1823,0,0,0,0,0,0,1,0,0
18694,1823,0,0,0,0,0,0,0,0,0
18695,1823,0,0,0,0,0,0,0,0,0
18696,1823,0,0,0,0,0,0,0,0,0
18697,1823,0,0,0,0,0,0,0,0,0
18698,1823,0,0,0,0,0,0,0,0,0
18699,1823,0,0,0,0,0,0,0,0,0
18700,1823,0,0,0,0,0,0,0,0,0
18701,1823,0,0,0,0,0,0,0,0,0
18702,1823,0,0,0,0,0,0,0,0,0
18703,1823,0,0,0,0,0,0,0,0,0
18704,1823,0,0,0,0,0,0,0,0,0
18705,1823,0,0,0,0,0,0,0,0,0
18706,1823,0,0,0,0,0,0,0,0,0
18707,1823,0,0,0,0,0,0,0,0,0
18708,1823,0,0,0,0,0,0,0,0,0
18709,1823,0,0,0,0,0,0,0,0,0
18710,1823,0,0,0,0,0,0,0,0,0
18711,1823,0,0,0,0,0,0,0,0,0
18712,1823,0,0,0,0,0,0,0,0,0
18713,1823,0,0,0,0,0,0,0,0,0
18714,1823,0,0,0,0,0,0,0,0,0
18715,1823,0,0,0,0,0,0,0,0,0
18716,1823,0,0,0,0,0,0,0,0,0
18717,1823,0,0,0,0,0,0,0,0,0
18718,1823,0,0,0,0,0,0,0,0,0
18719,1823,0,0,0,0,0,0,0,0,0
18720,1823,0,0,0,1,0,0,0,0,0
18721,1823,0,0,0,0,0,0,0,0,0
18722,1823,0,0,0,0,0,0,0,0,0
18723,1823,0,0,0,0,0,0,0,0,0
18724,1823,0,0,0,0,0,0,0,0,0
18725,1823,0,0,0,0,0,0,0,0,0
18726,1823,0,0,0,0,0,0,0,0,0
18727,1823,0,0,0,0,0,0,0,0,0
18728,1823,0,0,0,0,0,0,0,0,0
18729,1823,0,0,0,0,0,0,0,0,0
18730,1823,0,0,1,0,0,0,0,0,0
18731,1823,0,0,0,0,0,0,0,0,0
18732,1823,0,0,0,0,0,0,0,0,0
18733,1823,0,0,0,1,0,0,0,0,0
18734,1823,0,0,0,0,0,0,0,0,0
18735,1823,0,0,0,0,0,0,0,0,0
18736,1823,0,0,0,0,0,0,0,0,0
18737,1823,0,0,0,0,0,0,0,0,0
18738,1823,0,0,0,0,0,0,0,0,0
18739,1823,0,0,0,0,0,0,0,0,0
18740,1823,0,0,0,0,0,0,0,0,0
18741,1823,0,0,0,0,0,0,0,0,0
18742,1823,0,1,0,0,0,0,0,0,0
18743,1823,0,0,0,0,0,0,0,0,0
18744,1823,0,0,0,0,0,0,1,0,0
18745,1823,0,0,0,0,0,0,0,0,0
18746,1823,0,0,0,0,0,0,0,0,0
18747,1823,0,0,0,0,0,0,0,0,0
18748,1823,0,0,0,0,0,0,0,0,0
18749,1823,0,0,0,0,0,0,0,0,0
18750,1823,0,0,0,0,0,0,0,0,0
18751,1823,0,0,0,0,0,0,0,0,0
18752,1823,0,0,0,0,0,0,0,0,0
18753,1823,0,0,0,0,0,0,0,0,0
18754,1823,0,0,0,0,0,0,0,0,0
18755,1823,0,0,0,0,0,0,0,0,0
18756,1823,0,0,0,0,0,0,0,0,0
18757,1823,0,0,0,0,0,0,0,0,0
18758,1823,0,0,0,0,0,0,0,0,0
18759,1823,0,0,0,0,0,0,0,0,0
18760,1823,0,0,0,0,0,0,0,0,0
18761,1823,0,0,1,0,0,0,0,0,0
18762,1823,0,0,0,0,0,0,0,0,0
18763,1823,0,0,0,0,0,0,0,0,0
18764,1823,0,0,0,0,0,0,0,0,0
18765,1823,0,0,0,0,0,0,0,0,0
18766,1823,0,0,0,0,0,0,0,0,0
18767,1823,0,0,0,0,0,0,0,0,0
18768,1823,0,0,0,0,0,0,0,0,0
18769,1823,0,0,0,0,0,0,0,0,0
18770,1823,0,0,0,1,0,0,1,0,0
18771,1823,0,0,0,0,0,0,0,0,0
18772,1823,0,0,0,0,0,0,0,0,0
18773,1823,0,0,0,0,0,0,0,0,0
18774,1823,0,0,0,0,0,0,0,0,0
18775,1823,0,0,0,0,0,0,0,0,0
18776,1823,0,0,0,0,0,0,0,0,1
18777,1823,0,0,0,0,0,0,0,0,0
18778,1823,0,0,0,0,0,0,0,0,0
18779,1823,0,0,0,0,0,0,1,0,0
18780,1823,0,0,0,0,0,0,0,0,0
18781,1823,0,0,0,0,0,0,0,0,0
18782,1823,0,0,0,0,0,0,0,0,0
18783,1823,0,0,0,0,0,0,0,0,0
18784,1823,0,0,0,0,0,0,0,0,0
18785,1823,0,0,0,0,0,0,0,0,0
18786,1823,0,0,0,0,0,0,0,0,0
18787,1823,0,0,0,0,0,0,0,0,0
18788,1823,0,0,0,0,0,0,0,0,0
18789,1823,0,0,0,0,0,0,0,0,0
18790,1823,0,0,0,0,0,0,0,0,0
18791,1823,0,0,0,0,0,0,0,0,0
18792,1823,0,0,0,1,0,0,0,0,0
18793,1823,0,0,0,0,0,0,0,0,0
18794,1823,0,0,0,0,0,0,0,0,0
18795,1823,0,0,0,0,0,0,0,0,0
18796,1823,0,0,0,0,0,0,0,0,0
18797,1823,0,0,0,0,0,0,0,0,0
18798,1823,0,0,0,0,0,0,0,0,0
18799,1823,0,0,0,0,0,0,0,0,0
18800,1823,0,0,0,0,0,0,1,0,0
18801,1823,0,0,0,0,0,0,0,0,0
18802,1823,0,0,0,0,0,0,0,0,0
18803,1823,0,0,1,0,0,0,0,0,0
18804,1823,0,0,0,0,0,0,0,0,0
18805,1823,0,0,0,0,0,0,0,0,0
18806,1823,0,0,0,0,0,0,0,0,0
18807,1823,0,0,0,0,0,0,0,0,0
18808,1823,0,0,0,0,0,0,0,0,0
18809,1823,0,0,0,0,0,0,0,0,0
18810,1823,0,0,0,0,0,0,0,0,0
18811,1823,0,0,0,0,0,0,0,0,0
18812,1823,0,0,0,0,0,0,0,0,0
18813,1823,0,0,0,0,0,0,0,0,0
18814,1823,0,0,0,0,0,0,0,0,0
18815,1823,0,0,0,0,0,0,0,0,0
18816,1823,0,0,0,0,0,0,0,0,0
18817,1823,0,0,0,0,0,0,0,0,0
18818,1823,0,0,0,0,0,0,0,0,0
18819,1823,0,0,0,0,0,0,0,0,0
18820,1823,0,0,0,0,0,0,0,0,0
18821,1823,0,0,0,0,0,0,0,0,0
18822,1823,0,0,0,0,0,0,0,0,0
18823,1823,0,0,0,0,0,0,0,0,0
18824,1823,0,0,0,0,0,0,0,0,0
18825,1823,0,0,0,0,0,0,0,0,0
18826,1823,0,0,0,0,0,0,0,0,0
18827,1823,0,0,0,0,0,0,1,0,0
18828,1823,0,0,0,0,0,0,0,0,0
18829,1823,0,0,0,0,0,0,0,0,0
18830,1823,0,0,0,0,0,0,0,0,0
18831,1823,0,0,0,0,0,0,0,0,0
18832,1823,0,0,0,0,0,0,0,0,0
18833,1823,0,0,0,0,0,0,0,0,0
18834,1823,0,0,0,0,0,0,0,0,0
18835,1823,0,0,0,0,0,0,0,0,0
18836,1823,0,0,0,0,0,0,0,0,0
18837,1823,0,0,0,0,0,0,0,0,0
18838,1823,0,0,0,0,0,0,0,0,0
18839,1823,0,0,0,0,0,0,0,0,0
18840,1823,0,0,0,0,0,0,0,0,0
18841,1823,0,0,0,0,0,0,0,0,0
18842,1823,0,0,0,0,0,0,0,0,0
18843,1823,0,0,0,0,0,0,0,0,0
18844,1823,0,0,0,0,0,0,0,0,0
18845,1823,0,0,0,0,0,0,0,0,0
18846,1823,0,0,0,0,0,0,0,0,0
18847,1823,0,0,0,0,0,0,0,0,0
18848,1823,0,0,0,0,0,0,0,0,0
18849,1823,0,0,0,0,0,0,0,0,0
18850,1823,0,0,0,0,0,0,0,0,1
18851,1823,0,0,0,0,0,0,0,0,0
18852,1823,0,0,0,0,0,0,0,0,0
18853,1823,0,0,0,0,0,0,0,0,0
18854,1823,0,0,0,0,0,0,0,0,0
18855,1823,0,0,0,0,0,0,0,0,0
18856,1823,0,0,0,0,0,0,0,0,0
18857,1823,0,0,0,0,0,0,0,0,0
18858,1823,0,0,0,0,0,0,0,0,0
18859,1823,0,0,0,0,0,0,0,0,0
18860,1823,0,0,0,0,0,0,0,0,0
18861,1823,0,0,0,0,0,0,0,0,0
18862,1823,0,0,0,0,0,0,0,0,0
18863,1823,0,0,0,0,0,0,0,0,0
18864,1823,0,0,0,0,0,0,1,0,0
18865,1823,0,0,0,0,0,0,0,0,0
18866,1823,0,0,0,0,0,0,0,0,0
18867,1823,0,0,0,0,0,0,0,0,0
18868,1823,0,0,0,0,0,0,0,0,0
18869,1823,0,0,0,0,0,0,0,0,0
18870,1823,0,0,0,0,0,0,0,0,0
18871,1823,0,0,0,0,0,0,0,0,0
18872,1823,0,0,0,0,0,0,0,0,0
18873,1823,0,0,0,0,0,0,0,0,0
18874,1823,0,0,0,0,0,0,0,0,0
18875,1823,0,0,0,0,0,0,0,0,0
18876,1823,0,0,0,0,0,0,0,0,0
18877,1823,0,0,0,0,0,0,0,0,0
18878,1823,0,0,0,0,0,0,0,0,0
18879,1823,0,0,1,0,0,0,0,0,0
18880,1823,1,0,0,0,0,0,0,0,0
18881,1823,0,0,0,0,0,0,0,0,0
18882,1823,0,0,0,0,0,0,0,0,0
18883,1823,0,0,0,0,0,0,0,0,0
18884,1823,0,0,0,0,0,0,0,0,0
18885,1823,0,0,0,0,0,0,0,0,0
18886,1823,0,0,0,0,0,0,0,0,0
18887,1823,0,0,0,0,0,0,0,0,0
18888,1823,0,0,0,0,0,0,0,0,0
18889,1823,0,0,0,0,0,0,0,0,0
18890,1823,0,1,0,0,0,0,0,0,0
18891,1823,0,0,0,0,0,0,1,0,0
18892,1823,0,0,0,0,0,0,0,0,0
18893,1823,0,0,0,0,0,0,0,0,0
18894,1823,0,0,0,0,0,1,0,0,0
18895,1823,0,0,0,0,0,0,0,0,0
18896,1823,0,0,0,0,0,0,0,0,0
18897,1823,0,0,0,0,0,0,0,0,0
18898,1823,0,0,0,0,0,0,0,0,0
18899,1823,0,0,0,0,0,0,0,0,0
18900,1823,0,0,0,0,0,0,0,0,0
18901,1823,1,0,0,0,0,0,0,0,0
18902,1823,0,0,0,0,0,0,0,0,0
18903,1823,0,0,0,0,0,0,0,0,0
18904,1823,0,0,0,0,0,0,0,0,0
18905,1823,0,0,0,0,0,0,0,0,0
18906,1823,0,0,0,0,0,0,0,0,0
18907,1823,0,0,0,0,0,0,1,0,0
18908,1823,0,0,0,0,0,0,0,0,0
18909,1823,0,0,0,0,0,0,0,0,0
18910,1823,0,0,0,0,0,0,1,0,0
18911,1823,0,0,0,0,0,0,0,0,0
18912,1823,0,0,0,0,0,0,0,0,0
18913,1823,0,0,0,0,0,0,0,0,0
18914,1823,0,0,0,1,0,0,0,0,0
18915,1823,0,0,0,0,0,0,0,0,0
18916,1823,0,0,0,0,0,0,0,0,0
18917,1823,0,0,0,0,0,0,0,0,0
18918,1823,0,0,0,0,0,0,0,0,0
18919,1823,0,0,0,0,0,0,0,0,0
18920,1823,0,0,0,0,0,0,0,0,0
18921,1823,0,0,0,0,0,0,0,0,0
18922,1823,0,0,0,0,0,0,0,0,0
18923,1823,0,0,0,0,0,0,0,0,0
18924,1823,0,0,0,1,0,0,0,0,0
18925,1823,0,0,0,0,0,0,0,0,0
18926,1823,0,0,0,0,0,0,0,0,0
18927,1823,0,0,0,0,0,0,0,0,0
18928,1823,0,0,0,0,0,0,0,0,0
18929,1823,0,0,0,0,0,0,0,0,0
18930,1823,0,0,0,0,0,0,0,0,0
18931,1823,0,0,0,0,0,0,0,0,0
18932,1823,0,0,1,0,0,0,0,0,0
18933,1823,0,0,0,0,0,0,0,0,0
18934,1823,0,0,0,0,0,0,0,0,0
18935,1823,0,0,1,0,0,0,0,0,0
18936,1823,0,0,0,0,0,0,0,0,0
18937,1823,0,0,0,0,0,0,0,0,0
18938,1823,0,0,0,0,0,0,0,0,0
18939,1823,0,0,0,0,0,0,0,0,0
18940,1823,0,0,0,0,0,0,0,0,0
18941,1823,0,0,0,0,0,0,0,0,0
18942,1823,0,0,0,0,0,0,0,0,0
18943,1823,0,0,0,0,0,0,0,0,0
18944,1823,0,0,1,0,0,0,0,0,0
18945,1823,0,0,0,0,0,0,0,0,0
18946,1823,0,0,0,0,0,0,0,0,0
18947,1823,0,0,0,0,0,0,0,0,0
18948,1823,0,0,0,0,0,0,0,0,0
18949,1823,0,0,0,0,0,0,0,0,0
18950,1823,0,0,0,0,0,0,0,0,0
18951,1823,0,0,0,0,0,1,0,0,0
18952,1823,0,0,0,0,0,0,0,0,0
18953,1823,0,0,0,0,0,0,0,0,0
18954,1823,0,0,1,0,0,0,0,0,0
18955,1823,0,0,0,0,0,0,0,0,0
18956,1823,0,0,0,0,0,0,0,0,0
18957,1823,0,0,0,0,0,0,0,0,0
18958,1823,0,0,0,0,0,0,0,0,0
18959,1823,0,0,0,0,0,0,0,0,0
18960,1823,0,0,0,0,0,0,0,0,0
18961,1823,0,0,0,0,0,0,0,0,0
18962,1823,0,0,0,0,0,0,0,0,0
18963,1823,0,0,0,0,0,0,0,0,0
18964,1823,0,0,0,0,0,0,0,0,0
18965,1823,0,0,0,0,0,0,0,0,0
18966,1823,0,0,0,0,0,0,0,0,0
18967,1823,0,0,0,0,0,0,0,0,0
18968,1823,0,0,0,0,0,0,0,0,0
18969,1823,0,0,0,0,0,0,0,0,0
18970,1823,0,0,0,0,0,0,0,0,0
18971,1823,0,0,0,0,0,0,0,0,0
18972,1823,0,0,0,0,0,0,0,0,0
18973,1823,0,0,0,0,0,0,0,0,0
18974,1823,0,0,0,0,0,0,0,0,0
18975,1823,0,0,0,0,0,0,0,0,0
18976,1823,0,0,0,0,0,0,0,0,0
18977,1823,0,0,0,0,0,0,0,0,0
18978,1823,0,0,0,0,0,0,0,0,0
18979,1823,0,0,0,0,0,0,0,0,0
18980,1823,0,0,0,0,0,0,0,0,0
18981,1823,0,0,0,0,0,0,0,0,0
18982,1823,0,0,0,0,0,0,0,0,0
18983,1823,0,0,0,0,0,0,0,0,0
18984,1823,0,0,0,0,0,0,0,0,0
18985,1823,0,0,0,0,0,0,0,0,0
18986,1823,0,0,0,0,0,0,0,0,0
18987,1823,0,0,0,0,0,0,0,0,0
18988,1823,0,0,0,0,0,0,0,0,0
18989,1823,0,0,0,0,0,0,0,0,0
18990,1823,0,0,0,0,0,0,0,0,0
18991,1823,0,0,0,0,0,0,0,0,0
18992,1823,0,0,0,0,0,0,0,0,0
18993,1823,0,0,0,0,0,0,0,0,0
18994,1823,1,0,0,0,0,0,0,0,0
18995,1823,0,0,0,0,0,0,0,0,0
18996,1823,0,0,0,0,0,0,0,0,0
18997,1823,0,0,0,0,0,0,1,0,0
18998,1823,0,0,0,0,0,0,0,0,0
18999,1823,0,0,0,0,0,0,0,0,0
19000,1823,0,0,0,0,0,0,0,0,0
19001,1823,0,0,0,0,0,0,0,0,0
19002,1823,0,0,0,0,0,0,0,0,0
19003,1823,0,0,0,0,0,0,0,0,0
19004,1823,0,0,0,0,0,0,0,0,0
19005,1823,0,0,0,0,0,0,0,0,0
19006,1823,0,0,0,0,0,0,0,0,0
19007,1823,0,0,0,0,0,0,0,0,0
19008,1823,0,0,0,0,0,0,0,0,0
19009,1823,0,0,0,0,0,0,0,0,0
19010,1823,0,0,0,0,0,0,0,0,0
19011,1823,0,0,0,0,0,0,0,0,0
19012,1823,0,0,0,0,0,0,0,0,0
19013,1823,0,0,0,0,0,0,0,0,0
19014,1823,0,0,0,0,0,0,0,0,0
19015,1823,0,0,0,0,0,0,0,0,0
19016,1823,0,0,0,0,0,0,0,0,0
19017,1823,0,0,0,0,0,0,0,0,0
19018,1823,0,0,0,0,0,0,0,0,0
19019,1823,0,0,1,0,0,0,0,0,0
19020,1823,0,0,0,0,0,0,0,0,0
19021,1823,0,0,0,0,0,0,0,0,0
19022,1823,0,0,0,0,0,0,0,0,0
19023,1823,0,0,0,0,0,0,0,0,0
19024,1823,0,0,0,0,0,0,0,0,0
19025,1823,0,0,0,0,0,0,0,0,0
19026,1823,0,0,0,0,0,0,0,0,0
19027,1823,0,0,0,0,0,0,0,0,0
19028,1823,0,0,0,0,0,0,0,0,0
19029,1823,0,0,0,0,0,0,0,0,0
19030,1823,0,0,0,0,0,0,0,0,0
19031,1823,0,0,0,0,0,0,0,0,0
19032,1823,0,0,0,0,0,0,0,0,0
19033,1823,0,0,0,0,0,0,0,0,0
19034,1823,0,0,0,0,0,0,0,0,0
19035,1823,0,0,0,0,0,0,0,0,0
19036,1823,0,0,0,0,0,0,0,0,0
19037,1823,0,0,0,0,0,0,0,0,0
19038,1823,0,0,0,0,0,0,0,0,0
19039,1823,0,0,0,0,0,0,0,0,0
19040,1823,0,0,0,0,0,0,0,0,0
19041,1823,0,0,0,0,0,0,0,0,0
19042,1823,0,0,0,0,0,0,0,0,0
19043,1823,0,0,0,0,0,0,0,0,0
19044,1823,0,0,0,0,0,0,0,0,0
19045,1823,0,0,0,0,0,0,0,0,0
19046,1823,0,0,0,0,0,0,0,0,0
19047,1823,0,0,0,0,0,0,0,0,0
19048,1823,0,0,0,0,0,0,0,0,0
19049,1823,0,0,0,0,0,0,0,0,0
19050,1823,0,0,0,0,0,0,0,0,0
19051,1823,0,0,0,0,0,0,0,0,0
19052,1823,0,0,0,0,0,0,0,0,0
19053,1823,0,0,0,0,0,0,0,0,0
19054,1823,0,0,0,0,0,0,0,0,0
19055,1823,0,0,0,0,0,0,0,0,0
19056,1823,0,0,0,0,0,0,0,0,0
19057,1823,0,0,0,0,0,0,0,0,0
19058,1823,0,0,0,0,0,0,0,0,0
19059,1823,0,0,0,0,0,0,0,0,0
19060,1823,0,0,0,0,0,0,0,0,0
19061,1823,0,0,0,0,0,0,0,0,0
19062,1823,1,0,0,0,0,0,0,0,0
19063,1823,0,0,0,0,0,0,0,0,0
19064,1823,0,0,0,0,0,1,0,0,0
19065,1823,0,0,0,0,0,0,0,0,0
19066,1823,0,0,0,0,0,0,0,0,0
19067,1823,0,0,0,0,0,0,0,0,0
19068,1823,0,0,1,0,0,0,0,0,0
19069,1823,0,0,0,0,0,0,0,0,0
19070,1823,0,0,0,0,0,0,0,0,0
19071,1823,0,0,0,0,0,0,0,0,0
19072,1823,0,0,0,0,0,0,0,0,0
19073,1823,0,0,0,0,0,0,0,0,0
19074,1823,0,0,0,0,0,0,0,0,0
19075,1823,0,0,0,0,0,0,0,0,0
19076,1823,0,0,0,0,0,0,0,0,0
19077,1823,0,0,0,0,0,0,0,0,0
19078,1823,0,0,0,0,0,0,0,0,0
19079,1823,0,0,0,0,0,0,0,0,0
19080,1823,0,0,0,0,0,0,0,0,0
19081,1823,0,0,0,0,0,0,0,0,0
19082,1823,0,0,0,0,0,0,0,0,0
19083,1823,0,0,0,0,0,0,0,0,0
19084,1823,0,0,0,0,0,0,0,0,0
19085,1823,0,0,0,0,0,0,0,0,0
19086,1823,0,0,0,0,0,0,0,0,0
19087,1823,0,0,0,0,0,0,0,0,0
19088,1823,0,0,0,0,0,0,0,0,0
19089,1823,0,0,0,1,0,0,0,0,0
19090,1823,0,0,0,0,0,0,0,0,0
19091,1823,0,0,0,0,0,0,0,0,0
19092,1823,0,0,0,0,0,0,0,0,0
19093,1823,0,0,0,0,0,0,0,0,0
19094,1823,0,0,0,0,0,0,0,0,0
19095,1823,0,0,0,0,0,0,0,0,0
19096,1823,0,0,0,0,0,0,0,0,0
19097,1823,0,0,0,0,0,0,0,0,0
19098,1823,0,0,0,0,0,0,0,0,0
19099,1823,0,0,0,0,0,0,0,0,0
19100,1823,0,0,0,0,0,0,0,0,0
19101,1823,0,0,0,0,0,0,0,0,0
19102,1823,0,0,0,0,0,0,0,0,0
19103,1823,0,0,0,0,0,0,0,0,0
19104,1823,0,0,0,0,0,0,0,0,0
19105,1823,0,0,0,0,0,0,0,0,0
19106,1823,0,0,0,0,0,0,0,0,0
19107,1823,0,0,0,0,0,0,0,0,0
19108,1823,0,0,0,0,0,0,0,0,0
19109,1823,0,0,0,0,0,0,0,0,0
19110,1823,0,0,0,0,0,0,0,0,0
19111,1823,0,0,0,0,0,1,0,0,0
19112,1823,0,0,0,0,0,0,0,0,0
19113,1823,0,0,0,0,0,0,0,0,0
19114,1823,0,0,0,0,0,0,0,0,0
19115,1823,0,0,0,0,0,0,0,0,0
19116,1823,0,0,0,0,0,0,0,0,0
19117,1823,0,0,0,0,0,0,0,0,0
19118,1823,0,0,0,0,0,0,0,0,0
19119,1823,0,0,0,0,0,0,0,0,0
19120,1823,0,0,0,0,0,0,0,0,0
19121,1823,0,0,0,0,0,0,0,0,0
19122,1823,0,0,0,0,0,0,0,0,0
19123,1823,0,0,0,0,0,0,0,0,0
19124,1823,0,0,0,0,0,0,0,0,0
19125,1823,0,0,0,0,0,0,0,0,0
19126,1823,0,0,0,0,0,0,0,0,0
19127,1823,0,0,0,0,0,0,0,0,0
19128,1823,0,0,0,0,0,0,0,0,0
19129,1823,0,0,0,0,0,0,0,0,0
19130,1823,0,0,0,0,0,0,0,0,0
19131,1823,0,0,0,0,0,0,0,0,0
19132,1823,0,0,0,0,0,0,0,0,0
19133,1823,0,0,0,0,0,0,0,0,0
19134,1823,0,0,0,0,0,0,0,0,0
19135,1823,0,0,0,0,0,0,0,0,0
19136,1823,0,0,0,0,0,0,1,0,0
19137,1823,0,0,0,0,0,0,0,0,0
19138,1823,0,0,0,0,0,0,0,0,0
19139,1823,0,0,0,0,0,0,0,0,0
19140,1823,0,0,0,0,0,0,0,0,0
19141,1823,0,0,0,0,0,0,0,0,0
19142,1823,0,0,0,0,0,0,0,0,0
19143,1823,0,0,0,0,0,0,0,0,0
19144,1823,0,0,0,0,0,0,0,0,0
19145,1823,0,0,0,0,0,0,0,0,0
19146,1823,1,0,0,0,0,0,0,0,0
19147,1823,0,0,0,0,0,0,0,0,0
19148,1823,0,0,0,0,0,0,0,0,0
19149,1823,0,0,0,0,0,0,0,0,0
19150,1823,0,0,0,0,0,0,0,0,0
19151,1823,1,0,0,0,0,0,0,0,0
19152,1823,0,0,0,0,0,0,0,0,0
19153,1823,0,0,0,0,0,0,0,0,0
19154,1823,0,0,0,0,0,0,0,0,0
19155,1823,0,0,0,0,0,0,0,0,0
19156,1823,0,0,0,0,0,0,0,0,0
19157,1823,0,0,0,0,0,0,1,0,0
19158,1823,0,0,0,0,0,0,0,0,0
19159,1823,0,0,0,0,0,0,0,0,0
19160,1823,0,0,0,0,0,0,0,0,0
19161,1823,0,0,0,0,0,0,0,0,0
19162,1823,0,0,0,0,0,0,0,0,0
19163,1823,0,0,0,0,0,0,0,0,0
19164,1823,0,0,0,0,0,0,0,0,0
19165,1823,0,0,0,0,0,0,0,0,0
19166,1823,0,0,0,0,0,0,0,0,0
19167,1823,0,0,0,0,0,0,0,0,0
19168,1823,0,0,0,0,0,0,0,0,0
19169,1823,0,0,0,0,0,0,0,0,0
19170,1823,0,0,0,0,0,0,0,0,0
19171,1823,0,0,0,0,0,0,0,0,0
19172,1823,0,0,0,0,0,0,0,0,0
19173,1823,0,0,0,0,0,0,0,0,0
19174,1823,0,0,0,0,0,0,0,0,0
19175,1823,0,0,0,0,0,0,0,0,0
19176,1823,0,0,0,1,0,0,0,0,0
19177,1823,0,0,0,0,0,0,0,0,0
19178,1823,0,0,0,0,0,0,0,0,0
19179,1823,0,0,0,0,0,0,0,0,0
19180,1823,0,0,0,0,0,0,0,0,0
19181,1823,0,0,0,0,0,0,0,0,0
19182,1823,0,0,0,0,0,0,0,0,0
19183,1823,0,0,0,0,0,0,0,0,0
19184,1823,0,0,0,0,0,0,0,0,0
19185,1823,0,0,0,0,0,0,0,0,0
19186,1823,0,0,0,0,0,0,0,0,0
19187,1823,0,0,0,0,0,0,0,0,0
19188,1823,0,0,0,0,0,0,0,0,0
19189,1823,0,0,0,0,0,0,0,0,0
19190,1823,0,0,0,0,0,0,0,0,0
19191,1823,0,0,0,0,0,0,0,0,0
19192,1823,0,0,0,0,0,0,0,0,0
19193,1823,0,0,0,0,0,0,0,0,0
19194,1823,0,0,0,0,0,0,0,0,0
19195,1823,0,0,0,0,0,0,0,0,0
19196,1823,0,0,0,0,0,0,0,0,0
19197,1823,0,0,0,0,0,0,0,0,0
19198,1823,0,0,0,0,0,0,0,0,0
19199,1823,0,0,0,0,0,0,0,0,0
19200,1823,0,0,0,0,0,0,0,0,0
19201,1823,0,0,0,0,0,0,0,0,0
19202,1823,0,0,0,0,0,0,0,0,0
19203,1823,0,0,0,0,0,0,0,0,0
19204,1823,0,0,0,0,0,0,0,0,0
19205,1823,0,0,0,0,0,0,0,0,0
19206,1823,0,0,0,0,0,0,0,0,0
19207,1823,0,0,0,0,0,0,0,0,0
19208,1823,0,0,0,0,0,0,0,0,0
19209,1823,0,0,0,0,0,0,0,0,0
19210,1823,0,0,0,0,0,0,0,0,0
19211,1823,0,0,0,0,0,0,0,0,0
19212,1823,0,0,0,0,0,0,0,0,0
19213,1823,0,0,0,0,0,0,0,0,0
19214,1823,0,0,1,0,0,0,0,0,0
19215,1823,0,0,0,0,0,0,0,0,0
19216,1823,0,0,0,0,0,0,0,0,0
19217,1823,0,0,0,0,0,0,0,0,0
19218,1823,0,0,0,0,0,0,0,0,0
19219,1823,0,0,0,0,0,0,0,0,0
19220,1823,0,0,0,0,0,0,0,0,0
19221,1823,0,0,0,0,0,0,0,0,0
19222,1823,0,0,0,0,0,0,0,0,0
19223,1823,0,0,0,0,0,0,0,0,0
19224,1823,0,0,0,0,0,0,0,0,0
19225,1823,0,0,0,0,0,0,0,0,0
19226,1823,0,0,0,0,0,0,0,0,0
19227,1823,0,0,0,0,0,0,0,0,0
19228,1823,0,0,0,0,0,0,0,0,0
19229,1823,0,0,0,0,0,0,0,0,0
19230,1823,0,0,0,1,0,0,0,0,0
19231,1823,0,0,0,0,0,0,0,0,0
19232,1823,0,0,0,0,0,0,0,0,0
19233,1823,0,0,0,0,0,0,0,0,0
19234,1823,0,0,0,0,0,0,0,0,0
19235,1823,0,0,0,0,0,0,0,0,0
19236,1823,0,0,0,0,0,0,0,0,0
19237,1823,0,0,0,0,0,0,0,0,0
19238,1823,0,0,0,0,0,0,0,0,0
19239,1823,0,0,0,0,0,0,0,0,0
19240,1823,0,0,1,0,0,0,0,0,0
19241,1823,0,0,0,0,0,0,0,0,0
19242,1823,0,0,0,0,0,0,0,0,0
19243,1823,0,0,0,0,0,0,0,0,0
19244,1823,0,0,0,0,0,0,0,0,0
19245,1823,0,0,0,0,0,0,0,0,0
19246,1823,1,0,0,0,0,0,0,0,0
19247,1823,0,0,0,0,0,0,0,0,0
19248,1823,0,0,0,0,0,0,0,0,0
19249,1823,0,0,0,0,0,0,0,0,0
19250,1823,0,0,0,0,0,0,0,0,0
19251,1823,0,0,0,0,0,0,0,0,0
19252,1823,0,0,0,0,0,0,0,0,1
19253,1823,0,0,0,0,0,0,0,0,0
19254,1823,0,0,0,0,0,0,0,0,0
19255,1823,0,0,0,0,0,0,0,0,0
19256,1823,0,0,0,0,0,0,0,0,0
19257,1823,0,0,0,0,0,0,0,0,0
19258,1823,0,0,0,0,0,0,0,0,0
19259,1823,0,0,0,0,0,0,0,0,0
19260,1823,0,0,0,0,0,0,0,0,0
19261,1823,0,0,0,0,0,0,0,0,0
19262,1823,0,0,0,0,0,0,0,0,0
19263,1823,0,0,0,0,0,0,0,0,0
19264,1823,0,0,0,0,0,0,1,0,0
19265,1823,0,0,0,0,0,1,0,0,0
19266,1823,0,0,0,0,0,0,0,0,0
19267,1823,0,0,0,0,0,0,0,0,0
19268,1823,0,0,0,0,0,0,0,0,0
19269,1823,0,0,0,0,0,0,0,0,0
19270,1823,0,0,0,0,0,0,0,0,0
19271,1823,0,0,0,0,0,0,0,0,0
19272,1823,0,0,0,0,0,0,0,0,0
19273,1823,0,0,0,0,0,0,0,0,0
19274,1823,0,0,0,0,0,0,0,0,0
19275,1823,0,0,0,0,0,0,1,0,0
19276,1823,0,0,0,0,0,0,0,0,0
19277,1823,0,0,0,0,0,0,0,0,0
19278,1823,0,0,0,0,0,0,0,0,0
19279,1823,0,0,0,0,0,0,0,0,0
19280,1823,0,0,0,0,0,0,0,0,0
19281,1823,0,0,0,0,0,0,0,0,0
19282,1823,0,0,0,0,0,0,0,0,0
19283,1823,0,0,0,0,0,0,0,0,0
19284,1823,0,0,0,0,0,0,0,0,0
19285,1823,0,0,0,0,0,0,0,0,0
19286,1823,0,0,0,0,0,0,0,0,0
19287,1823,0,0,0,0,0,0,0,0,0
19288,1823,0,0,0,0,0,0,0,0,0
19289,1823,0,0,0,0,0,0,0,0,0
19290,1823,0,0,0,0,0,0,0,0,0
19291,1823,0,0,0,0,0,0,0,0,0
19292,1823,0,0,0,0,0,0,0,0,0
19293,1823,0,0,0,0,0,0,0,0,0
19294,1823,0,0,0,0,0,0,0,0,0
19295,1823,0,0,0,0,0,0,0,0,0
19296,1823,0,0,0,0,0,0,0,0,0
19297,1823,0,0,0,0,0,0,0,0,0
19298,1823,0,0,0,0,0,0,0,0,0
19299,1823,0,0,0,0,0,0,0,0,0
19300,1823,0,0,0,0,0,0,0,0,0
19301,1823,0,0,0,0,0,0,0,0,0
19302,1823,0,0,0,0,0,0,0,0,0
19303,1823,0,0,0,0,0,0,0,0,0
19304,1823,0,0,0,0,0,0,0,0,0
19305,1823,0,0,0,0,0,0,1,0,0
19306,1823,0,0,0,0,0,0,0,0,0
19307,1823,0,0,0,0,0,0,0,0,0
19308,1823,0,0,0,0,0,0,0,0,0
19309,1823,0,0,0,0,0,0,0,0,0
19310,1823,0,0,0,0,0,0,0,0,0
19311,1823,0,0,0,0,0,0,0,0,0
19312,1823,0,0,0,0,0,0,0,0,0
19313,1823,0,0,0,0,0,0,0,0,0
19314,1823,0,0,0,0,0,0,1,0,0
19315,1823,0,0,0,0,0,0,0,0,0
19316,1823,0,0,0,0,0,0,0,0,0
19317,1823,0,0,0,0,0,0,0,0,0
19318,1823,0,0,0,0,0,0,0,0,0
19319,1823,0,0,0,0,0,0,0,0,0
19320,1823,0,0,0,0,0,0,0,0,0
19321,1823,0,0,0,0,0,0,0,0,0
19322,1823,0,0,0,0,0,0,0,0,0
19323,1823,0,0,0,0,0,0,0,0,0
19324,1823,0,0,0,0,0,0,0,0,0
19325,1823,0,0,0,0,0,0,0,0,0
19326,1823,0,0,0,0,0,0,0,0,0
19327,1823,0,0,0,0,0,0,1,0,0
19328,1823,0,0,0,0,0,0,0,0,0
19329,1823,0,0,0,0,0,0,0,0,0
19330,1823,0,0,0,0,0,0,0,0,0
19331,1823,0,0,0,0,0,0,0,0,0
19332,1823,0,0,0,0,0,0,0,0,0
19333,1823,0,0,0,0,0,0,0,0,0
19334,1823,0,0,0,0,0,0,0,0,0
19335,1823,0,0,0,0,0,0,0,0,0
19336,1823,0,0,0,0,0,0,0,0,0
19337,1823,0,0,0,0,0,0,0,0,0
19338,1823,0,0,0,0,0,0,0,0,0
19339,1823,0,0,0,0,0,0,0,0,0
19340,1823,0,0,0,0,0,0,0,0,0
19341,1823,0,0,0,0,0,0,0,0,0
19342,1823,0,0,0,0,0,0,0,0,0
19343,1823,0,0,0,0,0,0,0,0,0
19344,1823,0,0,0,0,0,0,0,0,0
19345,1823,0,0,0,1,0,0,0,0,0
19346,1823,0,0,0,0,0,0,0,0,0
19347,1823,0,0,0,0,0,0,0,0,0
19348,1823,0,0,0,0,0,0,0,0,0
19349,1823,0,0,0,0,0,0,0,0,0
19350,1823,0,0,0,0,0,0,0,0,0
19351,1823,0,0,0,0,0,0,0,0,0
19352,1823,0,0,0,0,0,0,0,0,0
19353,1823,0,0,0,0,0,0,0,0,0
19354,1823,0,0,0,0,0,0,0,0,0
19355,1823,0,0,0,0,0,0,0,0,0
19356,1823,0,0,0,0,0,0,0,0,0
19357,1823,0,0,0,0,0,0,0,0,0
19358,1823,0,0,0,0,0,0,0,0,0
19359,1823,0,0,0,0,0,0,0,0,0
19360,1823,0,0,0,0,0,0,0,0,0
19361,1823,0,0,0,0,0,0,0,0,0
19362,1823,0,0,0,0,0,0,0,0,0
19363,1823,0,0,0,0,0,0,0,0,0
19364,1823,0,0,0,0,0,0,0,0,0
19365,1823,0,0,0,0,0,0,0,0,0
19366,1823,0,0,0,1,0,0,0,0,0
19367,1823,0,0,0,0,0,0,0,0,0
19368,1823,0,0,0,0,0,0,0,0,0
19369,1823,0,0,0,0,0,0,0,0,0
19370,1823,0,0,0,0,0,0,0,0,0
19371,1823,0,0,0,0,0,0,0,0,0
19372,1823,0,0,0,0,0,0,0,0,0
19373,1823,0,0,0,0,0,0,0,0,0
19374,1823,0,0,0,0,0,0,0,0,0
19375,1823,0,0,0,0,0,0,1,0,0
19376,1823,0,0,0,1,0,0,0,0,0
19377,1823,0,0,0,0,0,0,0,0,0
19378,1823,0,0,0,0,0,0,0,0,0
19379,1823,0,0,0,0,0,0,0,0,0
19380,1823,0,0,0,0,0,0,0,0,0
19381,1823,0,0,0,1,0,0,0,0,0
19382,1823,0,0,0,0,0,0,0,0,0
19383,1823,0,0,0,0,0,0,0,0,0
19384,1823,0,0,0,0,0,0,0,0,0
19385,1823,0,0,0,0,0,0,0,0,0
19386,1823,0,0,0,0,0,0,0,0,0
19387,1823,0,0,0,0,0,0,0,0,0
19388,1823,0,0,0,0,0,1,0,0,0
19389,1823,0,0,0,0,0,0,0,0,0
19390,1823,0,0,0,0,0,0,0,0,0
19391,1823,0,0,0,0,0,0,0,0,0
19392,1823,0,0,0,0,0,0,0,0,0
19393,1823,0,0,0,0,0,0,0,0,0
19394,1823,0,0,0,0,0,0,0,0,0
19395,1823,0,0,0,0,0,0,0,0,0
19396,1823,0,0,0,0,0,0,0,0,0
19397,1823,0,0,0,0,0,0,0,0,0
19398,1823,0,0,0,0,0,0,0,0,0
19399,1823,0,0,0,0,0,0,0,0,0
19400,1823,0,0,0,0,0,0,0,0,0
19401,1823,0,0,0,0,0,0,0,0,0
19402,1823,0,0,0,0,0,0,0,0,0
19403,1823,1,0,0,0,0,0,0,0,0
19404,1823,0,0,0,0,0,0,0,0,0
19405,1823,0,0,0,0,0,0,1,0,0
19406,1823,0,0,0,0,0,0,0,0,0
19407,1823,0,0,0,0,0,0,0,0,0
19408,1823,0,0,0,0,0,0,0,0,0
19409,1823,0,0,0,0,0,0,0,0,0
19410,1823,0,0,0,0,0,0,0,0,0
19411,1823,0,0,0,0,0,0,0,0,0
19412,1823,0,0,0,0,0,0,0,0,0
19413,1823,0,0,0,0,0,0,0,0,0
19414,1823,0,0,0,0,0,0,0,0,0
19415,1823,0,0,0,0,0,0,0,0,0
19416,1823,0,0,0,0,0,0,0,0,0
19417,1823,0,0,0,0,0,0,0,0,0
19418,1823,0,0,0,0,0,1,0,0,0
19419,1823,0,0,0,0,0,0,0,0,0
19420,1823,0,0,0,0,0,0,0,0,0
19421,1823,0,0,0,0,0,0,0,0,0
19422,1823,0,0,0,0,0,0,0,0,0
19423,1823,0,0,0,0,0,0,0,0,0
19424,1823,0,0,0,0,0,0,0,0,0
19425,1823,0,0,0,0,0,0,0,0,0
19426,1823,0,0,0,0,0,0,0,0,0
19427,1823,0,0,0,0,0,0,0,0,0
19428,1823,0,0,0,0,0,0,1,0,0
19429,1823,0,0,0,0,0,0,0,0,0
19430,1823,0,0,0,0,0,0,0,0,0
19431,1823,0,0,0,0,0,0,0,0,0
19432,1823,0,0,0,0,0,0,0,0,0
19433,1823,0,0,0,0,0,0,0,0,0
19434,1823,0,0,0,0,0,0,0,0,0
19435,1823,0,0,0,0,0,0,0,0,0
19436,1823,0,0,0,0,0,0,0,0,0
19437,1823,0,0,0,0,0,0,0,0,0
19438,1823,0,0,0,0,0,0,0,0,0
19439,1823,0,0,0,0,0,0,0,0,0
19440,1823,0,0,0,0,0,0,0,0,0
19441,1823,0,0,0,0,0,0,0,0,0
19442,1823,0,0,0,0,0,0,0,0,0
19443,1823,0,0,0,0,0,0,0,0,0
19444,1823,0,0,0,0,0,0,0,0,0
19445,1823,0,0,0,0,0,0,0,0,0
19446,1823,0,0,0,0,0,0,0,0,0
19447,1823,0,0,0,0,0,1,0,0,0
19448,1823,0,0,0,0,0,0,0,0,0
19449,1823,0,0,0,0,0,0,1,0,0
19450,1823,0,0,0,0,0,0,0,0,0
19451,1823,0,0,0,0,0,0,0,0,0
19452,1823,0,0,0,0,0,0,0,0,0
19453,1823,0,0,0,0,0,0,0,0,0
19454,1823,0,0,0,0,0,0,0,0,0
19455,1823,0,0,0,0,0,0,0,0,0
19456,1823,0,0,0,0,0,0,0,0,0
19457,1823,0,0,0,0,0,0,0,0,0
19458,1823,0,0,0,0,0,0,0,0,0
19459,1823,0,0,0,0,0,0,0,0,0
19460,1823,0,0,0,0,0,0,0,0,0
19461,1823,0,0,0,0,0,1,1,0,0
19462,1823,0,0,0,0,0,0,0,0,0
19463,1823,0,0,0,0,0,0,0,0,0
19464,1823,0,0,0,0,0,0,0,0,0
19465,1823,0,0,0,0,0,0,0,0,0
19466,1823,0,0,0,0,0,0,0,0,0
19467,1823,0,0,0,0,0,0,0,0,0
19468,1823,0,0,0,0,0,0,0,0,0
19469,1823,0,0,0,0,0,0,0,0,0
19470,1823,0,0,0,0,0,0,0,0,0
19471,1823,0,0,0,0,0,0,0,0,0
19472,1823,0,0,0,0,0,0,0,0,0
19473,1823,0,0,0,0,0,0,0,0,0
19474,1823,0,0,0,0,0,0,0,0,0
19475,1823,0,0,0,0,0,0,0,0,0
19476,1823,0,0,0,0,0,0,0,0,0
19477,1823,0,0,0,0,0,0,0,0,0
19478,1823,0,0,0,0,0,0,0,0,0
19479,1823,0,0,0,0,0,0,0,0,0
19480,1823,0,0,0,0,0,0,0,0,0
19481,1823,0,0,0,0,0,0,0,0,0
19482,1823,0,0,0,0,0,0,0,0,0
19483,1823,0,0,0,0,0,0,0,0,0
19484,1823,0,0,0,0,0,0,0,0,0
19485,1823,0,0,0,0,0,0,0,0,0
19486,1823,0,0,0,0,0,0,0,0,0
19487,1823,0,0,0,0,0,0,0,0,0
19488,1823,0,0,0,0,0,0,0,0,0
19489,1823,0,0,0,0,0,0,0,0,0
19490,1823,0,0,0,0,0,0,0,0,0
19491,1823,0,0,0,0,0,0,0,0,0
19492,1823,0,0,0,0,0,0,0,0,0
19493,1823,0,0,0,0,0,0,0,0,0
19494,1823,0,0,0,0,0,0,0,0,0
19495,1823,0,0,0,0,0,0,0,0,0
19496,1823,0,0,0,0,0,0,0,0,0
19497,1823,0,0,0,1,0,0,0,0,0
19498,1823,1,0,0,0,0,0,0,0,0
19499,1823,0,0,0,0,0,0,0,0,0
19500,1823,0,0,0,0,0,0,0,0,0
19501,1823,0,0,0,0,0,0,0,0,0
19502,1823,0,0,0,0,0,1,0,0,0
19503,1823,0,0,0,0,0,0,0,0,0
19504,1823,0,0,0,0,0,0,0,0,0
19505,1823,0,0,0,0,0,0,0,0,0
19506,1823,0,0,0,0,0,0,0,0,0
19507,1823,0,0,0,0,0,0,0,0,0
19508,1823,0,0,0,0,0,0,0,0,0
19509,1823,0,0,0,0,0,0,0,0,0
19510,1823,0,0,0,0,0,0,0,0,0
19511,1823,0,0,0,0,0,0,0,0,0
19512,1823,0,0,0,0,0,0,0,0,0
19513,1823,0,0,0,0,0,0,0,0,0
19514,1823,0,0,0,0,0,0,0,0,0
19515,1823,0,0,0,0,0,0,0,0,0
19516,1823,0,0,0,0,0,0,0,0,0
19517,1823,0,0,0,0,0,0,0,0,0
19518,1823,0,0,0,0,0,0,0,0,0
19519,1823,0,0,0,0,0,1,0,0,0
19520,1823,0,0,0,0,0,0,0,0,0
19521,1823,0,0,0,0,0,0,0,0,0
19522,1823,0,0,0,0,0,0,0,0,0
19523,1823,0,0,0,0,0,0,0,0,0
19524,1823,0,0,0,0,0,0,0,0,0
19525,1823,0,0,0,0,0,0,0,0,0
19526,1823,0,0,0,0,0,0,0,0,0
19527,1823,0,0,0,0,0,0,0,0,0
19528,1823,0,0,0,0,0,0,0,0,0
19529,1823,0,0,0,1,0,0,0,0,0
19530,1823,0,0,0,0,0,0,0,0,0
19531,1823,0,0,0,0,0,0,0,0,0
19532,1823,0,0,0,0,0,0,0,0,0
19533,1823,0,0,0,0,0,0,0,0,0
19534,1823,0,0,0,0,0,0,0,0,0
19535,1823,0,0,0,0,0,0,0,0,0
19536,1823,0,0,0,0,0,0,0,0,0
19537,1823,0,0,0,0,0,0,0,0,0
19538,1823,0,0,0,0,0,0,0,0,0
19539,1823,0,0,0,0,0,0,0,0,0
19540,1823,0,0,0,0,0,0,0,0,0
19541,1823,0,0,0,0,0,0,0,0,0
19542,1823,0,0,0,0,0,0,0,0,0
19543,1823,0,0,0,0,0,0,0,0,0
19544,1823,0,0,0,0,0,0,0,0,0
19545,1823,0,0,0,0,0,0,0,0,0
19546,1823,0,0,0,0,0,0,0,0,0
19547,1823,0,0,0,0,0,0,0,0,0
19548,1823,0,0,0,0,0,0,0,0,0
19549,1823,0,0,0,0,0,0,0,0,0
19550,1823,0,0,0,0,0,0,0,0,0
19551,1823,0,0,0,0,0,0,0,0,0
19552,1823,0,0,0,0,0,0,0,0,0
19553,1823,0,0,0,0,0,0,0,0,0
19554,1823,0,0,0,0,0,0,0,0,0
19555,1823,0,0,0,0,0,0,0,0,0
19556,1823,0,0,0,0,0,0,0,0,0
19557,1823,0,0,0,0,0,0,0,0,0
19558,1823,0,0,0,0,0,0,0,0,0
19559,1823,0,0,0,0,0,0,0,0,0
19560,1823,0,0,0,0,0,0,1,0,0
19561,1823,0,0,0,0,0,0,0,0,0
19562,1823,0,0,0,1,0,0,0,0,0
19563,1823,0,0,0,0,0,0,0,0,0
19564,1823,0,0,0,0,0,0,0,0,0
19565,1823,0,0,0,0,0,0,0,0,0
19566,1823,0,0,0,0,0,0,0,0,0
19567,1823,0,0,0,0,0,0,0,0,0
19568,1823,0,0,0,0,0,0,0,0,0
19569,1823,0,0,0,0,0,0,0,0,0
19570,1823,0,0,0,0,0,0,0,0,0
19571,1823,0,0,0,0,0,0,0,0,0
19572,1823,0,0,0,0,0,0,0,0,0
19573,1823,0,0,0,0,0,0,0,0,0
19574,1823,0,0,0,0,0,0,0,0,0
19575,1823,0,0,0,0,0,0,0,0,0
19576,1823,0,0,0,0,0,0,0,0,0
19577,1823,0,0,1,0,0,0,0,0,0
19578,1823,0,0,0,0,0,0,0,0,0
19579,1823,0,0,0,0,0,0,0,0,0
19580,1823,0,0,0,0,0,1,0,0,0
19581,1823,0,0,0,0,0,0,0,0,0
19582,1823,0,0,0,0,0,0,0,0,0
19583,1823,0,0,0,0,0,0,0,0,0
19584,1823,0,0,0,0,0,0,0,0,0
19585,1823,0,0,0,0,0,0,0,0,0
19586,1823,0,0,0,0,0,0,0,0,0
19587,1823,0,0,1,0,0,0,0,0,0
19588,1823,0,0,0,0,0,0,0,0,0
19589,1823,0,0,0,0,0,0,0,0,0
19590,1823,0,0,0,0,0,0,0,0,0
19591,1823,0,0,0,0,0,0,0,0,0
19592,1823,0,0,0,0,0,0,0,0,0
19593,1823,0,0,0,0,0,0,0,0,0
19594,1823,0,0,0,0,0,0,0,0,0
19595,1823,0,0,0,0,0,0,0,0,0
19596,1823,0,0,0,0,0,0,0,0,0
19597,1823,0,0,0,0,0,0,0,0,0
19598,1823,0,0,0,0,0,0,0,0,0
19599,1823,0,0,0,0,0,0,0,0,0
19600,1823,0,0,0,0,0,0,0,0,0
19601,1823,0,0,0,0,0,0,0,0,0
19602,1823,0,0,0,0,0,0,0,0,0
19603,1823,0,0,0,0,0,0,0,0,0
19604,1823,0,0,0,0,0,0,0,0,0
19605,1823,0,0,0,0,0,0,0,0,0
19606,1823,0,0,0,0,0,0,0,0,0
19607,1823,0,0,0,0,0,0,0,0,0
19608,1823,0,0,0,0,0,0,0,0,0
19609,1823,0,0,0,0,0,0,0,0,0
19610,1823,0,0,0,0,0,0,0,0,0
19611,1823,0,0,0,0,0,0,0,0,0
19612,1823,0,0,0,0,0,0,0,0,0
19613,1823,0,0,0,0,0,0,0,0,0
19614,1823,0,0,0,0,0,0,0,0,0
19615,1823,0,0,0,0,0,0,0,0,0
19616,1823,0,0,0,0,0,0,0,0,0
19617,1823,0,0,0,0,0,0,0,0,0
19618,1823,0,0,0,0,0,0,0,0,0
19619,1823,0,0,0,0,0,0,0,0,0
19620,1823,0,0,0,1,0,0,0,0,0
19621,1823,0,0,0,0,0,0,0,0,0
19622,1823,0,0,0,0,0,0,0,0,0
19623,1823,0,0,0,0,0,0,0,0,0
19624,1823,0,0,0,0,0,0,0,0,0
19625,1823,0,0,0,0,0,0,0,0,0
19626,1823,0,0,0,0,0,0,0,0,0
19627,1823,0,0,0,0,0,0,0,0,0
19628,1823,0,0,0,0,0,0,0,0,0
19629,1823,0,0,0,0,0,0,0,0,0
19630,1823,0,0,0,0,0,0,0,0,0
19631,1823,0,0,0,0,0,0,0,0,0
19632,1823,0,0,0,0,0,0,0,0,0
19633,1823,0,0,1,0,0,0,0,0,0
19634,1823,0,0,0,0,0,0,1,0,0
19635,1823,0,0,0,0,0,0,0,0,0
19636,1823,0,0,0,0,0,0,0,0,0
19637,1823,0,0,0,0,0,0,0,0,0
19638,1823,0,0,0,0,0,0,0,0,0
19639,1823,0,0,0,0,0,0,0,0,0
19640,1823,0,0,0,0,0,0,0,0,0
19641,1823,0,0,0,0,0,0,0,0,0
19642,1823,0,0,0,1,0,0,0,0,0
19643,1823,0,0,0,0,0,0,0,0,0
19644,1823,0,0,0,0,0,0,0,0,0
19645,1823,1,0,0,0,0,0,0,0,0
19646,1823,0,0,0,0,0,0,0,0,0
19647,1823,0,0,0,0,0,0,0,0,0
19648,1823,0,0,0,0,0,0,0,0,0
19649,1823,0,0,1,0,0,0,0,0,0
19650,1823,0,0,0,0,0,0,0,0,0
19651,1823,0,0,0,0,0,0,0,0,0
19652,1823,0,0,0,0,0,0,0,0,0
19653,1823,0,0,0,0,0,0,0,0,0
19654,1823,0,0,0,0,0,0,0,0,0
19655,1823,0,0,0,0,0,0,0,0,0
19656,1823,0,0,0,0,0,0,0,0,0
19657,1823,0,0,0,0,0,0,0,0,0
19658,1823,0,0,0,0,0,0,0,0,0
19659,1823,0,0,0,0,0,0,0,0,0
19660,1823,0,0,0,0,0,0,0,0,0
19661,1823,0,0,0,0,0,0,0,0,0
19662,1823,0,0,0,0,0,0,0,0,0
19663,1823,0,0,0,0,0,0,0,0,0
19664,1823,0,0,0,0,0,0,0,0,0
19665,1823,0,0,0,0,0,0,0,0,0
19666,1823,0,0,0,0,0,0,0,0,0
19667,1823,0,0,0,0,0,0,0,0,0
19668,1823,0,0,0,0,0,0,0,0,0
19669,1823,0,0,0,0,0,0,0,0,0
19670,1823,0,0,0,1,0,0,0,0,0
19671,1823,0,0,0,0,0,0,0,0,0
19672,1823,0,0,1,0,0,0,0,0,0
19673,1823,0,0,0,0,0,0,0,0,0
19674,1823,0,0,0,0,0,0,0,0,0
19675,1823,0,0,0,0,0,0,0,0,0
19676,1823,0,0,0,0,0,0,0,0,0
19677,1823,0,0,0,0,0,0,0,0,0
19678,1823,0,0,0,0,0,0,0,0,0
19679,1823,0,0,0,0,0,0,0,0,0
19680,1823,0,0,0,0,0,0,0,0,0
19681,1823,0,0,0,0,0,0,0,0,0
19682,1823,0,0,0,0,0,0,0,0,0
19683,1823,0,0,0,0,0,0,0,0,0
19684,1823,0,0,0,0,0,0,0,0,0
19685,1823,0,0,0,0,0,0,0,0,0
19686,1823,0,0,0,0,0,0,1,0,0
19687,1823,0,0,0,0,0,0,0,0,0
19688,1823,0,0,0,0,0,0,0,0,0
19689,1823,0,0,0,0,0,0,0,0,0
19690,1823,0,0,0,0,0,0,0,0,0
19691,1823,0,0,0,0,0,0,0,0,0
19692,1823,0,0,0,0,0,0,0,0,0
19693,1823,0,0,0,0,0,0,0,0,0
19694,1823,0,0,0,0,0,0,0,0,0
19695,1823,0,0,0,0,0,0,0,0,0
19696,1823,0,0,0,0,0,0,0,0,0
19697,1823,0,0,0,1,0,0,0,0,0
19698,1823,0,0,0,0,0,0,0,0,0
19699,1823,0,0,0,0,0,0,0,0,0
19700,1823,0,0,0,0,0,0,0,0,0
19701,1823,0,0,0,0,0,0,0,0,0
19702,1823,0,0,0,0,0,0,0,0,0
19703,1823,0,0,0,0,0,0,0,0,0
19704,1823,0,0,0,0,0,0,0,0,0
19705,1823,0,0,0,0,0,0,0,0,0
19706,1823,0,0,0,0,0,0,0,0,0
19707,1823,0,0,0,0,0,0,0,0,0
19708,1823,0,0,0,0,0,0,0,0,0
19709,1823,0,0,0,0,0,0,0,0,0
19710,1823,0,0,0,0,0,0,0,0,0
19711,1823,0,0,0,0,0,0,0,0,0
19712,1823,0,0,0,0,0,0,0,0,0
19713,1823,0,0,0,0,0,0,0,0,0
19714,1823,0,0,0,0,0,0,0,0,0
19715,1823,0,0,0,0,0,0,0,0,0
19716,1823,0,0,1,0,0,0,0,0,0
19717,1823,0,0,0,0,0,0,0,0,0
19718,1823,0,0,0,0,0,0,0,0,0
19719,1823,0,0,0,0,0,0,0,0,0
19720,1823,0,0,0,0,0,0,0,0,0
19721,1823,0,0,0,0,0,0,0,0,0
19722,1823,0,0,0,0,0,0,0,0,0
19723,1823,0,0,0,0,0,0,0,0,0
19724,1823,0,0,0,0,0,0,0,0,0
19725,1823,0,0,0,0,0,0,0,0,0
19726,1823,1,0,0,0,0,0,0,0,0
19727,1823,0,0,0,0,0,0,0,0,0
19728,1823,0,0,0,0,0,0,0,0,0
19729,1823,0,0,0,0,0,0,0,0,0
19730,1823,0,0,0,0,0,0,0,0,0
19731,1823,0,0,0,0,0,0,0,0,0
19732,1823,0,0,0,0,0,0,0,0,0
19733,1823,0,0,0,0,0,0,0,0,0
19734,1823,0,0,0,0,0,0,0,0,0
19735,1823,0,0,0,0,0,0,0,0,0
19736,1823,0,0,0,0,0,0,0,0,0
19737,1823,0,0,0,0,0,0,0,0,0
19738,1823,0,0,0,0,0,0,0,0,0
19739,1823,0,0,0,0,0,0,0,0,0
19740,1823,0,0,0,0,0,0,0,0,0
19741,1823,0,0,0,0,0,0,0,0,0
19742,1823,0,0,0,0,0,0,0,0,0
19743,1823,0,0,0,0,0,0,0,0,0
19744,1823,0,0,0,0,0,0,0,0,0
19745,1823,0,0,0,0,0,0,0,0,0
19746,1823,0,0,0,0,0,0,0,0,0
19747,1823,0,0,0,0,0,0,0,0,0
19748,1823,0,0,0,0,0,0,0,0,0
19749,1823,0,0,0,0,0,0,0,0,0
19750,1823,0,0,0,1,0,0,0,0,0
19751,1823,0,0,0,0,0,0,0,0,0
19752,1823,0,0,0,0,0,0,0,0,0
19753,1823,0,0,0,0,0,0,0,0,0
19754,1823,0,0,0,0,0,0,0,0,0
19755,1823,0,0,0,0,0,0,0,0,0
19756,1823,0,0,0,0,0,0,0,0,0
19757,1823,0,0,0,0,0,0,0,0,0
19758,1823,0,0,0,0,0,0,0,0,0
19759,1823,0,0,0,0,0,0,0,0,0
19760,1823,0,0,0,0,0,0,0,0,0
19761,1823,0,0,0,0,0,0,0,0,0
19762,1823,0,0,0,0,0,0,0,0,0
19763,1823,0,0,0,0,0,0,0,0,0
19764,1823,0,0,0,0,0,0,0,0,0
19765,1823,0,0,0,0,0,0,0,0,0
19766,1823,0,0,0,0,0,0,0,0,0
19767,1823,0,0,0,0,0,0,0,0,0
19768,1823,0,0,0,0,0,0,0,0,0
19769,1823,0,0,0,0,0,0,0,0,0
19770,1823,0,0,0,0,0,0,0,0,0
19771,1823,0,0,0,0,0,0,0,0,0
19772,1823,0,0,0,0,0,0,0,0,0
19773,1823,0,0,0,0,0,0,0,0,0
19774,1823,0,0,0,0,0,0,0,0,0
19775,1823,0,0,0,0,0,0,1,0,0
19776,1823,0,0,0,0,0,0,0,0,0
19777,1823,0,0,0,0,0,0,0,0,0
19778,1823,0,0,0,0,0,0,0,0,0
19779,1823,0,0,0,0,0,0,0,0,0
19780,1823,0,0,0,0,0,0,0,0,0
19781,1823,0,0,0,0,0,0,0,0,0
19782,1823,0,0,0,0,0,0,0,0,0
19783,1823,0,0,0,0,0,0,0,0,0
19784,1823,0,0,0,0,0,0,0,0,0
19785,1823,0,0,0,1,0,0,0,0,0
19786,1823,0,0,0,0,0,0,0,0,0
19787,1823,0,0,0,0,0,0,0,0,0
19788,1823,0,0,0,0,0,0,0,0,0
19789,1823,0,0,0,0,0,0,0,0,0
19790,1823,0,0,0,0,0,0,0,0,0
19791,1823,0,0,0,0,0,0,0,0,0
19792,1823,0,0,0,0,0,0,0,0,0
19793,1823,0,0,0,0,0,0,0,0,0
19794,1823,0,0,0,0,0,0,0,0,0
19795,1823,0,0,0,0,0,0,0,0,0
19796,1823,0,0,0,0,0,0,0,0,0
19797,1823,0,0,0,1,0,0,0,0,0
19798,1823,0,0,0,0,0,0,0,0,0
19799,1823,0,0,0,0,0,0,0,0,0
19800,1823,0,0,0,0,0,0,0,0,0
19801,1823,0,0,0,0,0,0,0,0,0
19802,1823,0,0,1,0,0,0,0,0,0
19803,1823,0,0,0,1,0,0,0,0,0
19804,1823,0,0,0,0,0,0,0,0,0
19805,1823,0,0,0,0,0,0,0,0,0
19806,1823,0,0,0,0,0,0,0,0,0
19807,1823,0,0,0,0,0,0,0,0,0
19808,1823,0,0,0,0,0,0,0,0,0
19809,1823,0,0,0,0,0,0,0,0,0
19810,1823,0,0,0,0,0,0,0,0,0
19811,1823,0,0,0,0,0,0,0,0,0
19812,1823,0,0,0,0,0,0,0,0,0
19813,1823,0,0,0,0,0,0,0,0,0
19814,1823,0,0,0,0,0,0,0,0,0
19815,1823,0,0,1,0,0,0,0,0,0
19816,1823,0,0,0,0,0,0,0,0,0
19817,1823,0,0,0,0,0,0,0,0,0
19818,1823,0,0,0,0,0,0,0,0,0
19819,1823,0,0,0,0,0,0,0,0,0
19820,1823,0,0,0,0,0,0,0,0,0
19821,1823,1,0,1,0,0,0,0,0,0
19822,1823,0,0,0,0,0,0,0,0,0
19823,1823,0,0,0,0,0,0,0,0,0
19824,1823,0,0,0,0,0,0,0,0,0
19825,1823,0,0,0,0,0,0,0,0,0
19826,1823,0,0,0,0,0,0,0,0,0
19827,1823,0,0,0,0,0,0,0,0,0
19828,1823,0,0,0,0,0,0,0,0,0
19829,1823,0,0,0,0,0,0,0,0,0
19830,1823,0,0,0,0,0,0,0,0,0
19831,1823,0,0,0,0,0,0,0,0,0
19832,1823,0,0,0,0,0,0,0,0,0
19833,1823,0,0,0,0,0,0,0,0,0
19834,1823,0,0,0,0,0,0,0,0,0
19835,1823,0,0,0,0,0,0,0,0,0
19836,1823,0,0,0,0,0,0,0,0,0
19837,1823,0,0,0,0,0,0,1,0,0
19838,1823,0,0,0,0,0,0,0,0,0
19839,1823,0,0,0,0,0,0,0,0,0
19840,1823,0,0,0,0,0,0,0,0,0
19841,1823,0,0,0,0,0,0,0,0,0
19842,1823,0,0,0,0,0,0,0,0,0
19843,1823,0,0,0,0,0,0,0,0,0
19844,1823,0,0,0,0,0,0,0,0,0
19845,1823,0,0,0,0,0,0,0,0,0
19846,1823,0,0,0,0,0,0,0,0,0
19847,1823,0,0,0,0,0,0,0,0,0
19848,1823,0,0,0,0,0,0,0,0,0
19849,1823,0,0,0,0,0,0,0,0,0
19850,1823,0,0,0,0,0,0,0,0,0
19851,1823,0,0,0,0,0,0,0,0,0
19852,1823,0,0,0,0,0,0,0,0,0
19853,1823,0,0,0,0,0,0,0,0,0
19854,1823,0,0,0,0,0,0,0,0,0
19855,1823,0,0,0,0,0,0,1,0,0
19856,1823,0,0,0,1,0,0,0,0,0
19857,1823,0,0,0,0,0,0,0,0,0
19858,1823,0,0,0,0,0,0,0,0,0
19859,1823,0,0,0,0,0,0,0,0,0
19860,1823,0,0,0,0,0,0,0,0,0
19861,1823,0,0,0,0,0,0,0,0,0
19862,1823,0,0,0,0,0,0,0,0,0
19863,1823,0,0,0,0,0,0,0,0,0
19864,1823,0,0,0,0,0,0,0,0,0
19865,1823,0,0,0,0,0,0,0,0,0
19866,1823,0,0,0,0,0,0,0,0,0
19867,1823,0,0,1,0,0,0,0,0,0
19868,1823,0,0,0,0,0,0,0,0,0
19869,1823,0,0,0,0,0,0,0,0,0
19870,1823,0,0,0,0,0,0,0,0,0
19871,1823,0,0,0,0,0,0,0,0,0
19872,1823,0,0,0,0,0,0,0,0,0
19873,1823,0,0,0,1,0,0,0,0,0
19874,1823,0,0,0,0,0,0,0,0,0
19875,1823,0,0,0,0,0,0,0,0,0
19876,1823,0,0,0,0,0,0,0,0,0
19877,1823,0,0,1,0,0,0,0,0,0
19878,1823,0,0,0,0,0,0,0,0,0
19879,1823,0,0,0,0,0,0,0,0,0
19880,1823,0,0,0,0,0,0,0,0,0
19881,1823,0,0,0,0,0,0,0,0,0
19882,1823,0,0,0,0,0,0,0,0,0
19883,1823,0,0,0,0,0,0,0,0,0
19884,1823,0,0,0,0,0,0,0,0,0
19885,1823,0,0,0,0,0,0,0,0,0
19886,1823,0,0,0,0,0,0,0,0,0
19887,1823,0,0,0,0,0,0,0,0,0
19888,1823,0,0,0,0,0,0,0,0,0
19889,1823,0,0,0,0,0,0,0,0,0
19890,1823,0,0,0,0,0,0,0,0,0
19891,1823,0,0,0,0,0,1,0,0,0
19892,1823,0,0,0,0,0,0,0,0,0
19893,1823,0,0,1,0,0,0,0,0,0
19894,1823,0,0,0,0,0,0,0,0,0
19895,1823,0,0,0,0,0,0,0,0,0
19896,1823,0,0,0,0,0,0,0,0,0
19897,1823,0,0,0,0,0,0,0,0,0
19898,1823,0,0,0,0,0,0,0,0,0
19899,1823,0,0,0,0,0,0,0,0,0
19900,1823,0,0,0,0,0,0,0,0,0
19901,1823,0,0,0,0,0,0,0,0,0
19902,1823,0,0,0,0,0,0,0,0,0
19903,1823,0,0,0,0,0,0,0,0,0
19904,1823,0,0,1,0,0,0,0,0,0
19905,1823,0,0,1,1,0,0,0,0,0
19906,1823,0,0,0,0,0,0,0,0,0
19907,1823,0,0,0,0,0,0,0,0,0
19908,1823,0,0,0,0,0,0,0,0,0
19909,1823,0,0,0,0,0,0,0,0,0
19910,1823,0,0,0,0,0,0,0,0,0
19911,1823,0,0,0,0,0,0,0,0,0
19912,1823,0,0,0,0,0,0,0,0,0
19913,1823,0,0,0,0,0,0,0,0,0
19914,1823,0,0,0,0,0,0,0,0,0
19915,1823,0,0,0,0,0,0,0,0,0
19916,1823,0,0,0,0,0,0,0,0,0
19917,1823,0,0,0,0,0,0,0,0,0
19918,1823,0,0,0,0,0,0,0,0,0
19919,1823,0,0,0,0,0,0,0,0,0
19920,1823,0,0,0,0,0,0,0,0,0
19921,1823,0,0,0,0,0,0,0,0,0
19922,1823,0,0,0,0,0,0,0,0,0
19923,1823,0,0,0,0,0,0,0,0,0
19924,1823,0,0,0,0,0,0,0,0,0
19925,1823,0,0,0,0,0,0,0,0,0
19926,1823,0,0,0,0,0,0,0,0,0
19927,1823,0,0,0,0,0,0,0,0,0
19928,1823,0,0,0,0,0,0,0,0,1
19929,1823,0,0,0,0,0,0,0,0,0
19930,1823,0,0,0,0,0,0,0,0,0
19931,1823,0,0,0,0,0,0,0,0,0
19932,1823,0,0,0,0,0,0,0,0,0
19933,1823,0,0,0,0,0,0,0,0,0
19934,1823,0,0,0,0,0,0,0,0,0
19935,1823,0,0,1,0,0,0,0,0,0
19936,1823,0,0,0,0,0,0,0,0,0
19937,1823,0,0,0,0,0,0,0,0,0
19938,1823,0,0,0,0,0,0,0,0,0
19939,1823,0,0,0,0,0,0,0,0,0
19940,1823,0,0,0,0,0,0,0,0,0
19941,1823,0,0,0,0,0,0,0,0,0
19942,1823,0,0,0,0,0,0,0,0,0
19943,1823,0,0,0,0,0,0,0,0,0
19944,1823,0,0,0,0,0,0,0,0,0
19945,1823,0,0,0,0,0,0,1,0,0
19946,1823,0,0,0,0,0,0,0,0,0
19947,1823,0,0,0,0,0,0,0,0,0
19948,1823,0,0,0,0,0,0,0,0,0
19949,1823,0,0,0,0,0,0,0,0,0
19950,1823,0,0,0,0,0,0,0,0,0
19951,1823,0,0,0,0,0,0,0,0,0
19952,1823,0,0,0,0,0,0,0,0,0
19953,1823,0,0,0,0,0,0,0,0,0
19954,1823,0,0,0,0,0,0,0,0,0
19955,1823,0,0,0,0,0,0,0,0,0
19956,1823,0,0,0,0,0,0,0,0,0
19957,1823,0,0,0,0,0,0,0,0,0
19958,1823,0,0,0,0,0,0,0,0,0
19959,1823,0,0,0,0,0,0,0,0,0
19960,1823,0,0,0,0,0,0,0,0,0
19961,1823,0,0,0,0,0,0,0,0,0
19962,1823,0,0,0,0,0,0,0,0,0
19963,1823,0,0,0,0,0,0,0,0,0
19964,1823,0,0,0,0,0,0,0,0,0
19965,1823,0,0,0,0,0,0,0,0,0
19966,1823,0,0,0,0,0,0,0,0,0
19967,1823,0,0,0,0,0,0,0,0,0
19968,1823,0,0,0,0,0,0,0,0,0
19969,1823,0,0,0,0,0,0,0,0,0
19970,1823,0,0,0,0,0,0,0,0,0
19971,1823,0,0,0,0,0,0,0,0,0
19972,1823,0,0,0,0,0,0,1,0,0
19973,1823,0,0,0,0,0,0,0,0,0
19974,1823,0,0,0,0,0,0,0,0,0
19975,1823,0,0,0,0,0,0,0,0,0
19976,1823,0,0,0,0,0,0,0,0,0
19977,1823,0,0,0,0,0,0,0,0,0
19978,1823,0,0,0,0,0,0,0,0,0
19979,1823,0,0,0,0,0,0,0,0,0
19980,1823,0,0,0,0,0,0,0,0,0
19981,1823,0,0,0,0,0,0,0,0,0
19982,1823,0,0,0,0,0,0,0,0,0
19983,1823,0,0,0,0,0,0,0,0,0
19984,1823,0,0,0,0,0,0,0,0,0
19985,1823,0,0,0,0,0,0,0,0,0
19986,1823,0,0,0,0,0,0,0,0,0
19987,1823,0,0,0,0,0,0,0,0,0
19988,1823,0,0,0,0,0,0,0,0,0
19989,1823,0,0,0,0,0,0,0,0,0
19990,1823,0,0,0,0,0,0,0,0,0
19991,1823,0,0,0,0,0,0,0,0,0
19992,1823,0,0,0,0,0,0,0,0,0
19993,1823,0,0,0,0,0,0,0,0,0
19994,1823,0,0,0,0,0,0,0,0,0
19995,1823,0,0,0,0,0,0,0,0,0
19996,1823,0,0,0,0,0,0,0,0,0
19997,1823,0,0,0,0,0,0,0,0,0
19998,1823,0,0,0,0,0,0,0,0,0
19999,1823,0,0,0,0,0,0,0,0,0
